-- MySQL dump 10.13  Distrib 5.7.32, for Linux (x86_64)
--
-- Host: localhost    Database: libremaint
-- ------------------------------------------------------
-- Server version	5.7.32-0ubuntu0.18.04.1

/*!40101 SET @OLD_CHARACTER_SET_CLIENT=@@CHARACTER_SET_CLIENT */;
/*!40101 SET @OLD_CHARACTER_SET_RESULTS=@@CHARACTER_SET_RESULTS */;
/*!40101 SET @OLD_COLLATION_CONNECTION=@@COLLATION_CONNECTION */;
/*!40101 SET NAMES utf8 */;
/*!40103 SET @OLD_TIME_ZONE=@@TIME_ZONE */;
/*!40103 SET TIME_ZONE='+00:00' */;
/*!40014 SET @OLD_UNIQUE_CHECKS=@@UNIQUE_CHECKS, UNIQUE_CHECKS=0 */;
/*!40014 SET @OLD_FOREIGN_KEY_CHECKS=@@FOREIGN_KEY_CHECKS, FOREIGN_KEY_CHECKS=0 */;
/*!40101 SET @OLD_SQL_MODE=@@SQL_MODE, SQL_MODE='NO_AUTO_VALUE_ON_ZERO' */;
/*!40111 SET @OLD_SQL_NOTES=@@SQL_NOTES, SQL_NOTES=0 */;

--
-- Table structure for table `assets`
--

DROP TABLE IF EXISTS `assets`;
/*!40101 SET @saved_cs_client     = @@character_set_client */;
/*!40101 SET character_set_client = utf8 */;
CREATE TABLE `assets` (
  `asset_id` int(10) unsigned NOT NULL AUTO_INCREMENT,
  `asset_name_hu` varchar(45) CHARACTER SET utf8 NOT NULL,
  `asset_name_en` varchar(45) CHARACTER SET utf8 DEFAULT NULL,
  `asset_parent_id` int(11) DEFAULT '0',
  `asset_category_id` int(10) unsigned DEFAULT NULL,
  `asset_location` smallint(5) unsigned DEFAULT NULL,
  `asset_subcategory_id` smallint(5) unsigned DEFAULT NULL,
  `asset_product_id` smallint(5) unsigned DEFAULT NULL,
  `asset_article` varchar(45) CHARACTER SET utf8 DEFAULT NULL,
  `info_file_id1` smallint(6) unsigned DEFAULT NULL,
  `info_file_id2` smallint(6) unsigned DEFAULT NULL,
  `info_file_id3` smallint(6) unsigned DEFAULT NULL,
  `info_file_id4` smallint(6) unsigned DEFAULT NULL,
  `info_file_id5` smallint(6) unsigned DEFAULT NULL,
  `info_file_id6` smallint(6) unsigned DEFAULT NULL,
  `connection_id1` smallint(3) unsigned DEFAULT NULL,
  `connection_type1` smallint(3) unsigned DEFAULT NULL,
  `connection_id2` smallint(3) unsigned DEFAULT NULL,
  `connection_type2` smallint(3) unsigned DEFAULT NULL,
  `main_asset_category_id` smallint(3) unsigned DEFAULT NULL,
  `asset_note` varchar(500) COLLATE utf8_hungarian_ci DEFAULT NULL,
  `asset_note_conf` varchar(200) COLLATE utf8_hungarian_ci DEFAULT NULL,
  `main_part` tinyint(1) unsigned DEFAULT NULL,
  `info_file_id7` smallint(6) unsigned DEFAULT NULL,
  `info_file_id8` smallint(6) unsigned DEFAULT NULL,
  `info_file_id9` smallint(6) unsigned DEFAULT NULL,
  `info_file_id10` smallint(6) unsigned DEFAULT NULL,
  `info_file_id11` smallint(6) unsigned DEFAULT NULL,
  `info_file_id12` smallint(6) unsigned DEFAULT NULL,
  `info_file_id13` smallint(6) unsigned DEFAULT NULL,
  `info_file_id14` smallint(6) unsigned DEFAULT NULL,
  `info_file_id15` smallint(6) unsigned DEFAULT NULL,
  `info_file_id16` smallint(6) unsigned DEFAULT NULL,
  `info_file_id17` smallint(6) unsigned DEFAULT NULL,
  `info_file_id18` smallint(6) unsigned DEFAULT NULL,
  `info_file_id19` smallint(6) unsigned DEFAULT NULL,
  `info_file_id20` smallint(6) unsigned DEFAULT NULL,
  `info_file_id21` smallint(6) unsigned DEFAULT NULL,
  `info_file_id22` smallint(6) unsigned DEFAULT NULL,
  `info_file_id23` smallint(6) unsigned DEFAULT NULL,
  `info_file_id24` smallint(6) unsigned DEFAULT NULL,
  `info_file_id25` smallint(6) unsigned DEFAULT NULL,
  `info_file_id26` smallint(6) unsigned DEFAULT NULL,
  `info_file_id27` smallint(6) unsigned DEFAULT NULL,
  `info_file_id28` smallint(6) unsigned DEFAULT NULL,
  `info_file_id29` smallint(6) unsigned DEFAULT NULL,
  `info_file_id30` smallint(6) unsigned DEFAULT NULL,
  `info_file_id31` smallint(6) unsigned DEFAULT NULL,
  `info_file_id32` smallint(6) unsigned DEFAULT NULL,
  `info_file_id33` smallint(6) unsigned DEFAULT NULL,
  `info_file_id34` smallint(6) unsigned DEFAULT NULL,
  `info_file_id35` smallint(6) unsigned DEFAULT NULL,
  `info_file_id36` smallint(6) unsigned DEFAULT NULL,
  `info_file_id37` smallint(6) unsigned DEFAULT NULL,
  `info_file_id38` smallint(6) unsigned DEFAULT NULL,
  `info_file_id39` smallint(6) unsigned DEFAULT NULL,
  `info_file_id40` smallint(6) unsigned DEFAULT NULL,
  PRIMARY KEY (`asset_id`),
  KEY `info_file_id1` (`info_file_id1`),
  KEY `info_file_id2` (`info_file_id2`),
  KEY `info_file_id3` (`info_file_id3`),
  KEY `info_file_id4` (`info_file_id4`),
  KEY `info_file_id5` (`info_file_id5`),
  KEY `info_file_id6` (`info_file_id6`),
  KEY `info_file_id7` (`info_file_id7`),
  KEY `info_file_id8` (`info_file_id8`),
  KEY `info_file_id9` (`info_file_id9`),
  KEY `info_file_id10` (`info_file_id10`),
  KEY `info_file_id11` (`info_file_id11`),
  KEY `info_file_id12` (`info_file_id12`),
  KEY `info_file_id13` (`info_file_id13`),
  KEY `info_file_id14` (`info_file_id14`),
  KEY `info_file_id15` (`info_file_id15`),
  KEY `info_file_id16` (`info_file_id16`),
  KEY `info_file_id17` (`info_file_id17`),
  KEY `info_file_id18` (`info_file_id18`),
  KEY `info_file_id19` (`info_file_id19`),
  KEY `info_file_id20` (`info_file_id20`),
  KEY `info_file_id21` (`info_file_id21`),
  KEY `info_file_id22` (`info_file_id22`),
  KEY `info_file_id23` (`info_file_id23`),
  KEY `info_file_id24` (`info_file_id24`),
  KEY `info_file_id25` (`info_file_id25`),
  KEY `info_file_id26` (`info_file_id26`),
  KEY `info_file_id27` (`info_file_id27`),
  KEY `info_file_id28` (`info_file_id28`),
  KEY `info_file_id29` (`info_file_id29`),
  KEY `info_file_id30` (`info_file_id30`),
  KEY `info_file_id31` (`info_file_id31`),
  KEY `info_file_id32` (`info_file_id32`),
  KEY `info_file_id33` (`info_file_id33`),
  KEY `info_file_id34` (`info_file_id34`),
  KEY `info_file_id35` (`info_file_id35`),
  KEY `info_file_id36` (`info_file_id36`),
  KEY `info_file_id37` (`info_file_id37`),
  KEY `info_file_id38` (`info_file_id38`),
  KEY `info_file_id39` (`info_file_id39`),
  KEY `info_file_id40` (`info_file_id40`)
) ENGINE=InnoDB AUTO_INCREMENT=598 DEFAULT CHARSET=utf8 COLLATE=utf8_hungarian_ci;
/*!40101 SET character_set_client = @saved_cs_client */;

--
-- Dumping data for table `assets`
--

LOCK TABLES `assets` WRITE;
/*!40000 ALTER TABLE `assets` DISABLE KEYS */;
INSERT INTO `assets` VALUES (1,'Alpha3','Alpha3',0,NULL,2,NULL,NULL,'MR004',NULL,NULL,NULL,NULL,NULL,NULL,NULL,NULL,NULL,NULL,1,NULL,NULL,NULL,NULL,NULL,NULL,NULL,NULL,NULL,NULL,NULL,NULL,NULL,NULL,NULL,NULL,NULL,NULL,NULL,NULL,NULL,NULL,NULL,NULL,NULL,NULL,NULL,NULL,NULL,NULL,NULL,NULL,NULL,NULL,NULL,NULL,NULL),(2,'Letekercselő','Unwinder',1,NULL,0,NULL,NULL,'',NULL,NULL,NULL,NULL,NULL,NULL,NULL,NULL,NULL,NULL,NULL,NULL,NULL,NULL,NULL,NULL,NULL,NULL,NULL,NULL,NULL,NULL,NULL,NULL,NULL,NULL,NULL,NULL,NULL,NULL,NULL,NULL,NULL,NULL,NULL,NULL,NULL,NULL,NULL,NULL,NULL,NULL,NULL,NULL,NULL,NULL,NULL,NULL),(3,'Főhajtás','Main drive',1,NULL,0,NULL,NULL,'',NULL,NULL,NULL,NULL,NULL,NULL,NULL,NULL,NULL,NULL,NULL,NULL,NULL,1,NULL,NULL,NULL,NULL,NULL,NULL,NULL,NULL,NULL,NULL,NULL,NULL,NULL,NULL,NULL,NULL,NULL,NULL,NULL,NULL,NULL,NULL,NULL,NULL,NULL,NULL,NULL,NULL,NULL,NULL,NULL,NULL,NULL,NULL),(4,'Belső feltekercselő','Inner rewinder',229,NULL,0,NULL,NULL,'',NULL,NULL,NULL,NULL,NULL,NULL,NULL,NULL,NULL,NULL,NULL,NULL,NULL,1,NULL,NULL,NULL,NULL,NULL,NULL,NULL,NULL,NULL,NULL,NULL,NULL,NULL,NULL,NULL,NULL,NULL,NULL,NULL,NULL,NULL,NULL,NULL,NULL,NULL,NULL,NULL,NULL,NULL,NULL,NULL,NULL,NULL,NULL),(5,'Villanymotor','Elektric motor',3,1,0,0,1,'',NULL,NULL,NULL,NULL,NULL,NULL,NULL,NULL,NULL,NULL,NULL,NULL,NULL,NULL,NULL,NULL,NULL,NULL,NULL,NULL,NULL,NULL,NULL,NULL,NULL,NULL,NULL,NULL,NULL,NULL,NULL,NULL,NULL,NULL,NULL,NULL,NULL,NULL,NULL,NULL,NULL,NULL,NULL,NULL,NULL,NULL,NULL,NULL),(6,'tartó','mounting bracket',5,NULL,0,NULL,NULL,'',NULL,NULL,NULL,NULL,NULL,NULL,NULL,NULL,NULL,NULL,NULL,NULL,NULL,NULL,NULL,NULL,NULL,NULL,NULL,NULL,NULL,NULL,NULL,NULL,NULL,NULL,NULL,NULL,NULL,NULL,NULL,NULL,NULL,NULL,NULL,NULL,NULL,NULL,NULL,NULL,NULL,NULL,NULL,NULL,NULL,NULL,NULL,NULL),(7,'fogasszíj tárcsa','timing pulley',17,NULL,0,NULL,NULL,'',NULL,NULL,NULL,NULL,NULL,NULL,NULL,NULL,NULL,NULL,NULL,NULL,NULL,NULL,NULL,NULL,NULL,NULL,NULL,NULL,NULL,NULL,NULL,NULL,NULL,NULL,NULL,NULL,NULL,NULL,NULL,NULL,NULL,NULL,NULL,NULL,NULL,NULL,NULL,NULL,NULL,NULL,NULL,NULL,NULL,NULL,NULL,NULL),(8,'fogasszíj','timing belt',7,29,0,0,2,'',NULL,NULL,NULL,NULL,NULL,NULL,NULL,NULL,NULL,NULL,NULL,NULL,NULL,NULL,NULL,NULL,NULL,NULL,NULL,NULL,NULL,NULL,NULL,NULL,NULL,NULL,NULL,NULL,NULL,NULL,NULL,NULL,NULL,NULL,NULL,NULL,NULL,NULL,NULL,NULL,NULL,NULL,NULL,NULL,NULL,NULL,NULL,NULL),(9,'Villanymotor','Elektric motor',4,1,0,0,1,'',NULL,NULL,NULL,NULL,NULL,NULL,NULL,NULL,NULL,NULL,NULL,NULL,NULL,1,NULL,NULL,NULL,NULL,NULL,NULL,NULL,NULL,NULL,NULL,NULL,NULL,NULL,NULL,NULL,NULL,NULL,NULL,NULL,NULL,NULL,NULL,NULL,NULL,NULL,NULL,NULL,NULL,NULL,NULL,NULL,NULL,NULL,NULL),(10,'fogasszíj tárcsa','timing pulley',8,28,0,0,3,'',NULL,NULL,NULL,NULL,NULL,NULL,NULL,NULL,NULL,NULL,NULL,NULL,NULL,NULL,NULL,NULL,NULL,NULL,NULL,NULL,NULL,NULL,NULL,NULL,NULL,NULL,NULL,NULL,NULL,NULL,NULL,NULL,NULL,NULL,NULL,NULL,NULL,NULL,NULL,NULL,NULL,NULL,NULL,NULL,NULL,NULL,NULL,NULL),(11,'Frekvenciaváltó','Inverter',4,NULL,0,NULL,NULL,'',NULL,NULL,NULL,NULL,NULL,NULL,NULL,NULL,NULL,NULL,NULL,NULL,NULL,NULL,NULL,NULL,NULL,NULL,NULL,NULL,NULL,NULL,NULL,NULL,NULL,NULL,NULL,NULL,NULL,NULL,NULL,NULL,NULL,NULL,NULL,NULL,NULL,NULL,NULL,NULL,NULL,NULL,NULL,NULL,NULL,NULL,NULL,NULL),(12,'Frekvenciaváltó 30-A1','Inverter 30-A1',3,37,0,0,11,'',NULL,NULL,NULL,NULL,NULL,NULL,NULL,NULL,NULL,NULL,NULL,NULL,NULL,NULL,NULL,NULL,NULL,NULL,NULL,NULL,NULL,NULL,NULL,NULL,NULL,NULL,NULL,NULL,NULL,NULL,NULL,NULL,NULL,NULL,NULL,NULL,NULL,NULL,NULL,NULL,NULL,NULL,NULL,NULL,NULL,NULL,NULL,NULL),(13,'Hidraulika tápegység','Hydraulic power pack',245,NULL,0,NULL,NULL,'',NULL,NULL,NULL,NULL,NULL,NULL,NULL,NULL,NULL,NULL,NULL,NULL,NULL,1,NULL,NULL,NULL,NULL,NULL,NULL,NULL,NULL,NULL,NULL,NULL,NULL,NULL,NULL,NULL,NULL,NULL,NULL,NULL,NULL,NULL,NULL,NULL,NULL,NULL,NULL,NULL,NULL,NULL,NULL,NULL,NULL,NULL,NULL),(14,'Villanymotor','Elektric motor',13,1,0,0,13,'',NULL,NULL,NULL,NULL,NULL,NULL,NULL,NULL,NULL,NULL,NULL,NULL,NULL,NULL,NULL,NULL,NULL,NULL,NULL,NULL,NULL,NULL,NULL,NULL,NULL,NULL,NULL,NULL,NULL,NULL,NULL,NULL,NULL,NULL,NULL,NULL,NULL,NULL,NULL,NULL,NULL,NULL,NULL,NULL,NULL,NULL,NULL,NULL),(15,'Tengelykapcsoló','Coupling',14,NULL,0,NULL,NULL,'',NULL,NULL,NULL,NULL,NULL,NULL,NULL,NULL,NULL,NULL,NULL,NULL,NULL,NULL,NULL,NULL,NULL,NULL,NULL,NULL,NULL,NULL,NULL,NULL,NULL,NULL,NULL,NULL,NULL,NULL,NULL,NULL,NULL,NULL,NULL,NULL,NULL,NULL,NULL,NULL,NULL,NULL,NULL,NULL,NULL,NULL,NULL,NULL),(16,'Szivattyú','Pump',15,38,0,0,12,'',NULL,NULL,NULL,NULL,NULL,NULL,NULL,NULL,NULL,NULL,NULL,NULL,NULL,NULL,NULL,NULL,NULL,NULL,NULL,NULL,NULL,NULL,NULL,NULL,NULL,NULL,NULL,NULL,NULL,NULL,NULL,NULL,NULL,NULL,NULL,NULL,NULL,NULL,NULL,NULL,NULL,NULL,NULL,NULL,NULL,NULL,NULL,NULL),(17,'kúpos szorító','tapesr lock bush',5,33,0,0,0,'',NULL,NULL,NULL,NULL,NULL,NULL,NULL,NULL,NULL,NULL,NULL,NULL,NULL,NULL,NULL,NULL,NULL,NULL,NULL,NULL,NULL,NULL,NULL,NULL,NULL,NULL,NULL,NULL,NULL,NULL,NULL,NULL,NULL,NULL,NULL,NULL,NULL,NULL,NULL,NULL,NULL,NULL,NULL,NULL,NULL,NULL,NULL,NULL),(18,'kúpos szorító','taper lock bush',10,NULL,0,NULL,NULL,'',NULL,NULL,NULL,NULL,NULL,NULL,NULL,NULL,NULL,NULL,NULL,NULL,NULL,NULL,NULL,NULL,NULL,NULL,NULL,NULL,NULL,NULL,NULL,NULL,NULL,NULL,NULL,NULL,NULL,NULL,NULL,NULL,NULL,NULL,NULL,NULL,NULL,NULL,NULL,NULL,NULL,NULL,NULL,NULL,NULL,NULL,NULL,NULL),(19,'húzóhenger','pull roll',18,NULL,0,NULL,NULL,'',NULL,NULL,NULL,NULL,NULL,NULL,NULL,NULL,NULL,NULL,NULL,NULL,NULL,NULL,NULL,NULL,NULL,NULL,NULL,NULL,NULL,NULL,NULL,NULL,NULL,NULL,NULL,NULL,NULL,NULL,NULL,NULL,NULL,NULL,NULL,NULL,NULL,NULL,NULL,NULL,NULL,NULL,NULL,NULL,NULL,NULL,NULL,NULL),(20,'kúpos szorító','taper lock bush',19,33,0,0,4,'',NULL,NULL,NULL,NULL,NULL,NULL,NULL,NULL,NULL,NULL,NULL,NULL,NULL,NULL,NULL,NULL,NULL,NULL,NULL,NULL,NULL,NULL,NULL,NULL,NULL,NULL,NULL,NULL,NULL,NULL,NULL,NULL,NULL,NULL,NULL,NULL,NULL,NULL,NULL,NULL,NULL,NULL,NULL,NULL,NULL,NULL,NULL,NULL),(21,'fogasszíj tárcsa','timing pulley',20,28,0,0,3,'',NULL,NULL,NULL,NULL,NULL,NULL,NULL,NULL,NULL,NULL,NULL,NULL,NULL,NULL,NULL,NULL,NULL,NULL,NULL,NULL,NULL,NULL,NULL,NULL,NULL,NULL,NULL,NULL,NULL,NULL,NULL,NULL,NULL,NULL,NULL,NULL,NULL,NULL,NULL,NULL,NULL,NULL,NULL,NULL,NULL,NULL,NULL,NULL),(22,'dupla fogasszíj','double timing belt',21,29,0,0,5,'',NULL,NULL,NULL,NULL,NULL,NULL,NULL,NULL,NULL,NULL,NULL,NULL,NULL,NULL,NULL,NULL,NULL,NULL,NULL,NULL,NULL,NULL,NULL,NULL,NULL,NULL,NULL,NULL,NULL,NULL,NULL,NULL,NULL,NULL,NULL,NULL,NULL,NULL,NULL,NULL,NULL,NULL,NULL,NULL,NULL,NULL,NULL,NULL),(23,'szivattyú-motor tarttó','pump-motor holder',13,34,0,0,7,'',NULL,NULL,NULL,NULL,NULL,NULL,NULL,NULL,NULL,NULL,NULL,NULL,NULL,NULL,NULL,NULL,NULL,NULL,NULL,NULL,NULL,NULL,NULL,NULL,NULL,NULL,NULL,NULL,NULL,NULL,NULL,NULL,NULL,NULL,NULL,NULL,NULL,NULL,NULL,NULL,NULL,NULL,NULL,NULL,NULL,NULL,NULL,NULL),(24,'szivattyúbak','bell housing',23,NULL,0,NULL,NULL,'',NULL,NULL,NULL,NULL,NULL,NULL,NULL,NULL,NULL,NULL,NULL,NULL,NULL,NULL,NULL,NULL,NULL,NULL,NULL,NULL,NULL,NULL,NULL,NULL,NULL,NULL,NULL,NULL,NULL,NULL,NULL,NULL,NULL,NULL,NULL,NULL,NULL,NULL,NULL,NULL,NULL,NULL,NULL,NULL,NULL,NULL,NULL,NULL),(25,'Belső kocsi','Internal trolley',1,NULL,0,NULL,NULL,'',NULL,NULL,NULL,NULL,NULL,NULL,NULL,NULL,NULL,NULL,NULL,NULL,NULL,1,NULL,NULL,NULL,NULL,NULL,NULL,NULL,NULL,NULL,NULL,NULL,NULL,NULL,NULL,NULL,NULL,NULL,NULL,NULL,NULL,NULL,NULL,NULL,NULL,NULL,NULL,NULL,NULL,NULL,NULL,NULL,NULL,NULL,NULL),(26,'Külső kocsi','External trolley',1,NULL,0,NULL,NULL,'',NULL,NULL,NULL,NULL,NULL,NULL,NULL,NULL,NULL,NULL,NULL,NULL,NULL,1,NULL,NULL,NULL,NULL,NULL,NULL,NULL,NULL,NULL,NULL,NULL,NULL,NULL,NULL,NULL,NULL,NULL,NULL,NULL,NULL,NULL,NULL,NULL,NULL,NULL,NULL,NULL,NULL,NULL,NULL,NULL,NULL,NULL,NULL),(27,'ollós emelőasztal','hydraulic scissor lift',25,36,0,0,8,'',NULL,NULL,NULL,NULL,NULL,NULL,NULL,NULL,NULL,NULL,NULL,NULL,NULL,NULL,NULL,NULL,NULL,NULL,NULL,NULL,NULL,NULL,NULL,NULL,NULL,NULL,NULL,NULL,NULL,NULL,NULL,NULL,NULL,NULL,NULL,NULL,NULL,NULL,NULL,NULL,NULL,NULL,NULL,NULL,NULL,NULL,NULL,NULL),(28,'Alpha2','Alpha2',0,NULL,2,NULL,NULL,'',NULL,NULL,NULL,NULL,NULL,NULL,NULL,NULL,NULL,NULL,1,NULL,NULL,NULL,NULL,NULL,NULL,NULL,NULL,NULL,NULL,NULL,NULL,NULL,NULL,NULL,NULL,NULL,NULL,NULL,NULL,NULL,NULL,NULL,NULL,NULL,NULL,NULL,NULL,NULL,NULL,NULL,NULL,NULL,NULL,NULL,NULL,NULL),(29,'Késállító','Knife settings',28,NULL,0,NULL,NULL,'',NULL,NULL,NULL,NULL,NULL,NULL,NULL,NULL,NULL,NULL,NULL,NULL,NULL,NULL,NULL,NULL,NULL,NULL,NULL,NULL,NULL,NULL,NULL,NULL,NULL,NULL,NULL,NULL,NULL,NULL,NULL,NULL,NULL,NULL,NULL,NULL,NULL,NULL,NULL,NULL,NULL,NULL,NULL,NULL,NULL,NULL,NULL,NULL),(30,'Felső késállító','Male knife settings',29,NULL,0,NULL,NULL,'',NULL,NULL,NULL,NULL,NULL,NULL,NULL,NULL,NULL,NULL,NULL,NULL,NULL,1,NULL,NULL,NULL,NULL,NULL,NULL,NULL,NULL,NULL,NULL,NULL,NULL,NULL,NULL,NULL,NULL,NULL,NULL,NULL,NULL,NULL,NULL,NULL,NULL,NULL,NULL,NULL,NULL,NULL,NULL,NULL,NULL,NULL,NULL),(31,'Lineáris mozgató','Linear actuator',30,13,0,NULL,30,'',NULL,NULL,NULL,NULL,NULL,NULL,NULL,NULL,NULL,NULL,NULL,NULL,NULL,NULL,NULL,NULL,NULL,NULL,NULL,NULL,NULL,NULL,NULL,NULL,NULL,NULL,NULL,NULL,NULL,NULL,NULL,NULL,NULL,NULL,NULL,NULL,NULL,NULL,NULL,NULL,NULL,NULL,NULL,NULL,NULL,NULL,NULL,NULL),(32,'felsőkés érzékelő','male knife detect sensor',31,3,0,0,9,'',NULL,NULL,NULL,NULL,NULL,NULL,NULL,NULL,NULL,NULL,NULL,NULL,NULL,NULL,NULL,NULL,NULL,NULL,NULL,NULL,NULL,NULL,NULL,NULL,NULL,NULL,NULL,NULL,NULL,NULL,NULL,NULL,NULL,NULL,NULL,NULL,NULL,NULL,NULL,NULL,NULL,NULL,NULL,NULL,NULL,NULL,NULL,NULL),(33,'Késállítás','Knife settings',1,NULL,0,NULL,NULL,'',NULL,NULL,NULL,NULL,NULL,NULL,NULL,NULL,NULL,NULL,NULL,NULL,NULL,NULL,NULL,NULL,NULL,NULL,NULL,NULL,NULL,NULL,NULL,NULL,NULL,NULL,NULL,NULL,NULL,NULL,NULL,NULL,NULL,NULL,NULL,NULL,NULL,NULL,NULL,NULL,NULL,NULL,NULL,NULL,NULL,NULL,NULL,NULL),(34,'Felső kés','Male knife',33,NULL,0,NULL,NULL,'',NULL,NULL,NULL,NULL,NULL,NULL,NULL,NULL,NULL,NULL,NULL,NULL,NULL,1,NULL,NULL,NULL,NULL,NULL,NULL,NULL,NULL,NULL,NULL,NULL,NULL,NULL,NULL,NULL,NULL,NULL,NULL,NULL,NULL,NULL,NULL,NULL,NULL,NULL,NULL,NULL,NULL,NULL,NULL,NULL,NULL,NULL,NULL),(35,'kocsi','carriage',34,13,0,NULL,30,'',NULL,NULL,NULL,NULL,NULL,NULL,NULL,NULL,NULL,NULL,NULL,NULL,NULL,NULL,NULL,NULL,NULL,NULL,NULL,NULL,NULL,NULL,NULL,NULL,NULL,NULL,NULL,NULL,NULL,NULL,NULL,NULL,NULL,NULL,NULL,NULL,NULL,NULL,NULL,NULL,NULL,NULL,NULL,NULL,NULL,NULL,NULL,NULL),(36,'késérzékelő','knife sensor',35,3,0,0,10,'',NULL,NULL,NULL,NULL,NULL,NULL,NULL,NULL,NULL,NULL,NULL,NULL,NULL,NULL,NULL,NULL,NULL,NULL,NULL,NULL,NULL,NULL,NULL,NULL,NULL,NULL,NULL,NULL,NULL,NULL,NULL,NULL,NULL,NULL,NULL,NULL,NULL,NULL,NULL,NULL,NULL,NULL,NULL,NULL,NULL,NULL,NULL,NULL),(37,'Szűrők','Filters',13,NULL,0,NULL,NULL,'',NULL,NULL,NULL,NULL,NULL,NULL,NULL,NULL,NULL,NULL,NULL,NULL,NULL,NULL,NULL,NULL,NULL,NULL,NULL,NULL,NULL,NULL,NULL,NULL,NULL,NULL,NULL,NULL,NULL,NULL,NULL,NULL,NULL,NULL,NULL,NULL,NULL,NULL,NULL,NULL,NULL,NULL,NULL,NULL,NULL,NULL,NULL,NULL),(38,'nyomóági','pressure line',37,40,0,0,6,'',NULL,NULL,NULL,NULL,NULL,NULL,NULL,NULL,NULL,NULL,NULL,NULL,NULL,NULL,NULL,NULL,NULL,NULL,NULL,NULL,NULL,NULL,NULL,NULL,NULL,NULL,NULL,NULL,NULL,NULL,NULL,NULL,NULL,NULL,NULL,NULL,NULL,NULL,NULL,NULL,NULL,NULL,NULL,NULL,NULL,NULL,NULL,NULL),(39,'visszafolyóági','return line',37,40,0,0,15,'',NULL,NULL,NULL,NULL,NULL,NULL,NULL,NULL,NULL,NULL,NULL,NULL,NULL,NULL,NULL,NULL,NULL,NULL,NULL,NULL,NULL,NULL,NULL,NULL,NULL,NULL,NULL,NULL,NULL,NULL,NULL,NULL,NULL,NULL,NULL,NULL,NULL,NULL,NULL,NULL,NULL,NULL,NULL,NULL,NULL,NULL,NULL,NULL),(40,'betét','element',38,40,0,0,14,'',6,NULL,NULL,NULL,NULL,NULL,NULL,NULL,NULL,NULL,NULL,NULL,NULL,NULL,NULL,NULL,NULL,NULL,NULL,NULL,NULL,NULL,NULL,NULL,NULL,NULL,NULL,NULL,NULL,NULL,NULL,NULL,NULL,NULL,NULL,NULL,NULL,NULL,NULL,NULL,NULL,NULL,NULL,NULL,NULL,NULL,NULL,NULL),(41,'betét','element',39,40,0,0,16,'',NULL,NULL,NULL,NULL,NULL,NULL,NULL,NULL,NULL,NULL,NULL,NULL,NULL,NULL,NULL,NULL,NULL,NULL,NULL,NULL,NULL,NULL,NULL,NULL,NULL,NULL,NULL,NULL,NULL,NULL,NULL,NULL,NULL,NULL,NULL,NULL,NULL,NULL,NULL,NULL,NULL,NULL,NULL,NULL,NULL,NULL,NULL,NULL),(42,'ICO hotmelt','ICO hotmelt',0,NULL,3,NULL,NULL,'',NULL,NULL,NULL,NULL,NULL,NULL,NULL,NULL,NULL,NULL,1,NULL,NULL,NULL,NULL,NULL,NULL,NULL,NULL,NULL,NULL,NULL,NULL,NULL,NULL,NULL,NULL,NULL,NULL,NULL,NULL,NULL,NULL,NULL,NULL,NULL,NULL,NULL,NULL,NULL,NULL,NULL,NULL,NULL,NULL,NULL,NULL,NULL),(43,'kasírozó','calander',42,NULL,0,NULL,NULL,'',NULL,NULL,NULL,NULL,NULL,NULL,NULL,NULL,NULL,NULL,NULL,NULL,NULL,0,NULL,NULL,NULL,NULL,NULL,NULL,NULL,NULL,NULL,NULL,NULL,NULL,NULL,NULL,NULL,NULL,NULL,NULL,NULL,NULL,NULL,NULL,NULL,NULL,NULL,NULL,NULL,NULL,NULL,NULL,NULL,NULL,NULL,NULL),(44,'henger','cylinder',43,NULL,0,NULL,NULL,'',NULL,NULL,NULL,NULL,NULL,NULL,NULL,NULL,NULL,NULL,NULL,NULL,NULL,1,NULL,NULL,NULL,NULL,NULL,NULL,NULL,NULL,NULL,NULL,NULL,NULL,NULL,NULL,NULL,NULL,NULL,NULL,NULL,NULL,NULL,NULL,NULL,NULL,NULL,NULL,NULL,NULL,NULL,NULL,NULL,NULL,NULL,NULL),(45,'csapágyak (2db)','bearings (2pcs)',44,6,0,0,17,'',NULL,NULL,NULL,NULL,NULL,NULL,NULL,NULL,NULL,NULL,NULL,NULL,NULL,NULL,NULL,NULL,NULL,NULL,NULL,NULL,NULL,NULL,NULL,NULL,NULL,NULL,NULL,NULL,NULL,NULL,NULL,NULL,NULL,NULL,NULL,NULL,NULL,NULL,NULL,NULL,NULL,NULL,NULL,NULL,NULL,NULL,NULL,NULL),(46,'bevonó','coater',42,NULL,0,NULL,NULL,'',20,NULL,NULL,NULL,NULL,NULL,NULL,NULL,NULL,NULL,NULL,NULL,NULL,NULL,NULL,NULL,NULL,NULL,NULL,NULL,NULL,NULL,NULL,NULL,NULL,NULL,NULL,NULL,NULL,NULL,NULL,NULL,NULL,NULL,NULL,NULL,NULL,NULL,NULL,NULL,NULL,NULL,NULL,NULL,NULL,NULL,NULL,NULL),(47,'Valco bevonófej','Valco coating casette',46,NULL,0,NULL,NULL,'',NULL,NULL,NULL,NULL,NULL,NULL,NULL,NULL,NULL,NULL,NULL,NULL,NULL,1,NULL,NULL,NULL,NULL,NULL,NULL,NULL,NULL,NULL,NULL,NULL,NULL,NULL,NULL,NULL,NULL,NULL,NULL,NULL,NULL,NULL,NULL,NULL,NULL,NULL,NULL,NULL,NULL,NULL,NULL,NULL,NULL,NULL,NULL),(48,'nyomóhenger','coater pull roll',46,5,0,NULL,78,'',NULL,NULL,NULL,NULL,NULL,NULL,3,2,NULL,NULL,NULL,NULL,NULL,1,NULL,NULL,NULL,NULL,NULL,NULL,NULL,NULL,NULL,NULL,NULL,NULL,NULL,NULL,NULL,NULL,NULL,NULL,NULL,NULL,NULL,NULL,NULL,NULL,NULL,NULL,NULL,NULL,NULL,NULL,NULL,NULL,NULL,NULL),(49,'csapágyak (2db)','bearings (2pcs)',48,6,0,0,18,'',NULL,NULL,NULL,NULL,NULL,NULL,NULL,NULL,NULL,NULL,NULL,NULL,NULL,NULL,NULL,NULL,NULL,NULL,NULL,NULL,NULL,NULL,NULL,NULL,NULL,NULL,NULL,NULL,NULL,NULL,NULL,NULL,NULL,NULL,NULL,NULL,NULL,NULL,NULL,NULL,NULL,NULL,NULL,NULL,NULL,NULL,NULL,NULL),(50,'enkóder','encoder',5,3,0,0,19,'',NULL,NULL,NULL,NULL,NULL,NULL,NULL,NULL,NULL,NULL,NULL,NULL,NULL,NULL,NULL,NULL,NULL,NULL,NULL,NULL,NULL,NULL,NULL,NULL,NULL,NULL,NULL,NULL,NULL,NULL,NULL,NULL,NULL,NULL,NULL,NULL,NULL,NULL,NULL,NULL,NULL,NULL,NULL,NULL,NULL,NULL,NULL,NULL),(51,'tengelykapcsoló','coupling',44,NULL,0,NULL,NULL,'',NULL,NULL,NULL,NULL,NULL,NULL,NULL,NULL,NULL,NULL,NULL,NULL,NULL,NULL,NULL,NULL,NULL,NULL,NULL,NULL,NULL,NULL,NULL,NULL,NULL,NULL,NULL,NULL,NULL,NULL,NULL,NULL,NULL,NULL,NULL,NULL,NULL,NULL,NULL,NULL,NULL,NULL,NULL,NULL,NULL,NULL,NULL,NULL),(52,'hajtóműves motor','motor with gearbox',51,1,0,0,20,'',NULL,NULL,NULL,NULL,NULL,NULL,NULL,NULL,NULL,NULL,NULL,NULL,NULL,NULL,NULL,NULL,NULL,NULL,NULL,NULL,NULL,NULL,NULL,NULL,NULL,NULL,NULL,NULL,NULL,NULL,NULL,NULL,NULL,NULL,NULL,NULL,NULL,NULL,NULL,NULL,NULL,NULL,NULL,NULL,NULL,NULL,NULL,NULL),(53,'Ragasztóellátó','Glue supplier',42,NULL,0,NULL,NULL,'',NULL,NULL,NULL,NULL,NULL,NULL,NULL,NULL,NULL,NULL,NULL,NULL,NULL,NULL,NULL,NULL,NULL,NULL,NULL,NULL,NULL,NULL,NULL,NULL,NULL,NULL,NULL,NULL,NULL,NULL,NULL,NULL,NULL,NULL,NULL,NULL,NULL,NULL,NULL,NULL,NULL,NULL,NULL,NULL,NULL,NULL,NULL,NULL),(54,'puffertartály','puffer tank',53,NULL,0,NULL,NULL,'',NULL,NULL,NULL,NULL,NULL,NULL,NULL,NULL,NULL,NULL,NULL,NULL,NULL,1,NULL,NULL,NULL,NULL,NULL,NULL,NULL,NULL,NULL,NULL,NULL,NULL,NULL,NULL,NULL,NULL,NULL,NULL,NULL,NULL,NULL,NULL,NULL,NULL,NULL,NULL,NULL,NULL,NULL,NULL,NULL,NULL,NULL,NULL),(55,'szivattyú 1','pump 1',54,NULL,0,NULL,NULL,'',NULL,NULL,NULL,NULL,NULL,NULL,NULL,NULL,NULL,NULL,NULL,NULL,NULL,NULL,NULL,NULL,NULL,NULL,NULL,NULL,NULL,NULL,NULL,NULL,NULL,NULL,NULL,NULL,NULL,NULL,NULL,NULL,NULL,NULL,NULL,NULL,NULL,NULL,NULL,NULL,NULL,NULL,NULL,NULL,NULL,NULL,NULL,NULL),(56,'tengelykapcsoló','coupling',55,NULL,0,NULL,NULL,'',NULL,NULL,NULL,NULL,NULL,NULL,NULL,NULL,NULL,NULL,NULL,NULL,NULL,NULL,NULL,NULL,NULL,NULL,NULL,NULL,NULL,NULL,NULL,NULL,NULL,NULL,NULL,NULL,NULL,NULL,NULL,NULL,NULL,NULL,NULL,NULL,NULL,NULL,NULL,NULL,NULL,NULL,NULL,NULL,NULL,NULL,NULL,NULL),(57,'tengelykapcsoló csillag','buffer ring',56,19,0,0,21,'',NULL,NULL,NULL,NULL,NULL,NULL,NULL,NULL,NULL,NULL,NULL,NULL,NULL,NULL,NULL,NULL,NULL,NULL,NULL,NULL,NULL,NULL,NULL,NULL,NULL,NULL,NULL,NULL,NULL,NULL,NULL,NULL,NULL,NULL,NULL,NULL,NULL,NULL,NULL,NULL,NULL,NULL,NULL,NULL,NULL,NULL,NULL,NULL),(58,'ATEC szilikonozó','ATEC silicon coating machine',0,NULL,4,NULL,NULL,'',NULL,NULL,NULL,NULL,NULL,NULL,NULL,NULL,NULL,NULL,1,NULL,NULL,NULL,NULL,NULL,NULL,NULL,NULL,NULL,NULL,NULL,NULL,NULL,NULL,NULL,NULL,NULL,NULL,NULL,NULL,NULL,NULL,NULL,NULL,NULL,NULL,NULL,NULL,NULL,NULL,NULL,NULL,NULL,NULL,NULL,NULL,NULL),(59,'Bevonó','Coater',58,NULL,0,NULL,NULL,'',NULL,NULL,NULL,NULL,NULL,NULL,NULL,NULL,NULL,NULL,NULL,NULL,NULL,NULL,NULL,NULL,NULL,NULL,NULL,NULL,NULL,NULL,NULL,NULL,NULL,NULL,NULL,NULL,NULL,NULL,NULL,NULL,NULL,NULL,NULL,NULL,NULL,NULL,NULL,NULL,NULL,NULL,NULL,NULL,NULL,NULL,NULL,NULL),(60,'Szárítók','Dryers',58,NULL,0,NULL,NULL,'',NULL,NULL,NULL,NULL,NULL,NULL,NULL,NULL,NULL,NULL,NULL,NULL,NULL,1,NULL,NULL,NULL,NULL,NULL,NULL,NULL,NULL,NULL,NULL,NULL,NULL,NULL,NULL,NULL,NULL,NULL,NULL,NULL,NULL,NULL,NULL,NULL,NULL,NULL,NULL,NULL,NULL,NULL,NULL,NULL,NULL,NULL,NULL),(61,'W2 hajtás','W2 drive',59,NULL,0,NULL,NULL,'',NULL,NULL,NULL,NULL,NULL,NULL,NULL,NULL,NULL,NULL,NULL,NULL,NULL,NULL,NULL,NULL,NULL,NULL,NULL,NULL,NULL,NULL,NULL,NULL,NULL,NULL,NULL,NULL,NULL,NULL,NULL,NULL,NULL,NULL,NULL,NULL,NULL,NULL,NULL,NULL,NULL,NULL,NULL,NULL,NULL,NULL,NULL,NULL),(62,'villanymotor','electric motor',61,1,0,0,24,'',NULL,NULL,NULL,NULL,NULL,NULL,NULL,NULL,NULL,NULL,NULL,NULL,NULL,NULL,NULL,NULL,NULL,NULL,NULL,NULL,NULL,NULL,NULL,NULL,NULL,NULL,NULL,NULL,NULL,NULL,NULL,NULL,NULL,NULL,NULL,NULL,NULL,NULL,NULL,NULL,NULL,NULL,NULL,NULL,NULL,NULL,NULL,NULL),(63,'hajtómű','gearbox',62,46,0,0,23,'',NULL,NULL,NULL,NULL,NULL,NULL,NULL,NULL,NULL,NULL,NULL,NULL,NULL,NULL,NULL,NULL,NULL,NULL,NULL,NULL,NULL,NULL,NULL,NULL,NULL,NULL,NULL,NULL,NULL,NULL,NULL,NULL,NULL,NULL,NULL,NULL,NULL,NULL,NULL,NULL,NULL,NULL,NULL,NULL,NULL,NULL,NULL,NULL),(64,'szimering (kihajtótengelynél)','rotary seal (at the outdrive shaft)',63,47,0,0,22,'',NULL,NULL,NULL,NULL,NULL,NULL,NULL,NULL,NULL,NULL,NULL,NULL,NULL,NULL,NULL,NULL,NULL,NULL,NULL,NULL,NULL,NULL,NULL,NULL,NULL,NULL,NULL,NULL,NULL,NULL,NULL,NULL,NULL,NULL,NULL,NULL,NULL,NULL,NULL,NULL,NULL,NULL,NULL,NULL,NULL,NULL,NULL,NULL),(65,'hűtőventillátor','fan',62,49,0,0,0,'',NULL,NULL,NULL,NULL,NULL,NULL,NULL,NULL,NULL,NULL,NULL,NULL,NULL,NULL,NULL,NULL,NULL,NULL,NULL,NULL,NULL,NULL,NULL,NULL,NULL,NULL,NULL,NULL,NULL,NULL,NULL,NULL,NULL,NULL,NULL,NULL,NULL,NULL,NULL,NULL,NULL,NULL,NULL,NULL,NULL,NULL,NULL,NULL),(66,'Gyorsgőzfejlesztő','Quick steam generator ',169,NULL,8,NULL,NULL,'',NULL,NULL,NULL,NULL,NULL,NULL,NULL,NULL,NULL,NULL,NULL,NULL,NULL,NULL,NULL,NULL,NULL,NULL,NULL,NULL,NULL,NULL,NULL,NULL,NULL,NULL,NULL,NULL,NULL,NULL,NULL,NULL,NULL,NULL,NULL,NULL,NULL,NULL,NULL,NULL,NULL,NULL,NULL,NULL,NULL,NULL,NULL,NULL),(67,'Vezérlés','Control unit',66,NULL,0,NULL,NULL,'',23,24,25,NULL,NULL,NULL,NULL,NULL,NULL,NULL,0,NULL,NULL,NULL,NULL,NULL,NULL,NULL,NULL,NULL,NULL,NULL,NULL,NULL,NULL,NULL,NULL,NULL,NULL,NULL,NULL,NULL,NULL,NULL,NULL,NULL,NULL,NULL,NULL,NULL,NULL,NULL,NULL,NULL,NULL,NULL,NULL,NULL),(68,'PLC','PLC',67,50,0,0,25,'',16,NULL,NULL,NULL,NULL,NULL,NULL,NULL,NULL,NULL,0,NULL,NULL,NULL,NULL,NULL,NULL,NULL,NULL,NULL,NULL,NULL,NULL,NULL,NULL,NULL,NULL,NULL,NULL,NULL,NULL,NULL,NULL,NULL,NULL,NULL,NULL,NULL,NULL,NULL,NULL,NULL,NULL,NULL,NULL,NULL,NULL,NULL),(69,'Vízellátás','Water suplpy',66,NULL,0,NULL,NULL,'',NULL,NULL,NULL,NULL,NULL,NULL,NULL,NULL,NULL,NULL,0,NULL,NULL,NULL,NULL,NULL,NULL,NULL,NULL,NULL,NULL,NULL,NULL,NULL,NULL,NULL,NULL,NULL,NULL,NULL,NULL,NULL,NULL,NULL,NULL,NULL,NULL,NULL,NULL,NULL,NULL,NULL,NULL,NULL,NULL,NULL,NULL,NULL),(70,'Szivattyú','Pump',69,38,0,0,26,'',NULL,NULL,NULL,NULL,NULL,NULL,NULL,NULL,NULL,NULL,0,NULL,NULL,NULL,NULL,NULL,NULL,NULL,NULL,NULL,NULL,NULL,NULL,NULL,NULL,NULL,NULL,NULL,NULL,NULL,NULL,NULL,NULL,NULL,NULL,NULL,NULL,NULL,NULL,NULL,NULL,NULL,NULL,NULL,NULL,NULL,NULL,NULL),(71,'Áramlásérzékelő','Flow-sensor',69,3,0,0,27,'',NULL,NULL,NULL,NULL,NULL,NULL,NULL,NULL,NULL,NULL,0,NULL,NULL,NULL,NULL,NULL,NULL,NULL,NULL,NULL,NULL,NULL,NULL,NULL,NULL,NULL,NULL,NULL,NULL,NULL,NULL,NULL,NULL,NULL,NULL,NULL,NULL,NULL,NULL,NULL,NULL,NULL,NULL,NULL,NULL,NULL,NULL,NULL),(72,'Daewoo B20S targonca','Daewoo B20S fork lift',0,NULL,6,NULL,NULL,'',21,NULL,NULL,NULL,NULL,NULL,NULL,NULL,NULL,NULL,2,NULL,NULL,NULL,NULL,NULL,NULL,NULL,NULL,NULL,NULL,NULL,NULL,NULL,NULL,NULL,NULL,NULL,NULL,NULL,NULL,NULL,NULL,NULL,NULL,NULL,NULL,NULL,NULL,NULL,NULL,NULL,NULL,NULL,NULL,NULL,NULL,NULL),(73,'Besco CBB1500TSP5 14021 tekercsemelő','Besco CBB1500TSP5 14021 reel lifter',0,NULL,6,NULL,NULL,'',22,NULL,NULL,NULL,NULL,NULL,NULL,NULL,NULL,NULL,2,NULL,NULL,NULL,NULL,NULL,NULL,NULL,NULL,NULL,NULL,NULL,NULL,NULL,NULL,NULL,NULL,NULL,NULL,NULL,NULL,NULL,NULL,NULL,NULL,NULL,NULL,NULL,NULL,NULL,NULL,NULL,NULL,NULL,NULL,NULL,NULL,NULL),(74,'Letekercselő1','Unwinder1',58,NULL,0,NULL,NULL,'',NULL,NULL,NULL,NULL,NULL,NULL,NULL,NULL,NULL,NULL,0,NULL,NULL,NULL,NULL,NULL,NULL,NULL,NULL,NULL,NULL,NULL,NULL,NULL,NULL,NULL,NULL,NULL,NULL,NULL,NULL,NULL,NULL,NULL,NULL,NULL,NULL,NULL,NULL,NULL,NULL,NULL,NULL,NULL,NULL,NULL,NULL,NULL),(75,'Befogópofa (kezelő oldal)','Safety chuck (op. side)',74,34,0,0,28,'',NULL,NULL,NULL,NULL,NULL,NULL,NULL,NULL,NULL,NULL,0,NULL,NULL,NULL,NULL,NULL,NULL,NULL,NULL,NULL,NULL,NULL,NULL,NULL,NULL,NULL,NULL,NULL,NULL,NULL,NULL,NULL,NULL,NULL,NULL,NULL,NULL,NULL,NULL,NULL,NULL,NULL,NULL,NULL,NULL,NULL,NULL,NULL),(76,'Befogópofa (hajtás oldal)','Safety chuck (drive side)',74,34,0,0,28,'',NULL,NULL,NULL,NULL,NULL,NULL,NULL,NULL,NULL,NULL,0,NULL,NULL,NULL,NULL,NULL,NULL,NULL,NULL,NULL,NULL,NULL,NULL,NULL,NULL,NULL,NULL,NULL,NULL,NULL,NULL,NULL,NULL,NULL,NULL,NULL,NULL,NULL,NULL,NULL,NULL,NULL,NULL,NULL,NULL,NULL,NULL,NULL),(77,'szilikon ellátó','silicon supplier',59,NULL,0,NULL,NULL,'',NULL,NULL,NULL,NULL,NULL,NULL,NULL,NULL,NULL,NULL,0,NULL,NULL,NULL,NULL,NULL,NULL,NULL,NULL,NULL,NULL,NULL,NULL,NULL,NULL,NULL,NULL,NULL,NULL,NULL,NULL,NULL,NULL,NULL,NULL,NULL,NULL,NULL,NULL,NULL,NULL,NULL,NULL,NULL,NULL,NULL,NULL,NULL),(78,'szűrőház','filter housing',77,40,0,0,0,'',NULL,NULL,NULL,NULL,NULL,NULL,NULL,NULL,NULL,NULL,0,NULL,NULL,NULL,NULL,NULL,NULL,NULL,NULL,NULL,NULL,NULL,NULL,NULL,NULL,NULL,NULL,NULL,NULL,NULL,NULL,NULL,NULL,NULL,NULL,NULL,NULL,NULL,NULL,NULL,NULL,NULL,NULL,NULL,NULL,NULL,NULL,NULL),(79,'tömítés','seal',78,47,0,0,29,'',NULL,NULL,NULL,NULL,NULL,NULL,NULL,NULL,NULL,NULL,0,NULL,NULL,NULL,NULL,NULL,NULL,NULL,NULL,NULL,NULL,NULL,NULL,NULL,NULL,NULL,NULL,NULL,NULL,NULL,NULL,NULL,NULL,NULL,NULL,NULL,NULL,NULL,NULL,NULL,NULL,NULL,NULL,NULL,NULL,NULL,NULL,NULL),(80,'szivattyú','pump',13,38,0,0,0,'',NULL,NULL,NULL,NULL,NULL,NULL,NULL,NULL,NULL,NULL,0,NULL,NULL,NULL,NULL,NULL,NULL,NULL,NULL,NULL,NULL,NULL,NULL,NULL,NULL,NULL,NULL,NULL,NULL,NULL,NULL,NULL,NULL,NULL,NULL,NULL,NULL,NULL,NULL,NULL,NULL,NULL,NULL,NULL,NULL,NULL,NULL,NULL),(81,'Vezérlés','Control unit',1,NULL,0,NULL,NULL,'',NULL,NULL,NULL,NULL,NULL,NULL,NULL,NULL,NULL,NULL,0,NULL,NULL,NULL,NULL,NULL,NULL,NULL,NULL,NULL,NULL,NULL,NULL,NULL,NULL,NULL,NULL,NULL,NULL,NULL,NULL,NULL,NULL,NULL,NULL,NULL,NULL,NULL,NULL,NULL,NULL,NULL,NULL,NULL,NULL,NULL,NULL,NULL),(82,'Elektromos szekrény','Electric cabinet',510,56,0,NULL,31,'',NULL,NULL,NULL,NULL,NULL,NULL,NULL,NULL,NULL,NULL,0,NULL,NULL,NULL,NULL,NULL,NULL,NULL,NULL,NULL,NULL,NULL,NULL,NULL,NULL,NULL,NULL,NULL,NULL,NULL,NULL,NULL,NULL,NULL,NULL,NULL,NULL,NULL,NULL,NULL,NULL,NULL,NULL,NULL,NULL,NULL,NULL,NULL),(83,'Ventillátor','Fan',82,49,0,NULL,32,'',27,NULL,NULL,NULL,NULL,NULL,NULL,NULL,NULL,NULL,0,NULL,NULL,NULL,NULL,NULL,NULL,NULL,NULL,NULL,NULL,NULL,NULL,NULL,NULL,NULL,NULL,NULL,NULL,NULL,NULL,NULL,NULL,NULL,NULL,NULL,NULL,NULL,NULL,NULL,NULL,NULL,NULL,NULL,NULL,NULL,NULL,NULL),(84,'Főkapcsoló','Main switch',82,57,0,NULL,33,'',NULL,NULL,NULL,NULL,NULL,NULL,NULL,NULL,NULL,NULL,0,NULL,NULL,NULL,NULL,NULL,NULL,NULL,NULL,NULL,NULL,NULL,NULL,NULL,NULL,NULL,NULL,NULL,NULL,NULL,NULL,NULL,NULL,NULL,NULL,NULL,NULL,NULL,NULL,NULL,NULL,NULL,NULL,NULL,NULL,NULL,NULL,NULL),(85,'kapcsolókar','handle',84,57,0,NULL,34,'',NULL,NULL,NULL,NULL,NULL,NULL,NULL,NULL,NULL,NULL,0,NULL,NULL,NULL,NULL,NULL,NULL,NULL,NULL,NULL,NULL,NULL,NULL,NULL,NULL,NULL,NULL,NULL,NULL,NULL,NULL,NULL,NULL,NULL,NULL,NULL,NULL,NULL,NULL,NULL,NULL,NULL,NULL,NULL,NULL,NULL,NULL,NULL),(86,'vezetőhenger','cylinder',60,NULL,0,NULL,NULL,'',NULL,NULL,NULL,NULL,NULL,NULL,NULL,NULL,NULL,NULL,0,NULL,NULL,NULL,NULL,NULL,NULL,NULL,NULL,NULL,NULL,NULL,NULL,NULL,NULL,NULL,NULL,NULL,NULL,NULL,NULL,NULL,NULL,NULL,NULL,NULL,NULL,NULL,NULL,NULL,NULL,NULL,NULL,NULL,NULL,NULL,NULL,NULL),(87,'csapágyak (2db)','bearings (2pcs)',86,6,0,NULL,35,'',NULL,NULL,NULL,NULL,NULL,NULL,NULL,NULL,NULL,NULL,0,NULL,NULL,NULL,NULL,NULL,NULL,NULL,NULL,NULL,NULL,NULL,NULL,NULL,NULL,NULL,NULL,NULL,NULL,NULL,NULL,NULL,NULL,NULL,NULL,NULL,NULL,NULL,NULL,NULL,NULL,NULL,NULL,NULL,NULL,NULL,NULL,NULL),(88,'villanymotor','electric motor',2,1,0,NULL,42,'',NULL,NULL,NULL,NULL,NULL,NULL,NULL,NULL,NULL,NULL,0,NULL,NULL,NULL,NULL,NULL,NULL,NULL,NULL,NULL,NULL,NULL,NULL,NULL,NULL,NULL,NULL,NULL,NULL,NULL,NULL,NULL,NULL,NULL,NULL,NULL,NULL,NULL,NULL,NULL,NULL,NULL,NULL,NULL,NULL,NULL,NULL,NULL),(89,'kúpos szorítóhüvely','taper bushing',9,33,0,NULL,36,'',NULL,NULL,NULL,NULL,NULL,NULL,NULL,NULL,NULL,NULL,0,NULL,NULL,NULL,NULL,NULL,NULL,NULL,NULL,NULL,NULL,NULL,NULL,NULL,NULL,NULL,NULL,NULL,NULL,NULL,NULL,NULL,NULL,NULL,NULL,NULL,NULL,NULL,NULL,NULL,NULL,NULL,NULL,NULL,NULL,NULL,NULL,NULL),(90,'fogasszíj tárcsa','timing belt pulley',89,28,0,NULL,37,'',NULL,NULL,NULL,NULL,NULL,NULL,NULL,NULL,NULL,NULL,0,NULL,NULL,NULL,NULL,NULL,NULL,NULL,NULL,NULL,NULL,NULL,NULL,NULL,NULL,NULL,NULL,NULL,NULL,NULL,NULL,NULL,NULL,NULL,NULL,NULL,NULL,NULL,NULL,NULL,NULL,NULL,NULL,NULL,NULL,NULL,NULL,NULL),(91,'fogasszíj','timing belt',90,29,0,NULL,38,'',NULL,NULL,NULL,NULL,NULL,NULL,NULL,NULL,NULL,NULL,0,NULL,NULL,NULL,NULL,NULL,NULL,NULL,NULL,NULL,NULL,NULL,NULL,NULL,NULL,NULL,NULL,NULL,NULL,NULL,NULL,NULL,NULL,NULL,NULL,NULL,NULL,NULL,NULL,NULL,NULL,NULL,NULL,NULL,NULL,NULL,NULL,NULL),(92,'fogasszíj tárcsa','timing belt pulley',91,28,0,NULL,39,'',NULL,NULL,NULL,NULL,NULL,NULL,NULL,NULL,NULL,NULL,0,NULL,NULL,NULL,NULL,NULL,NULL,NULL,NULL,NULL,NULL,NULL,NULL,NULL,NULL,NULL,NULL,NULL,NULL,NULL,NULL,NULL,NULL,NULL,NULL,NULL,NULL,NULL,NULL,NULL,NULL,NULL,NULL,NULL,NULL,NULL,NULL,NULL),(93,'kúpos szorítóhüvely','taper bushing',92,33,0,NULL,40,'',NULL,NULL,NULL,NULL,NULL,NULL,NULL,NULL,NULL,NULL,0,NULL,NULL,NULL,NULL,NULL,NULL,NULL,NULL,NULL,NULL,NULL,NULL,NULL,NULL,NULL,NULL,NULL,NULL,NULL,NULL,NULL,NULL,NULL,NULL,NULL,NULL,NULL,NULL,NULL,NULL,NULL,NULL,NULL,NULL,NULL,NULL,NULL),(94,'hajtótengely','drive shaft',93,NULL,0,NULL,NULL,'',NULL,NULL,NULL,NULL,NULL,NULL,NULL,NULL,NULL,NULL,0,NULL,NULL,NULL,NULL,NULL,NULL,NULL,NULL,NULL,NULL,NULL,NULL,NULL,NULL,NULL,NULL,NULL,NULL,NULL,NULL,NULL,NULL,NULL,NULL,NULL,NULL,NULL,NULL,NULL,NULL,NULL,NULL,NULL,NULL,NULL,NULL,NULL),(95,'pneumatika csatlakozó','pneumatic fitting',94,24,0,NULL,41,'',NULL,NULL,NULL,NULL,NULL,NULL,NULL,NULL,NULL,NULL,0,NULL,NULL,NULL,NULL,NULL,NULL,NULL,NULL,NULL,NULL,NULL,NULL,NULL,NULL,NULL,NULL,NULL,NULL,NULL,NULL,NULL,NULL,NULL,NULL,NULL,NULL,NULL,NULL,NULL,NULL,NULL,NULL,NULL,NULL,NULL,NULL,NULL),(96,'enkóder','encoder',88,3,0,NULL,43,'',NULL,NULL,NULL,NULL,NULL,NULL,NULL,NULL,NULL,NULL,0,NULL,NULL,NULL,NULL,NULL,NULL,NULL,NULL,NULL,NULL,NULL,NULL,NULL,NULL,NULL,NULL,NULL,NULL,NULL,NULL,NULL,NULL,NULL,NULL,NULL,NULL,NULL,NULL,NULL,NULL,NULL,NULL,NULL,NULL,NULL,NULL,NULL),(97,'hűtőventillátor','cooling fan',88,49,0,NULL,44,'',NULL,NULL,NULL,NULL,NULL,NULL,NULL,NULL,NULL,NULL,0,NULL,NULL,NULL,NULL,NULL,NULL,NULL,NULL,NULL,NULL,NULL,NULL,NULL,NULL,NULL,NULL,NULL,NULL,NULL,NULL,NULL,NULL,NULL,NULL,NULL,NULL,NULL,NULL,NULL,NULL,NULL,NULL,NULL,NULL,NULL,NULL,NULL),(98,'Kompresszor Gyár-1','Air compressor Gyar-1',170,59,17,NULL,45,'',31,NULL,NULL,NULL,NULL,NULL,NULL,NULL,NULL,NULL,0,NULL,NULL,NULL,NULL,NULL,NULL,NULL,NULL,NULL,NULL,NULL,NULL,NULL,NULL,NULL,NULL,NULL,NULL,NULL,NULL,NULL,NULL,NULL,NULL,NULL,NULL,NULL,NULL,NULL,NULL,NULL,NULL,NULL,NULL,NULL,NULL,NULL),(99,'Kompresszor Gyár-2','Air compressor Gyar-2',170,59,17,NULL,73,'',35,NULL,NULL,NULL,NULL,NULL,NULL,NULL,NULL,NULL,0,NULL,NULL,NULL,NULL,NULL,NULL,NULL,NULL,NULL,NULL,NULL,NULL,NULL,NULL,NULL,NULL,NULL,NULL,NULL,NULL,NULL,NULL,NULL,NULL,NULL,NULL,NULL,NULL,NULL,NULL,NULL,NULL,NULL,NULL,NULL,NULL,NULL),(100,'Kis hűtő','Small refrigerator',58,60,0,NULL,46,'',32,81,NULL,NULL,NULL,NULL,NULL,NULL,NULL,NULL,0,NULL,NULL,1,NULL,NULL,NULL,NULL,NULL,NULL,NULL,NULL,NULL,NULL,NULL,NULL,NULL,NULL,NULL,NULL,NULL,NULL,NULL,NULL,NULL,NULL,NULL,NULL,NULL,NULL,NULL,NULL,NULL,NULL,NULL,NULL,NULL,NULL),(101,'Lengőhenger (lekekercselő)','Dancer (unwinder)',58,NULL,0,NULL,NULL,'',NULL,NULL,NULL,NULL,NULL,NULL,NULL,NULL,NULL,NULL,0,NULL,NULL,NULL,NULL,NULL,NULL,NULL,NULL,NULL,NULL,NULL,NULL,NULL,NULL,NULL,NULL,NULL,NULL,NULL,NULL,NULL,NULL,NULL,NULL,NULL,NULL,NULL,NULL,NULL,NULL,NULL,NULL,NULL,NULL,NULL,NULL,NULL),(102,'Érzékelő','Sensor',101,3,0,NULL,47,'',NULL,NULL,NULL,NULL,NULL,NULL,NULL,NULL,NULL,NULL,0,NULL,NULL,NULL,NULL,NULL,NULL,NULL,NULL,NULL,NULL,NULL,NULL,NULL,NULL,NULL,NULL,NULL,NULL,NULL,NULL,NULL,NULL,NULL,NULL,NULL,NULL,NULL,NULL,NULL,NULL,NULL,NULL,NULL,NULL,NULL,NULL,NULL),(103,'gyár utcai bálázó','Gyár str. bale press',0,NULL,11,NULL,NULL,'',NULL,NULL,NULL,NULL,NULL,NULL,NULL,NULL,NULL,NULL,3,NULL,NULL,NULL,NULL,NULL,NULL,NULL,NULL,NULL,NULL,NULL,NULL,NULL,NULL,NULL,NULL,NULL,NULL,NULL,NULL,NULL,NULL,NULL,NULL,NULL,NULL,NULL,NULL,NULL,NULL,NULL,NULL,NULL,NULL,NULL,NULL,NULL),(104,'hidraulika','hydraulic system ',103,NULL,0,NULL,NULL,'',NULL,NULL,NULL,NULL,NULL,NULL,NULL,NULL,NULL,NULL,0,NULL,NULL,NULL,NULL,NULL,NULL,NULL,NULL,NULL,NULL,NULL,NULL,NULL,NULL,NULL,NULL,NULL,NULL,NULL,NULL,NULL,NULL,NULL,NULL,NULL,NULL,NULL,NULL,NULL,NULL,NULL,NULL,NULL,NULL,NULL,NULL,NULL),(105,'szivattyú','pump',104,38,0,NULL,48,'',36,NULL,NULL,NULL,NULL,NULL,NULL,NULL,NULL,NULL,0,NULL,NULL,NULL,NULL,NULL,NULL,NULL,NULL,NULL,NULL,NULL,NULL,NULL,NULL,NULL,NULL,NULL,NULL,NULL,NULL,NULL,NULL,NULL,NULL,NULL,NULL,NULL,NULL,NULL,NULL,NULL,NULL,NULL,NULL,NULL,NULL,NULL),(106,'villanymotor','electric motor',104,1,0,NULL,0,'',NULL,NULL,NULL,NULL,NULL,NULL,NULL,NULL,NULL,NULL,0,NULL,NULL,NULL,NULL,NULL,NULL,NULL,NULL,NULL,NULL,NULL,NULL,NULL,NULL,NULL,NULL,NULL,NULL,NULL,NULL,NULL,NULL,NULL,NULL,NULL,NULL,NULL,NULL,NULL,NULL,NULL,NULL,NULL,NULL,NULL,NULL,NULL),(107,'Csapágy','Bearing',102,6,0,NULL,49,'',NULL,NULL,NULL,NULL,NULL,NULL,NULL,NULL,NULL,NULL,0,NULL,NULL,NULL,NULL,NULL,NULL,NULL,NULL,NULL,NULL,NULL,NULL,NULL,NULL,NULL,NULL,NULL,NULL,NULL,NULL,NULL,NULL,NULL,NULL,NULL,NULL,NULL,NULL,NULL,NULL,NULL,NULL,NULL,NULL,NULL,NULL,NULL),(108,'Lengőhenger (feltekercselő)','Dancer (rewinder)',58,NULL,0,NULL,NULL,'',NULL,NULL,NULL,NULL,NULL,NULL,NULL,NULL,NULL,NULL,0,NULL,NULL,NULL,NULL,NULL,NULL,NULL,NULL,NULL,NULL,NULL,NULL,NULL,NULL,NULL,NULL,NULL,NULL,NULL,NULL,NULL,NULL,NULL,NULL,NULL,NULL,NULL,NULL,NULL,NULL,NULL,NULL,NULL,NULL,NULL,NULL,NULL),(109,'Érzékelő','Sensor',108,3,0,NULL,47,'',37,NULL,NULL,NULL,NULL,NULL,NULL,NULL,NULL,NULL,0,NULL,NULL,NULL,NULL,NULL,NULL,NULL,NULL,NULL,NULL,NULL,NULL,NULL,NULL,NULL,NULL,NULL,NULL,NULL,NULL,NULL,NULL,NULL,NULL,NULL,NULL,NULL,NULL,NULL,NULL,NULL,NULL,NULL,NULL,NULL,NULL,NULL),(110,'Csapágy','Bearing',109,6,0,NULL,49,'',NULL,NULL,NULL,NULL,NULL,NULL,NULL,NULL,NULL,NULL,0,NULL,NULL,NULL,NULL,NULL,NULL,NULL,NULL,NULL,NULL,NULL,NULL,NULL,NULL,NULL,NULL,NULL,NULL,NULL,NULL,NULL,NULL,NULL,NULL,NULL,NULL,NULL,NULL,NULL,NULL,NULL,NULL,NULL,NULL,NULL,NULL,NULL),(111,'Párahűtő','Evaporative cooler',0,NULL,2,NULL,NULL,'',38,39,NULL,NULL,NULL,NULL,NULL,NULL,NULL,NULL,3,NULL,NULL,NULL,NULL,NULL,NULL,NULL,NULL,NULL,NULL,NULL,NULL,NULL,NULL,NULL,NULL,NULL,NULL,NULL,NULL,NULL,NULL,NULL,NULL,NULL,NULL,NULL,NULL,NULL,NULL,NULL,NULL,NULL,NULL,NULL,NULL,NULL),(112,'villanymotor','electric motor',31,1,0,NULL,50,'',NULL,NULL,NULL,NULL,NULL,NULL,NULL,NULL,NULL,NULL,0,NULL,NULL,NULL,NULL,NULL,NULL,NULL,NULL,NULL,NULL,NULL,NULL,NULL,NULL,NULL,NULL,NULL,NULL,NULL,NULL,NULL,NULL,NULL,NULL,NULL,NULL,NULL,NULL,NULL,NULL,NULL,NULL,NULL,NULL,NULL,NULL,NULL),(113,'Polyszil szilikon keverő','Polyszil silicon agitator',0,NULL,8,NULL,NULL,'',NULL,NULL,NULL,NULL,NULL,NULL,NULL,NULL,NULL,NULL,3,NULL,NULL,NULL,NULL,NULL,NULL,NULL,NULL,NULL,NULL,NULL,NULL,NULL,NULL,NULL,NULL,NULL,NULL,NULL,NULL,NULL,NULL,NULL,NULL,NULL,NULL,NULL,NULL,NULL,NULL,NULL,NULL,NULL,NULL,NULL,NULL,NULL),(114,'villanymotor','electric motor',113,1,0,NULL,51,'',NULL,NULL,NULL,NULL,NULL,NULL,NULL,NULL,NULL,NULL,0,NULL,NULL,NULL,NULL,NULL,NULL,NULL,NULL,NULL,NULL,NULL,NULL,NULL,NULL,NULL,NULL,NULL,NULL,NULL,NULL,NULL,NULL,NULL,NULL,NULL,NULL,NULL,NULL,NULL,NULL,NULL,NULL,NULL,NULL,NULL,NULL,NULL),(115,'hajtómű','gearbox',114,46,0,NULL,52,'',NULL,NULL,NULL,NULL,NULL,NULL,NULL,NULL,NULL,NULL,0,NULL,NULL,NULL,NULL,NULL,NULL,NULL,NULL,NULL,NULL,NULL,NULL,NULL,NULL,NULL,NULL,NULL,NULL,NULL,NULL,NULL,NULL,NULL,NULL,NULL,NULL,NULL,NULL,NULL,NULL,NULL,NULL,NULL,NULL,NULL,NULL,NULL),(116,'fogasszíj tárcsa','timing belt pulley',112,28,0,NULL,53,'',NULL,NULL,NULL,NULL,NULL,NULL,NULL,NULL,NULL,NULL,0,NULL,NULL,NULL,NULL,NULL,NULL,NULL,NULL,NULL,NULL,NULL,NULL,NULL,NULL,NULL,NULL,NULL,NULL,NULL,NULL,NULL,NULL,NULL,NULL,NULL,NULL,NULL,NULL,NULL,NULL,NULL,NULL,NULL,NULL,NULL,NULL,NULL),(117,'fogasszíj','timing belt',116,29,0,NULL,54,'',NULL,NULL,NULL,NULL,NULL,NULL,NULL,NULL,NULL,NULL,0,NULL,NULL,NULL,NULL,NULL,NULL,NULL,NULL,NULL,NULL,NULL,NULL,NULL,NULL,NULL,NULL,NULL,NULL,NULL,NULL,NULL,NULL,NULL,NULL,NULL,NULL,NULL,NULL,NULL,NULL,NULL,NULL,NULL,NULL,NULL,NULL,NULL),(118,'Olbrich','Olbrich',0,NULL,9,NULL,NULL,'',NULL,NULL,NULL,NULL,NULL,NULL,NULL,NULL,NULL,NULL,1,NULL,NULL,1,NULL,NULL,NULL,NULL,NULL,NULL,NULL,NULL,NULL,NULL,NULL,NULL,NULL,NULL,NULL,NULL,NULL,NULL,NULL,NULL,NULL,NULL,NULL,NULL,NULL,NULL,NULL,NULL,NULL,NULL,NULL,NULL,NULL,NULL),(119,'pneumatika rendszer','pneumatic system',123,NULL,0,NULL,NULL,'',NULL,NULL,NULL,NULL,NULL,NULL,NULL,NULL,NULL,NULL,0,NULL,NULL,1,NULL,NULL,NULL,NULL,NULL,NULL,NULL,NULL,NULL,NULL,NULL,NULL,NULL,NULL,NULL,NULL,NULL,NULL,NULL,NULL,NULL,NULL,NULL,NULL,NULL,NULL,NULL,NULL,NULL,NULL,NULL,NULL,NULL,NULL),(120,'ragasztóellátás','adhesive supply',118,NULL,0,NULL,NULL,'',NULL,NULL,NULL,NULL,NULL,NULL,NULL,NULL,NULL,NULL,0,NULL,NULL,NULL,NULL,NULL,NULL,NULL,NULL,NULL,NULL,NULL,NULL,NULL,NULL,NULL,NULL,NULL,NULL,NULL,NULL,NULL,NULL,NULL,NULL,NULL,NULL,NULL,NULL,NULL,NULL,NULL,NULL,NULL,NULL,NULL,NULL,NULL),(121,'szilikon letekercselő','silicon unwinder',118,NULL,0,NULL,NULL,'',NULL,NULL,NULL,NULL,NULL,NULL,NULL,NULL,NULL,NULL,0,NULL,NULL,1,NULL,NULL,NULL,NULL,NULL,NULL,NULL,NULL,NULL,NULL,NULL,NULL,NULL,NULL,NULL,NULL,NULL,NULL,NULL,NULL,NULL,NULL,NULL,NULL,NULL,NULL,NULL,NULL,NULL,NULL,NULL,NULL,NULL,NULL),(122,'fedőpapír letekercselő','cover paper unwinder',118,NULL,0,NULL,NULL,'',NULL,NULL,NULL,NULL,NULL,NULL,NULL,NULL,NULL,NULL,0,NULL,NULL,1,NULL,NULL,NULL,NULL,NULL,NULL,NULL,NULL,NULL,NULL,NULL,NULL,NULL,NULL,NULL,NULL,NULL,NULL,NULL,NULL,NULL,NULL,NULL,NULL,NULL,NULL,NULL,NULL,NULL,NULL,NULL,NULL,NULL,NULL),(123,'feltekercselő','rewinder',118,NULL,0,NULL,NULL,'',NULL,NULL,NULL,NULL,NULL,NULL,NULL,NULL,NULL,NULL,0,NULL,NULL,1,NULL,NULL,NULL,NULL,NULL,NULL,NULL,NULL,NULL,NULL,NULL,NULL,NULL,NULL,NULL,NULL,NULL,NULL,NULL,NULL,NULL,NULL,NULL,NULL,NULL,NULL,NULL,NULL,NULL,NULL,NULL,NULL,NULL,NULL),(124,'szárítók','driers',118,NULL,0,NULL,NULL,'',NULL,NULL,NULL,NULL,NULL,NULL,NULL,NULL,NULL,NULL,0,NULL,NULL,NULL,NULL,NULL,NULL,NULL,NULL,NULL,NULL,NULL,NULL,NULL,NULL,NULL,NULL,NULL,NULL,NULL,NULL,NULL,NULL,NULL,NULL,NULL,NULL,NULL,NULL,NULL,NULL,NULL,NULL,NULL,NULL,NULL,NULL,NULL),(125,'vákumhenger a szárító előtt','vacuum roll before the dryer',124,NULL,0,NULL,NULL,'',NULL,NULL,NULL,NULL,NULL,NULL,NULL,NULL,NULL,NULL,0,NULL,NULL,NULL,NULL,NULL,NULL,NULL,NULL,NULL,NULL,NULL,NULL,NULL,NULL,NULL,NULL,NULL,NULL,NULL,NULL,NULL,NULL,NULL,NULL,NULL,NULL,NULL,NULL,NULL,NULL,NULL,NULL,NULL,NULL,NULL,NULL,NULL),(126,'vákumhenger a szárító után','vacuum roll after the dryer',124,0,0,0,0,'',NULL,NULL,NULL,NULL,NULL,NULL,NULL,NULL,NULL,NULL,0,NULL,NULL,NULL,NULL,NULL,NULL,NULL,NULL,NULL,NULL,NULL,NULL,NULL,NULL,NULL,NULL,NULL,NULL,NULL,NULL,NULL,NULL,NULL,NULL,NULL,NULL,NULL,NULL,NULL,NULL,NULL,NULL,NULL,NULL,NULL,NULL,NULL),(127,'bevonó','coater',118,NULL,0,NULL,NULL,'',NULL,NULL,NULL,NULL,NULL,NULL,NULL,NULL,NULL,NULL,0,NULL,NULL,NULL,NULL,NULL,NULL,NULL,NULL,NULL,NULL,NULL,NULL,NULL,NULL,NULL,NULL,NULL,NULL,NULL,NULL,NULL,NULL,NULL,NULL,NULL,NULL,NULL,NULL,NULL,NULL,NULL,NULL,NULL,NULL,NULL,NULL,NULL),(128,'visszanedvesítő','rewetting unit',118,NULL,0,NULL,NULL,'',NULL,NULL,NULL,NULL,NULL,NULL,NULL,NULL,NULL,NULL,0,NULL,NULL,1,NULL,NULL,NULL,NULL,NULL,NULL,NULL,NULL,NULL,NULL,NULL,NULL,NULL,NULL,NULL,NULL,NULL,NULL,NULL,NULL,NULL,NULL,NULL,NULL,NULL,NULL,NULL,NULL,NULL,NULL,NULL,NULL,NULL,NULL),(129,'hűtőlevegő rendszer','air ventillation system',118,NULL,0,NULL,NULL,'',NULL,NULL,NULL,NULL,NULL,NULL,NULL,NULL,NULL,NULL,0,NULL,NULL,1,NULL,NULL,NULL,NULL,NULL,NULL,NULL,NULL,NULL,NULL,NULL,NULL,NULL,NULL,NULL,NULL,NULL,NULL,NULL,NULL,NULL,NULL,NULL,NULL,NULL,NULL,NULL,NULL,NULL,NULL,NULL,NULL,NULL,NULL),(130,'vezérlés','Control unit',103,NULL,0,NULL,NULL,'',41,42,43,44,45,46,NULL,NULL,NULL,NULL,0,NULL,NULL,NULL,NULL,NULL,NULL,NULL,NULL,NULL,NULL,NULL,NULL,NULL,NULL,NULL,NULL,NULL,NULL,NULL,NULL,NULL,NULL,NULL,NULL,NULL,NULL,NULL,NULL,NULL,NULL,NULL,NULL,NULL,NULL,NULL,NULL,NULL),(131,'Bálatüzelésű gőzkazán','Bale fired steam boiler',169,NULL,15,NULL,NULL,'',NULL,NULL,NULL,NULL,NULL,NULL,NULL,NULL,NULL,NULL,0,NULL,NULL,NULL,NULL,NULL,NULL,NULL,NULL,NULL,NULL,NULL,NULL,NULL,NULL,NULL,NULL,NULL,NULL,NULL,NULL,NULL,NULL,NULL,NULL,NULL,NULL,NULL,NULL,NULL,NULL,NULL,NULL,NULL,NULL,NULL,NULL,NULL),(132,'Bála puffer','Bale puffer',131,NULL,0,NULL,NULL,'',NULL,NULL,NULL,NULL,NULL,NULL,NULL,NULL,NULL,NULL,0,NULL,NULL,NULL,NULL,NULL,NULL,NULL,NULL,NULL,NULL,NULL,NULL,NULL,NULL,NULL,NULL,NULL,NULL,NULL,NULL,NULL,NULL,NULL,NULL,NULL,NULL,NULL,NULL,NULL,NULL,NULL,NULL,NULL,NULL,NULL,NULL,NULL),(133,'Lánchajtás (fal oldal)','Chain drive (wall side)',132,NULL,0,NULL,NULL,'',NULL,NULL,NULL,NULL,NULL,NULL,NULL,NULL,NULL,NULL,0,NULL,NULL,NULL,NULL,NULL,NULL,NULL,NULL,NULL,NULL,NULL,NULL,NULL,NULL,NULL,NULL,NULL,NULL,NULL,NULL,NULL,NULL,NULL,NULL,NULL,NULL,NULL,NULL,NULL,NULL,NULL,NULL,NULL,NULL,NULL,NULL,NULL),(134,'villanymotor','electric motor',133,NULL,0,NULL,NULL,'',NULL,NULL,NULL,NULL,NULL,NULL,NULL,NULL,NULL,NULL,0,NULL,NULL,NULL,NULL,NULL,NULL,NULL,NULL,NULL,NULL,NULL,NULL,NULL,NULL,NULL,NULL,NULL,NULL,NULL,NULL,NULL,NULL,NULL,NULL,NULL,NULL,NULL,NULL,NULL,NULL,NULL,NULL,NULL,NULL,NULL,NULL,NULL),(135,'hajtómű','gearbox',134,NULL,0,NULL,NULL,'',NULL,NULL,NULL,NULL,NULL,NULL,NULL,NULL,NULL,NULL,0,NULL,NULL,NULL,NULL,NULL,NULL,NULL,NULL,NULL,NULL,NULL,NULL,NULL,NULL,NULL,NULL,NULL,NULL,NULL,NULL,NULL,NULL,NULL,NULL,NULL,NULL,NULL,NULL,NULL,NULL,NULL,NULL,NULL,NULL,NULL,NULL,NULL),(136,'Levegőelőkészítő','Service unit',119,NULL,0,NULL,NULL,'',NULL,NULL,NULL,NULL,NULL,NULL,NULL,NULL,NULL,NULL,0,NULL,NULL,NULL,NULL,NULL,NULL,NULL,NULL,NULL,NULL,NULL,NULL,NULL,NULL,NULL,NULL,NULL,NULL,NULL,NULL,NULL,NULL,NULL,NULL,NULL,NULL,NULL,NULL,NULL,NULL,NULL,NULL,NULL,NULL,NULL,NULL,NULL),(137,'Gyorsleűrítő-lágyindító szelep','Soft start quick exaust unit',136,24,0,NULL,55,'',NULL,NULL,NULL,NULL,NULL,NULL,NULL,NULL,NULL,NULL,0,NULL,NULL,NULL,NULL,NULL,NULL,NULL,NULL,NULL,NULL,NULL,NULL,NULL,NULL,NULL,NULL,NULL,NULL,NULL,NULL,NULL,NULL,NULL,NULL,NULL,NULL,NULL,NULL,NULL,NULL,NULL,NULL,NULL,NULL,NULL,NULL,NULL),(138,'Szűrő-nyomásszabályzó','Filter-regulator unit',136,24,0,NULL,56,'',NULL,NULL,NULL,NULL,NULL,NULL,NULL,NULL,NULL,NULL,0,NULL,NULL,NULL,NULL,NULL,NULL,NULL,NULL,NULL,NULL,NULL,NULL,NULL,NULL,NULL,NULL,NULL,NULL,NULL,NULL,NULL,NULL,NULL,NULL,NULL,NULL,NULL,NULL,NULL,NULL,NULL,NULL,NULL,NULL,NULL,NULL,NULL),(139,'Gyár utca','Gyar str',0,NULL,0,NULL,NULL,'',NULL,NULL,NULL,NULL,NULL,NULL,NULL,NULL,NULL,NULL,5,NULL,NULL,NULL,NULL,NULL,NULL,NULL,NULL,NULL,NULL,NULL,NULL,NULL,NULL,NULL,NULL,NULL,NULL,NULL,NULL,NULL,NULL,NULL,NULL,NULL,NULL,NULL,NULL,NULL,NULL,NULL,NULL,NULL,NULL,NULL,NULL,NULL),(140,'Épület','Building',139,NULL,0,NULL,NULL,'',NULL,NULL,NULL,NULL,NULL,NULL,NULL,NULL,NULL,NULL,0,NULL,NULL,NULL,NULL,NULL,NULL,NULL,NULL,NULL,NULL,NULL,NULL,NULL,NULL,NULL,NULL,NULL,NULL,NULL,NULL,NULL,NULL,NULL,NULL,NULL,NULL,NULL,NULL,NULL,NULL,NULL,NULL,NULL,NULL,NULL,NULL,NULL),(141,'Első szekcionált kapu','Fore chain door',140,NULL,0,NULL,NULL,'',49,71,154,NULL,NULL,NULL,NULL,NULL,NULL,NULL,0,NULL,NULL,1,NULL,NULL,NULL,NULL,NULL,NULL,NULL,NULL,NULL,NULL,NULL,NULL,NULL,NULL,NULL,NULL,NULL,NULL,NULL,NULL,NULL,NULL,NULL,NULL,NULL,NULL,NULL,NULL,NULL,NULL,NULL,NULL,NULL,NULL),(142,'raszterhenger','engraved roll',127,5,0,NULL,58,'OL-800-1370',80,NULL,NULL,NULL,NULL,NULL,1,2,NULL,NULL,0,NULL,NULL,1,NULL,NULL,NULL,NULL,NULL,NULL,NULL,NULL,NULL,NULL,NULL,NULL,NULL,NULL,NULL,NULL,NULL,NULL,NULL,NULL,NULL,NULL,NULL,NULL,NULL,NULL,NULL,NULL,NULL,NULL,NULL,NULL,NULL,NULL),(143,'felhordó nyomóhenger','coater pull roll',127,5,0,NULL,59,'OL-800-1361',NULL,NULL,NULL,NULL,NULL,NULL,2,2,NULL,NULL,0,NULL,NULL,1,NULL,NULL,NULL,NULL,NULL,NULL,NULL,NULL,NULL,NULL,NULL,NULL,NULL,NULL,NULL,NULL,NULL,NULL,NULL,NULL,NULL,NULL,NULL,NULL,NULL,NULL,NULL,NULL,NULL,NULL,NULL,NULL,NULL,NULL),(144,'gőzellátás','steam supply',128,NULL,0,NULL,NULL,'',NULL,NULL,NULL,NULL,NULL,NULL,NULL,NULL,NULL,NULL,0,NULL,NULL,1,NULL,NULL,NULL,NULL,NULL,NULL,NULL,NULL,NULL,NULL,NULL,NULL,NULL,NULL,NULL,NULL,NULL,NULL,NULL,NULL,NULL,NULL,NULL,NULL,NULL,NULL,NULL,NULL,NULL,NULL,NULL,NULL,NULL,NULL),(145,'gőzasztal','steam table',128,NULL,0,NULL,NULL,'',NULL,NULL,NULL,NULL,NULL,NULL,NULL,NULL,NULL,NULL,0,NULL,NULL,NULL,NULL,NULL,NULL,NULL,NULL,NULL,NULL,NULL,NULL,NULL,NULL,NULL,NULL,NULL,NULL,NULL,NULL,NULL,NULL,NULL,NULL,NULL,NULL,NULL,NULL,NULL,NULL,NULL,NULL,NULL,NULL,NULL,NULL,NULL),(146,'gőzszelep 1','steam valve 1',145,NULL,0,NULL,NULL,'',NULL,NULL,NULL,NULL,NULL,NULL,NULL,NULL,NULL,NULL,0,NULL,NULL,NULL,NULL,NULL,NULL,NULL,NULL,NULL,NULL,NULL,NULL,NULL,NULL,NULL,NULL,NULL,NULL,NULL,NULL,NULL,NULL,NULL,NULL,NULL,NULL,NULL,NULL,NULL,NULL,NULL,NULL,NULL,NULL,NULL,NULL,NULL),(147,'működtető 1','actuator 1',146,13,0,NULL,62,'',NULL,NULL,NULL,NULL,NULL,NULL,NULL,NULL,NULL,NULL,0,NULL,NULL,NULL,NULL,NULL,NULL,NULL,NULL,NULL,NULL,NULL,NULL,NULL,NULL,NULL,NULL,NULL,NULL,NULL,NULL,NULL,NULL,NULL,NULL,NULL,NULL,NULL,NULL,NULL,NULL,NULL,NULL,NULL,NULL,NULL,NULL,NULL),(148,'Padlófigyelő','Floor scanner',81,3,0,NULL,63,'',NULL,NULL,NULL,NULL,NULL,NULL,NULL,NULL,NULL,NULL,0,NULL,NULL,1,NULL,NULL,NULL,NULL,NULL,NULL,NULL,NULL,NULL,NULL,NULL,NULL,NULL,NULL,NULL,NULL,NULL,NULL,NULL,NULL,NULL,NULL,NULL,NULL,NULL,NULL,NULL,NULL,NULL,NULL,NULL,NULL,NULL,NULL),(149,'HMI','HMI',67,65,0,NULL,66,'',56,NULL,NULL,NULL,NULL,NULL,NULL,NULL,NULL,NULL,0,NULL,NULL,NULL,NULL,NULL,NULL,NULL,NULL,NULL,NULL,NULL,NULL,NULL,NULL,NULL,NULL,NULL,NULL,NULL,NULL,NULL,NULL,NULL,NULL,NULL,NULL,NULL,NULL,NULL,NULL,NULL,NULL,NULL,NULL,NULL,NULL,NULL),(150,'Besco CBB1500TSP5 14022 tekercsemelő','Besco CBB1500TSP5 14022 reel lifter',0,NULL,9,NULL,NULL,'',78,NULL,NULL,NULL,NULL,NULL,NULL,NULL,NULL,NULL,2,NULL,NULL,NULL,NULL,NULL,NULL,NULL,NULL,NULL,NULL,NULL,NULL,NULL,NULL,NULL,NULL,NULL,NULL,NULL,NULL,NULL,NULL,NULL,NULL,NULL,NULL,NULL,NULL,NULL,NULL,NULL,NULL,NULL,NULL,NULL,NULL,NULL),(151,'Besco CBB1500TSP8 14719 tekercsemelő','Besco CBB1500TSP8 14719 reel lifter',0,NULL,9,NULL,NULL,'',NULL,NULL,NULL,NULL,NULL,NULL,NULL,NULL,NULL,NULL,2,NULL,NULL,NULL,NULL,NULL,NULL,NULL,NULL,NULL,NULL,NULL,NULL,NULL,NULL,NULL,NULL,NULL,NULL,NULL,NULL,NULL,NULL,NULL,NULL,NULL,NULL,NULL,NULL,NULL,NULL,NULL,NULL,NULL,NULL,NULL,NULL,NULL),(152,'Toyota SWE120 gyalogkíséretű targonca','Toyota SWE120 pedestrian stacker',450,NULL,2,NULL,NULL,'',152,NULL,NULL,NULL,NULL,NULL,NULL,NULL,NULL,NULL,NULL,NULL,NULL,1,NULL,NULL,NULL,NULL,NULL,NULL,NULL,NULL,NULL,NULL,NULL,NULL,NULL,NULL,NULL,NULL,NULL,NULL,NULL,NULL,NULL,NULL,NULL,NULL,NULL,NULL,NULL,NULL,NULL,NULL,NULL,NULL,NULL,NULL),(153,'Érzékelők','Sensors',131,NULL,0,NULL,NULL,'',NULL,NULL,NULL,NULL,NULL,NULL,NULL,NULL,NULL,NULL,0,NULL,NULL,NULL,NULL,NULL,NULL,NULL,NULL,NULL,NULL,NULL,NULL,NULL,NULL,NULL,NULL,NULL,NULL,NULL,NULL,NULL,NULL,NULL,NULL,NULL,NULL,NULL,NULL,NULL,NULL,NULL,NULL,NULL,NULL,NULL,NULL,NULL),(154,'Bála a tűztérben','Bale int the firebox',153,3,0,NULL,67,'',72,NULL,NULL,NULL,NULL,NULL,NULL,NULL,NULL,NULL,0,NULL,NULL,NULL,NULL,NULL,NULL,NULL,NULL,NULL,NULL,NULL,NULL,NULL,NULL,NULL,NULL,NULL,NULL,NULL,NULL,NULL,NULL,NULL,NULL,NULL,NULL,NULL,NULL,NULL,NULL,NULL,NULL,NULL,NULL,NULL,NULL,NULL),(155,'légszárító-Gyár utca','air dryer-Gyar str.',170,NULL,17,NULL,NULL,'',57,NULL,NULL,NULL,NULL,NULL,NULL,NULL,NULL,NULL,0,NULL,NULL,NULL,NULL,NULL,NULL,NULL,NULL,NULL,NULL,NULL,NULL,NULL,NULL,NULL,NULL,NULL,NULL,NULL,NULL,NULL,NULL,NULL,NULL,NULL,NULL,NULL,NULL,NULL,NULL,NULL,NULL,NULL,NULL,NULL,NULL,NULL),(156,'Emelőhenger','Lifting cylinder',183,13,0,NULL,68,'',NULL,NULL,NULL,NULL,NULL,NULL,NULL,NULL,NULL,NULL,0,NULL,NULL,NULL,NULL,NULL,NULL,NULL,NULL,NULL,NULL,NULL,NULL,NULL,NULL,NULL,NULL,NULL,NULL,NULL,NULL,NULL,NULL,NULL,NULL,NULL,NULL,NULL,NULL,NULL,NULL,NULL,NULL,NULL,NULL,NULL,NULL,NULL),(157,'javítókészlet','repair kit',156,13,0,NULL,69,'',NULL,NULL,NULL,NULL,NULL,NULL,NULL,NULL,NULL,NULL,0,NULL,NULL,NULL,NULL,NULL,NULL,NULL,NULL,NULL,NULL,NULL,NULL,NULL,NULL,NULL,NULL,NULL,NULL,NULL,NULL,NULL,NULL,NULL,NULL,NULL,NULL,NULL,NULL,NULL,NULL,NULL,NULL,NULL,NULL,NULL,NULL,NULL),(158,'tálcamozgató','tray mover',127,NULL,0,NULL,NULL,'',NULL,NULL,NULL,NULL,NULL,NULL,NULL,NULL,NULL,NULL,0,NULL,NULL,NULL,NULL,NULL,NULL,NULL,NULL,NULL,NULL,NULL,NULL,NULL,NULL,NULL,NULL,NULL,NULL,NULL,NULL,NULL,NULL,NULL,NULL,NULL,NULL,NULL,NULL,NULL,NULL,NULL,NULL,NULL,NULL,NULL,NULL,NULL),(159,'pneumatikahenger','pneumatic cylinder',158,13,0,NULL,0,'',NULL,NULL,NULL,NULL,NULL,NULL,NULL,NULL,NULL,NULL,0,NULL,NULL,NULL,NULL,NULL,NULL,NULL,NULL,NULL,NULL,NULL,NULL,NULL,NULL,NULL,NULL,NULL,NULL,NULL,NULL,NULL,NULL,NULL,NULL,NULL,NULL,NULL,NULL,NULL,NULL,NULL,NULL,NULL,NULL,NULL,NULL,NULL),(160,'Gyár utca gázkazán Buderus Logano G334','Gyar str. gas boiler Buderus Logano G334',0,NULL,22,NULL,NULL,'',60,NULL,NULL,NULL,NULL,NULL,NULL,NULL,NULL,NULL,3,NULL,NULL,NULL,NULL,NULL,NULL,NULL,NULL,NULL,NULL,NULL,NULL,NULL,NULL,NULL,NULL,NULL,NULL,NULL,NULL,NULL,NULL,NULL,NULL,NULL,NULL,NULL,NULL,NULL,NULL,NULL,NULL,NULL,NULL,NULL,NULL,NULL),(161,'Vezérlés BUDERUS Logamatic 4211','Controller BUDERUS Logamatic 4211',160,NULL,0,NULL,NULL,'',59,NULL,NULL,NULL,NULL,NULL,NULL,NULL,NULL,NULL,0,NULL,NULL,NULL,NULL,NULL,NULL,NULL,NULL,NULL,NULL,NULL,NULL,NULL,NULL,NULL,NULL,NULL,NULL,NULL,NULL,NULL,NULL,NULL,NULL,NULL,NULL,NULL,NULL,NULL,NULL,NULL,NULL,NULL,NULL,NULL,NULL,NULL),(162,'gőz alkatrészek','steam parts',131,NULL,0,NULL,NULL,'',NULL,NULL,NULL,NULL,NULL,NULL,NULL,NULL,NULL,NULL,0,NULL,NULL,NULL,NULL,NULL,NULL,NULL,NULL,NULL,NULL,NULL,NULL,NULL,NULL,NULL,NULL,NULL,NULL,NULL,NULL,NULL,NULL,NULL,NULL,NULL,NULL,NULL,NULL,NULL,NULL,NULL,NULL,NULL,NULL,NULL,NULL,NULL),(163,'biztonsági szelep 2db','safety valve 2db',162,68,0,NULL,70,'',NULL,NULL,NULL,NULL,NULL,NULL,NULL,NULL,NULL,NULL,0,NULL,NULL,NULL,NULL,NULL,NULL,NULL,NULL,NULL,NULL,NULL,NULL,NULL,NULL,NULL,NULL,NULL,NULL,NULL,NULL,NULL,NULL,NULL,NULL,NULL,NULL,NULL,NULL,NULL,NULL,NULL,NULL,NULL,NULL,NULL,NULL,NULL),(164,'Vezérlés','Controller',28,NULL,0,NULL,NULL,'',NULL,NULL,NULL,NULL,NULL,NULL,NULL,NULL,NULL,NULL,0,NULL,NULL,NULL,NULL,NULL,NULL,NULL,NULL,NULL,NULL,NULL,NULL,NULL,NULL,NULL,NULL,NULL,NULL,NULL,NULL,NULL,NULL,NULL,NULL,NULL,NULL,NULL,NULL,NULL,NULL,NULL,NULL,NULL,NULL,NULL,NULL,NULL),(165,'HMI','HMI',164,NULL,0,NULL,NULL,'',NULL,NULL,NULL,NULL,NULL,NULL,NULL,NULL,NULL,NULL,0,NULL,NULL,NULL,NULL,NULL,NULL,NULL,NULL,NULL,NULL,NULL,NULL,NULL,NULL,NULL,NULL,NULL,NULL,NULL,NULL,NULL,NULL,NULL,NULL,NULL,NULL,NULL,NULL,NULL,NULL,NULL,NULL,NULL,NULL,NULL,NULL,NULL),(166,'szélszabályzó 3','edge guide 3',460,NULL,0,NULL,NULL,'',62,NULL,NULL,NULL,NULL,NULL,NULL,NULL,NULL,NULL,0,NULL,NULL,1,NULL,NULL,NULL,NULL,NULL,NULL,NULL,NULL,NULL,NULL,NULL,NULL,NULL,NULL,NULL,NULL,NULL,NULL,NULL,NULL,NULL,NULL,NULL,NULL,NULL,NULL,NULL,NULL,NULL,NULL,NULL,NULL,NULL,NULL),(167,'szélszabályzó 2','edge guide 2',460,NULL,0,NULL,NULL,'',62,NULL,NULL,NULL,NULL,NULL,NULL,NULL,NULL,NULL,0,NULL,NULL,NULL,NULL,NULL,NULL,NULL,NULL,NULL,NULL,NULL,NULL,NULL,NULL,NULL,NULL,NULL,NULL,NULL,NULL,NULL,NULL,NULL,NULL,NULL,NULL,NULL,NULL,NULL,NULL,NULL,NULL,NULL,NULL,NULL,NULL,NULL),(168,'szélszabályzó 1','edge guide 1',460,0,0,0,0,'',62,0,0,0,0,0,0,0,0,0,NULL,NULL,NULL,NULL,NULL,NULL,NULL,NULL,NULL,NULL,NULL,NULL,NULL,NULL,NULL,NULL,NULL,NULL,NULL,NULL,NULL,NULL,NULL,NULL,NULL,NULL,NULL,NULL,NULL,NULL,NULL,NULL,NULL,NULL,NULL,NULL,NULL,NULL),(169,'Fonó utca gőz rendszer','Fonó str steam system',0,NULL,6,NULL,NULL,'',NULL,NULL,NULL,NULL,NULL,NULL,NULL,NULL,NULL,NULL,3,NULL,NULL,1,NULL,NULL,NULL,NULL,NULL,NULL,NULL,NULL,NULL,NULL,NULL,NULL,NULL,NULL,NULL,NULL,NULL,NULL,NULL,NULL,NULL,NULL,NULL,NULL,NULL,NULL,NULL,NULL,NULL,NULL,NULL,NULL,NULL,NULL),(170,'Gyár utca sűrített levegő rendszer','Gyár str. compressed air system',0,NULL,10,NULL,NULL,'',NULL,NULL,NULL,NULL,NULL,NULL,NULL,NULL,NULL,NULL,3,NULL,NULL,NULL,NULL,NULL,NULL,NULL,NULL,NULL,NULL,NULL,NULL,NULL,NULL,NULL,NULL,NULL,NULL,NULL,NULL,NULL,NULL,NULL,NULL,NULL,NULL,NULL,NULL,NULL,NULL,NULL,NULL,NULL,NULL,NULL,NULL,NULL),(171,'Fonó utca sűrített levegő rendszer','Fonó str. compressed air system',0,NULL,6,NULL,NULL,'',NULL,NULL,NULL,NULL,NULL,NULL,NULL,NULL,NULL,NULL,3,NULL,NULL,1,NULL,NULL,NULL,NULL,NULL,NULL,NULL,NULL,NULL,NULL,NULL,NULL,NULL,NULL,NULL,NULL,NULL,NULL,NULL,NULL,NULL,NULL,NULL,NULL,NULL,NULL,NULL,NULL,NULL,NULL,NULL,NULL,NULL,NULL),(172,'kompresszor 1 Worthington','air compressor Worthington',171,59,0,NULL,71,'',NULL,NULL,NULL,NULL,NULL,NULL,NULL,NULL,NULL,NULL,0,NULL,NULL,NULL,NULL,NULL,NULL,NULL,NULL,NULL,NULL,NULL,NULL,NULL,NULL,NULL,NULL,NULL,NULL,NULL,NULL,NULL,NULL,NULL,NULL,NULL,NULL,NULL,NULL,NULL,NULL,NULL,NULL,NULL,NULL,NULL,NULL,NULL),(173,'komresszor 2 Kaeser','air compressor 2 Kaeser',171,59,0,NULL,72,'',NULL,NULL,NULL,NULL,NULL,NULL,NULL,NULL,NULL,NULL,0,NULL,NULL,NULL,NULL,NULL,NULL,NULL,NULL,NULL,NULL,NULL,NULL,NULL,NULL,NULL,NULL,NULL,NULL,NULL,NULL,NULL,NULL,NULL,NULL,NULL,NULL,NULL,NULL,NULL,NULL,NULL,NULL,NULL,NULL,NULL,NULL,NULL),(174,'kompresszor lakkozó','compressor varnishing',171,59,0,NULL,74,'',NULL,NULL,NULL,NULL,NULL,NULL,NULL,NULL,NULL,NULL,0,NULL,NULL,NULL,NULL,NULL,NULL,NULL,NULL,NULL,NULL,NULL,NULL,NULL,NULL,NULL,NULL,NULL,NULL,NULL,NULL,NULL,NULL,NULL,NULL,NULL,NULL,NULL,NULL,NULL,NULL,NULL,NULL,NULL,NULL,NULL,NULL,NULL),(175,'gázégő 1','gas burner 1',470,NULL,0,NULL,NULL,'',NULL,NULL,NULL,NULL,NULL,NULL,NULL,NULL,NULL,NULL,0,NULL,NULL,NULL,NULL,NULL,NULL,NULL,NULL,NULL,NULL,NULL,NULL,NULL,NULL,NULL,NULL,NULL,NULL,NULL,NULL,NULL,NULL,NULL,NULL,NULL,NULL,NULL,NULL,NULL,NULL,NULL,NULL,NULL,NULL,NULL,NULL,NULL),(176,'gázszabályzó szelep','gas controller valve',175,NULL,0,NULL,NULL,'',NULL,NULL,NULL,NULL,NULL,NULL,NULL,NULL,NULL,NULL,0,NULL,NULL,NULL,NULL,NULL,NULL,NULL,NULL,NULL,NULL,NULL,NULL,NULL,NULL,NULL,NULL,NULL,NULL,NULL,NULL,NULL,NULL,NULL,NULL,NULL,NULL,NULL,NULL,NULL,NULL,NULL,NULL,NULL,NULL,NULL,NULL,NULL),(177,'forgató','actuator',176,1,0,NULL,75,'',NULL,NULL,NULL,NULL,NULL,NULL,NULL,NULL,NULL,NULL,0,NULL,NULL,NULL,NULL,NULL,NULL,NULL,NULL,NULL,NULL,NULL,NULL,NULL,NULL,NULL,NULL,NULL,NULL,NULL,NULL,NULL,NULL,NULL,NULL,NULL,NULL,NULL,NULL,NULL,NULL,NULL,NULL,NULL,NULL,NULL,NULL,NULL),(178,'Polytype','Polyszil',0,NULL,8,NULL,NULL,'',NULL,NULL,NULL,NULL,NULL,NULL,NULL,NULL,NULL,NULL,1,NULL,NULL,NULL,NULL,NULL,NULL,NULL,NULL,NULL,NULL,NULL,NULL,NULL,NULL,NULL,NULL,NULL,NULL,NULL,NULL,NULL,NULL,NULL,NULL,NULL,NULL,NULL,NULL,NULL,NULL,NULL,NULL,NULL,NULL,NULL,NULL,NULL),(179,'Polytype','Polytype',178,NULL,0,NULL,NULL,'',NULL,NULL,NULL,NULL,NULL,NULL,NULL,NULL,NULL,NULL,0,NULL,NULL,NULL,NULL,NULL,NULL,NULL,NULL,NULL,NULL,NULL,NULL,NULL,NULL,NULL,NULL,NULL,NULL,NULL,NULL,NULL,NULL,NULL,NULL,NULL,NULL,NULL,NULL,NULL,NULL,NULL,NULL,NULL,NULL,NULL,NULL,NULL),(180,'Szilikonozó rész','Silicon coating part',178,NULL,0,NULL,NULL,'',NULL,NULL,NULL,NULL,NULL,NULL,NULL,NULL,NULL,NULL,0,NULL,NULL,NULL,NULL,NULL,NULL,NULL,NULL,NULL,NULL,NULL,NULL,NULL,NULL,NULL,NULL,NULL,NULL,NULL,NULL,NULL,NULL,NULL,NULL,NULL,NULL,NULL,NULL,NULL,NULL,NULL,NULL,NULL,NULL,NULL,NULL,NULL),(181,'Hidraulika rendszer','Hydraulic system',179,NULL,0,NULL,NULL,'',NULL,NULL,NULL,NULL,NULL,NULL,NULL,NULL,NULL,NULL,0,NULL,NULL,NULL,NULL,NULL,NULL,NULL,NULL,NULL,NULL,NULL,NULL,NULL,NULL,NULL,NULL,NULL,NULL,NULL,NULL,NULL,NULL,NULL,NULL,NULL,NULL,NULL,NULL,NULL,NULL,NULL,NULL,NULL,NULL,NULL,NULL,NULL),(182,'szivattyú','pump',440,38,0,NULL,76,'',NULL,NULL,NULL,NULL,NULL,NULL,NULL,NULL,NULL,NULL,0,'130bar','',NULL,NULL,NULL,NULL,NULL,NULL,NULL,NULL,NULL,NULL,NULL,NULL,NULL,NULL,NULL,NULL,NULL,NULL,NULL,NULL,NULL,NULL,NULL,NULL,NULL,NULL,NULL,NULL,NULL,NULL,NULL,NULL,NULL,NULL,NULL),(183,'Szárító 3','Dryer 3',60,NULL,0,NULL,NULL,'',NULL,NULL,NULL,NULL,NULL,NULL,NULL,NULL,NULL,NULL,0,NULL,NULL,NULL,NULL,NULL,NULL,NULL,NULL,NULL,NULL,NULL,NULL,NULL,NULL,NULL,NULL,NULL,NULL,NULL,NULL,NULL,NULL,NULL,NULL,NULL,NULL,NULL,NULL,NULL,NULL,NULL,NULL,NULL,NULL,NULL,NULL,NULL),(184,'gázégő 2','gas burner 2',470,0,0,0,0,'',0,0,0,0,0,0,0,0,0,0,NULL,NULL,NULL,NULL,NULL,NULL,NULL,NULL,NULL,NULL,NULL,NULL,NULL,NULL,NULL,NULL,NULL,NULL,NULL,NULL,NULL,NULL,NULL,NULL,NULL,NULL,NULL,NULL,NULL,NULL,NULL,NULL,NULL,NULL,NULL,NULL,NULL,NULL),(185,'gázszabályzó szelep','gas controller valve',184,0,0,0,0,'',0,0,0,0,0,0,0,0,0,0,NULL,NULL,NULL,NULL,NULL,NULL,NULL,NULL,NULL,NULL,NULL,NULL,NULL,NULL,NULL,NULL,NULL,NULL,NULL,NULL,NULL,NULL,NULL,NULL,NULL,NULL,NULL,NULL,NULL,NULL,NULL,NULL,NULL,NULL,NULL,NULL,NULL,NULL),(186,'forgató','actuator',185,1,0,0,75,'',0,0,0,0,0,0,0,0,0,0,NULL,NULL,NULL,NULL,NULL,NULL,NULL,NULL,NULL,NULL,NULL,NULL,NULL,NULL,NULL,NULL,NULL,NULL,NULL,NULL,NULL,NULL,NULL,NULL,NULL,NULL,NULL,NULL,NULL,NULL,NULL,NULL,NULL,NULL,NULL,NULL,NULL,NULL),(187,'W2 hajtás','W2 drive',516,NULL,0,NULL,NULL,'',NULL,NULL,NULL,NULL,NULL,NULL,NULL,NULL,NULL,NULL,0,NULL,NULL,NULL,NULL,NULL,NULL,NULL,NULL,NULL,NULL,NULL,NULL,NULL,NULL,NULL,NULL,NULL,NULL,NULL,NULL,NULL,NULL,NULL,NULL,NULL,NULL,NULL,NULL,NULL,NULL,NULL,NULL,NULL,NULL,NULL,NULL,NULL),(188,'nyomóhenger','push roll',187,5,0,NULL,79,'',NULL,NULL,NULL,NULL,NULL,NULL,NULL,NULL,NULL,NULL,0,NULL,NULL,NULL,NULL,NULL,NULL,NULL,NULL,NULL,NULL,NULL,NULL,NULL,NULL,NULL,NULL,NULL,NULL,NULL,NULL,NULL,NULL,NULL,NULL,NULL,NULL,NULL,NULL,NULL,NULL,NULL,NULL,NULL,NULL,NULL,NULL,NULL),(189,'bálabontó','bale spliter',131,NULL,0,NULL,NULL,'',NULL,NULL,NULL,NULL,NULL,NULL,NULL,NULL,NULL,NULL,0,'','',NULL,NULL,NULL,NULL,NULL,NULL,NULL,NULL,NULL,NULL,NULL,NULL,NULL,NULL,NULL,NULL,NULL,NULL,NULL,NULL,NULL,NULL,NULL,NULL,NULL,NULL,NULL,NULL,NULL,NULL,NULL,NULL,NULL,NULL,NULL),(190,'villanymotor','electric motor',189,1,0,NULL,80,'',NULL,NULL,NULL,NULL,NULL,NULL,NULL,NULL,NULL,NULL,0,'','',NULL,NULL,NULL,NULL,NULL,NULL,NULL,NULL,NULL,NULL,NULL,NULL,NULL,NULL,NULL,NULL,NULL,NULL,NULL,NULL,NULL,NULL,NULL,NULL,NULL,NULL,NULL,NULL,NULL,NULL,NULL,NULL,NULL,NULL,NULL),(191,'szállítólánc','transport chain',133,70,0,NULL,81,'',73,NULL,NULL,NULL,NULL,NULL,NULL,NULL,NULL,NULL,0,'','',NULL,NULL,NULL,NULL,NULL,NULL,NULL,NULL,NULL,NULL,NULL,NULL,NULL,NULL,NULL,NULL,NULL,NULL,NULL,NULL,NULL,NULL,NULL,NULL,NULL,NULL,NULL,NULL,NULL,NULL,NULL,NULL,NULL,NULL,NULL),(192,'gőznyomás','steam pressure',153,3,0,NULL,84,'',NULL,NULL,NULL,NULL,NULL,NULL,NULL,NULL,NULL,NULL,0,'','',NULL,NULL,NULL,NULL,NULL,NULL,NULL,NULL,NULL,NULL,NULL,NULL,NULL,NULL,NULL,NULL,NULL,NULL,NULL,NULL,NULL,NULL,NULL,NULL,NULL,NULL,NULL,NULL,NULL,NULL,NULL,NULL,NULL,NULL,NULL),(193,'Jungheinrich EFG425K','Jungheinrich EFG425K',450,NULL,0,NULL,NULL,'',74,NULL,NULL,NULL,NULL,NULL,NULL,NULL,NULL,NULL,NULL,'','',1,NULL,NULL,NULL,NULL,NULL,NULL,NULL,NULL,NULL,NULL,NULL,NULL,NULL,NULL,NULL,NULL,NULL,NULL,NULL,NULL,NULL,NULL,NULL,NULL,NULL,NULL,NULL,NULL,NULL,NULL,NULL,NULL,NULL,NULL),(194,'hidraulika szivattyú','hydraulic pump',456,38,0,NULL,82,'',75,NULL,NULL,NULL,NULL,NULL,NULL,NULL,NULL,NULL,0,'','',NULL,NULL,NULL,NULL,NULL,NULL,NULL,NULL,NULL,NULL,NULL,NULL,NULL,NULL,NULL,NULL,NULL,NULL,NULL,NULL,NULL,NULL,NULL,NULL,NULL,NULL,NULL,NULL,NULL,NULL,NULL,NULL,NULL,NULL,NULL),(195,'villanymotor','electric motor',440,1,0,NULL,83,'',NULL,NULL,NULL,NULL,NULL,NULL,NULL,NULL,NULL,NULL,0,'','',NULL,NULL,NULL,NULL,NULL,NULL,NULL,NULL,NULL,NULL,NULL,NULL,NULL,NULL,NULL,NULL,NULL,NULL,NULL,NULL,NULL,NULL,NULL,NULL,NULL,NULL,NULL,NULL,NULL,NULL,NULL,NULL,NULL,NULL,NULL),(196,'bála a szalag végén','bale at the end of the puffer',153,3,0,NULL,85,'',NULL,NULL,NULL,NULL,NULL,NULL,NULL,NULL,NULL,NULL,0,'','',NULL,NULL,NULL,NULL,NULL,NULL,NULL,NULL,NULL,NULL,NULL,NULL,NULL,NULL,NULL,NULL,NULL,NULL,NULL,NULL,NULL,NULL,NULL,NULL,NULL,NULL,NULL,NULL,NULL,NULL,NULL,NULL,NULL,NULL,NULL),(197,'kézi vezérlő','control handle',73,NULL,0,NULL,NULL,'',NULL,NULL,NULL,NULL,NULL,NULL,NULL,NULL,NULL,NULL,0,'','',NULL,NULL,NULL,NULL,NULL,NULL,NULL,NULL,NULL,NULL,NULL,NULL,NULL,NULL,NULL,NULL,NULL,NULL,NULL,NULL,NULL,NULL,NULL,NULL,NULL,NULL,NULL,NULL,NULL,NULL,NULL,NULL,NULL,NULL,NULL),(198,'potméter','potentiometer',197,71,0,NULL,86,'',NULL,NULL,NULL,NULL,NULL,NULL,NULL,NULL,NULL,NULL,0,'','',NULL,NULL,NULL,NULL,NULL,NULL,NULL,NULL,NULL,NULL,NULL,NULL,NULL,NULL,NULL,NULL,NULL,NULL,NULL,NULL,NULL,NULL,NULL,NULL,NULL,NULL,NULL,NULL,NULL,NULL,NULL,NULL,NULL,NULL,NULL),(199,'kézi vezérlő','control handle',150,0,0,0,0,'',0,0,0,0,0,0,0,0,0,0,NULL,NULL,NULL,NULL,NULL,NULL,NULL,NULL,NULL,NULL,NULL,NULL,NULL,NULL,NULL,NULL,NULL,NULL,NULL,NULL,NULL,NULL,NULL,NULL,NULL,NULL,NULL,NULL,NULL,NULL,NULL,NULL,NULL,NULL,NULL,NULL,NULL,NULL),(200,'potméter','potentiometer',199,71,0,0,86,'',0,0,0,0,0,0,0,0,0,0,NULL,NULL,NULL,NULL,NULL,NULL,NULL,NULL,NULL,NULL,NULL,NULL,NULL,NULL,NULL,NULL,NULL,NULL,NULL,NULL,NULL,NULL,NULL,NULL,NULL,NULL,NULL,NULL,NULL,NULL,NULL,NULL,NULL,NULL,NULL,NULL,NULL,NULL),(201,'kézi vezérlő','control handle',151,0,0,0,0,'',0,0,0,0,0,0,0,0,0,0,NULL,NULL,NULL,NULL,NULL,NULL,NULL,NULL,NULL,NULL,NULL,NULL,NULL,NULL,NULL,NULL,NULL,NULL,NULL,NULL,NULL,NULL,NULL,NULL,NULL,NULL,NULL,NULL,NULL,NULL,NULL,NULL,NULL,NULL,NULL,NULL,NULL,NULL),(202,'potméter','potentiometer',201,71,0,0,86,'',0,0,0,0,0,0,0,0,0,0,NULL,NULL,NULL,NULL,NULL,NULL,NULL,NULL,NULL,NULL,NULL,NULL,NULL,NULL,NULL,NULL,NULL,NULL,NULL,NULL,NULL,NULL,NULL,NULL,NULL,NULL,NULL,NULL,NULL,NULL,NULL,NULL,NULL,NULL,NULL,NULL,NULL,NULL),(203,'Doosan B25X','Doosan B25X-5 fork lift',450,NULL,0,NULL,NULL,'',79,NULL,NULL,NULL,NULL,NULL,NULL,NULL,NULL,NULL,NULL,'','',1,NULL,NULL,NULL,NULL,NULL,NULL,NULL,NULL,NULL,NULL,NULL,NULL,NULL,NULL,NULL,NULL,NULL,NULL,NULL,NULL,NULL,NULL,NULL,NULL,NULL,NULL,NULL,NULL,NULL,NULL,NULL,NULL,NULL,NULL),(204,'Nordmeccanica Super Combi 3000','Nordmeccanica Super Combi 3000',0,NULL,7,NULL,NULL,'',NULL,NULL,NULL,NULL,NULL,NULL,NULL,NULL,NULL,NULL,1,'','',NULL,NULL,NULL,NULL,NULL,NULL,NULL,NULL,NULL,NULL,NULL,NULL,NULL,NULL,NULL,NULL,NULL,NULL,NULL,NULL,NULL,NULL,NULL,NULL,NULL,NULL,NULL,NULL,NULL,NULL,NULL,NULL,NULL,NULL,NULL),(205,'Vízhűtő','Water cooler',204,60,0,NULL,90,'',NULL,NULL,NULL,NULL,NULL,NULL,NULL,NULL,NULL,NULL,0,'','',1,NULL,NULL,NULL,NULL,NULL,NULL,NULL,NULL,NULL,NULL,NULL,NULL,NULL,NULL,NULL,NULL,NULL,NULL,NULL,NULL,NULL,NULL,NULL,NULL,NULL,NULL,NULL,NULL,NULL,NULL,NULL,NULL,NULL,NULL),(206,'felső késtartók','upper knifes holder',29,NULL,0,NULL,NULL,'',NULL,NULL,NULL,NULL,NULL,NULL,NULL,NULL,NULL,NULL,0,'','',1,NULL,NULL,NULL,NULL,NULL,NULL,NULL,NULL,NULL,NULL,NULL,NULL,NULL,NULL,NULL,NULL,NULL,NULL,NULL,NULL,NULL,NULL,NULL,NULL,NULL,NULL,NULL,NULL,NULL,NULL,NULL,NULL,NULL,NULL),(207,'csapágyak (2db)','bearings (2pcs)',206,6,0,NULL,87,'',NULL,NULL,NULL,NULL,NULL,NULL,NULL,NULL,NULL,NULL,0,'','',NULL,NULL,NULL,NULL,NULL,NULL,NULL,NULL,NULL,NULL,NULL,NULL,NULL,NULL,NULL,NULL,NULL,NULL,NULL,NULL,NULL,NULL,NULL,NULL,NULL,NULL,NULL,NULL,NULL,NULL,NULL,NULL,NULL,NULL,NULL),(208,'fedőpapír letekercselő','cover unwinder',42,NULL,0,NULL,NULL,'',NULL,NULL,NULL,NULL,NULL,NULL,NULL,NULL,NULL,NULL,0,'','',1,NULL,NULL,NULL,NULL,NULL,NULL,NULL,NULL,NULL,NULL,NULL,NULL,NULL,NULL,NULL,NULL,NULL,NULL,NULL,NULL,NULL,NULL,NULL,NULL,NULL,NULL,NULL,NULL,NULL,NULL,NULL,NULL,NULL,NULL),(209,'befogópofa','chuck',208,NULL,0,NULL,NULL,'',NULL,NULL,NULL,NULL,NULL,NULL,NULL,NULL,NULL,NULL,0,'','',NULL,NULL,NULL,NULL,NULL,NULL,NULL,NULL,NULL,NULL,NULL,NULL,NULL,NULL,NULL,NULL,NULL,NULL,NULL,NULL,NULL,NULL,NULL,NULL,NULL,NULL,NULL,NULL,NULL,NULL,NULL,NULL,NULL,NULL,NULL),(210,'lineáris mozgató','linear actuator',209,13,0,NULL,88,'',NULL,NULL,NULL,NULL,NULL,NULL,NULL,NULL,NULL,NULL,0,'','',NULL,NULL,NULL,NULL,NULL,NULL,NULL,NULL,NULL,NULL,NULL,NULL,NULL,NULL,NULL,NULL,NULL,NULL,NULL,NULL,NULL,NULL,NULL,NULL,NULL,NULL,NULL,NULL,NULL,NULL,NULL,NULL,NULL,NULL,NULL),(211,'vízrendszer','water system',179,NULL,0,NULL,NULL,'',NULL,NULL,NULL,NULL,NULL,NULL,NULL,NULL,NULL,NULL,0,'','',NULL,NULL,NULL,NULL,NULL,NULL,NULL,NULL,NULL,NULL,NULL,NULL,NULL,NULL,NULL,NULL,NULL,NULL,NULL,NULL,NULL,NULL,NULL,NULL,NULL,NULL,NULL,NULL,NULL,NULL,NULL,NULL,NULL,NULL,NULL),(212,'tartály','hidrofor tank',211,73,0,NULL,89,'',NULL,NULL,NULL,NULL,NULL,NULL,NULL,NULL,NULL,NULL,0,'','',NULL,NULL,NULL,NULL,NULL,NULL,NULL,NULL,NULL,NULL,NULL,NULL,NULL,NULL,NULL,NULL,NULL,NULL,NULL,NULL,NULL,NULL,NULL,NULL,NULL,NULL,NULL,NULL,NULL,NULL,NULL,NULL,NULL,NULL,NULL),(213,'Kis hűtő','Small cooler',42,60,0,NULL,91,'',NULL,NULL,NULL,NULL,NULL,NULL,NULL,NULL,NULL,NULL,0,'','',1,NULL,NULL,NULL,NULL,NULL,NULL,NULL,NULL,NULL,NULL,NULL,NULL,NULL,NULL,NULL,NULL,NULL,NULL,NULL,NULL,NULL,NULL,NULL,NULL,NULL,NULL,NULL,NULL,NULL,NULL,NULL,NULL,NULL,NULL),(214,'hotmelt vízhűtőegység','hotmelt cooling unit',0,60,3,NULL,92,'',NULL,NULL,NULL,NULL,NULL,NULL,NULL,NULL,NULL,NULL,3,'','',NULL,NULL,NULL,NULL,NULL,NULL,NULL,NULL,NULL,NULL,NULL,NULL,NULL,NULL,NULL,NULL,NULL,NULL,NULL,NULL,NULL,NULL,NULL,NULL,NULL,NULL,NULL,NULL,NULL,NULL,NULL,NULL,NULL,NULL,NULL),(215,'szivattyú 1','pump1',214,38,0,NULL,93,'',NULL,NULL,NULL,NULL,NULL,NULL,NULL,NULL,NULL,NULL,0,'','',NULL,NULL,NULL,NULL,NULL,NULL,NULL,NULL,NULL,NULL,NULL,NULL,NULL,NULL,NULL,NULL,NULL,NULL,NULL,NULL,NULL,NULL,NULL,NULL,NULL,NULL,NULL,NULL,NULL,NULL,NULL,NULL,NULL,NULL,NULL),(216,'Hotmelt terem','Hotmelt room',140,NULL,0,NULL,NULL,'',NULL,NULL,NULL,NULL,NULL,NULL,NULL,NULL,NULL,NULL,0,'','',0,NULL,NULL,NULL,NULL,NULL,NULL,NULL,NULL,NULL,NULL,NULL,NULL,NULL,NULL,NULL,NULL,NULL,NULL,NULL,NULL,NULL,NULL,NULL,NULL,NULL,NULL,NULL,NULL,NULL,NULL,NULL,NULL,NULL,NULL),(217,'légbefúvó hűtő','air blower AC',216,60,0,NULL,0,'',NULL,NULL,NULL,NULL,NULL,NULL,NULL,NULL,NULL,NULL,0,'','',NULL,NULL,NULL,NULL,NULL,NULL,NULL,NULL,NULL,NULL,NULL,NULL,NULL,NULL,NULL,NULL,NULL,NULL,NULL,NULL,NULL,NULL,NULL,NULL,NULL,NULL,NULL,NULL,NULL,NULL,NULL,NULL,NULL,NULL,NULL),(218,'HMI','HMI',81,NULL,0,NULL,NULL,'',90,91,92,93,94,95,NULL,NULL,NULL,NULL,0,'','felh/jelszó: tech/4321',NULL,96,97,98,99,100,101,102,103,104,105,106,107,108,109,110,111,112,113,114,115,116,117,118,119,120,121,122,123,124,125,126,127,128,129),(219,'Külső feltekercselő','Outer rewinder',229,0,0,0,0,'',0,0,0,0,0,0,0,0,0,0,NULL,NULL,NULL,1,0,0,0,0,0,0,0,0,0,0,0,0,0,0,0,0,0,0,0,0,0,0,0,0,0,0,0,0,0,0,0,0,0,0),(220,'Villanymotor','Elektric motor',219,1,0,0,1,'',0,0,0,0,0,0,0,0,0,0,NULL,NULL,NULL,NULL,0,0,0,0,0,0,0,0,0,0,0,0,0,0,0,0,0,0,0,0,0,0,0,0,0,0,0,0,0,0,0,0,0,0),(221,'kúpos szorítóhüvely','taper bushing',220,33,0,0,36,'',0,0,0,0,0,0,0,0,0,0,NULL,NULL,NULL,NULL,0,0,0,0,0,0,0,0,0,0,0,0,0,0,0,0,0,0,0,0,0,0,0,0,0,0,0,0,0,0,0,0,0,0),(222,'fogasszíj tárcsa','timing belt pulley',221,28,0,0,37,'',0,0,0,0,0,0,0,0,0,0,NULL,NULL,NULL,NULL,0,0,0,0,0,0,0,0,0,0,0,0,0,0,0,0,0,0,0,0,0,0,0,0,0,0,0,0,0,0,0,0,0,0),(223,'fogasszíj','timing belt',222,29,0,0,38,'',0,0,0,0,0,0,0,0,0,0,NULL,NULL,NULL,NULL,0,0,0,0,0,0,0,0,0,0,0,0,0,0,0,0,0,0,0,0,0,0,0,0,0,0,0,0,0,0,0,0,0,0),(224,'fogasszíj tárcsa','timing belt pulley',223,28,0,0,39,'',0,0,0,0,0,0,0,0,0,0,NULL,NULL,NULL,NULL,0,0,0,0,0,0,0,0,0,0,0,0,0,0,0,0,0,0,0,0,0,0,0,0,0,0,0,0,0,0,0,0,0,0),(225,'kúpos szorítóhüvely','taper bushing',224,33,0,0,40,'',0,0,0,0,0,0,0,0,0,0,NULL,NULL,NULL,NULL,0,0,0,0,0,0,0,0,0,0,0,0,0,0,0,0,0,0,0,0,0,0,0,0,0,0,0,0,0,0,0,0,0,0),(226,'hajtótengely','drive shaft',225,0,0,0,0,'',0,0,0,0,0,0,0,0,0,0,NULL,NULL,NULL,NULL,0,0,0,0,0,0,0,0,0,0,0,0,0,0,0,0,0,0,0,0,0,0,0,0,0,0,0,0,0,0,0,0,0,0),(227,'pneumatika csatlakozó','pneumatic fitting',226,24,0,0,41,'',0,0,0,0,0,0,0,0,0,0,NULL,NULL,NULL,NULL,0,0,0,0,0,0,0,0,0,0,0,0,0,0,0,0,0,0,0,0,0,0,0,0,0,0,0,0,0,0,0,0,0,0),(228,'Frekvenciaváltó','Inverter',219,0,0,0,0,'',0,0,0,0,0,0,0,0,0,0,NULL,NULL,NULL,NULL,0,0,0,0,0,0,0,0,0,0,0,0,0,0,0,0,0,0,0,0,0,0,0,0,0,0,0,0,0,0,0,0,0,0),(229,'Feltekercselő','Rewinder',1,NULL,0,NULL,NULL,'',NULL,NULL,NULL,NULL,NULL,NULL,NULL,NULL,NULL,NULL,0,'','',NULL,NULL,NULL,NULL,NULL,NULL,NULL,NULL,NULL,NULL,NULL,NULL,NULL,NULL,NULL,NULL,NULL,NULL,NULL,NULL,NULL,NULL,NULL,NULL,NULL,NULL,NULL,NULL,NULL,NULL,NULL,NULL,NULL,NULL,NULL),(230,'layon henger','Layon roll',4,NULL,0,NULL,NULL,'',130,NULL,NULL,NULL,NULL,NULL,NULL,NULL,NULL,NULL,0,'','',1,NULL,NULL,NULL,NULL,NULL,NULL,NULL,NULL,NULL,NULL,NULL,NULL,NULL,NULL,NULL,NULL,NULL,NULL,NULL,NULL,NULL,NULL,NULL,NULL,NULL,NULL,NULL,NULL,NULL,NULL,NULL,NULL,NULL,NULL),(231,'hajtásoldali csapágy','driveside bearing',230,6,0,NULL,94,'',NULL,NULL,NULL,NULL,NULL,NULL,NULL,NULL,NULL,NULL,0,'','',NULL,NULL,NULL,NULL,NULL,NULL,NULL,NULL,NULL,NULL,NULL,NULL,NULL,NULL,NULL,NULL,NULL,NULL,NULL,NULL,NULL,NULL,NULL,NULL,NULL,NULL,NULL,NULL,NULL,NULL,NULL,NULL,NULL,NULL,NULL),(232,'kezelőoldali csapágy','operatorside bearing',230,6,0,NULL,94,'',NULL,NULL,NULL,NULL,NULL,NULL,NULL,NULL,NULL,NULL,0,'','',NULL,NULL,NULL,NULL,NULL,NULL,NULL,NULL,NULL,NULL,NULL,NULL,NULL,NULL,NULL,NULL,NULL,NULL,NULL,NULL,NULL,NULL,NULL,NULL,NULL,NULL,NULL,NULL,NULL,NULL,NULL,NULL,NULL,NULL,NULL),(233,'Fonó utca','Fonó str.',0,NULL,0,NULL,NULL,'',NULL,NULL,NULL,NULL,NULL,NULL,NULL,NULL,NULL,NULL,5,'','',NULL,NULL,NULL,NULL,NULL,NULL,NULL,NULL,NULL,NULL,NULL,NULL,NULL,NULL,NULL,NULL,NULL,NULL,NULL,NULL,NULL,NULL,NULL,NULL,NULL,NULL,NULL,NULL,NULL,NULL,NULL,NULL,NULL,NULL,NULL),(234,'Nagy épület','Main building',233,NULL,0,NULL,NULL,'',NULL,NULL,NULL,NULL,NULL,NULL,NULL,NULL,NULL,NULL,0,'','',NULL,NULL,NULL,NULL,NULL,NULL,NULL,NULL,NULL,NULL,NULL,NULL,NULL,NULL,NULL,NULL,NULL,NULL,NULL,NULL,NULL,NULL,NULL,NULL,NULL,NULL,NULL,NULL,NULL,NULL,NULL,NULL,NULL,NULL,NULL),(235,'Raktár csarnok','Store',234,NULL,0,NULL,NULL,'',NULL,NULL,NULL,NULL,NULL,NULL,NULL,NULL,NULL,NULL,0,'','',NULL,NULL,NULL,NULL,NULL,NULL,NULL,NULL,NULL,NULL,NULL,NULL,NULL,NULL,NULL,NULL,NULL,NULL,NULL,NULL,NULL,NULL,NULL,NULL,NULL,NULL,NULL,NULL,NULL,NULL,NULL,NULL,NULL,NULL,NULL),(236,'Gyorskapu Stricker GS300','High performance door Stricker GS300',235,NULL,0,NULL,NULL,'',139,NULL,NULL,NULL,NULL,NULL,NULL,NULL,NULL,NULL,0,'','',NULL,NULL,NULL,NULL,NULL,NULL,NULL,NULL,NULL,NULL,NULL,NULL,NULL,NULL,NULL,NULL,NULL,NULL,NULL,NULL,NULL,NULL,NULL,NULL,NULL,NULL,NULL,NULL,NULL,NULL,NULL,NULL,NULL,NULL,NULL),(237,'Hátsó szekcionált kapu','Back sectional door',140,NULL,0,NULL,NULL,'',NULL,NULL,NULL,NULL,NULL,NULL,NULL,NULL,NULL,NULL,0,'','',1,NULL,NULL,NULL,NULL,NULL,NULL,NULL,NULL,NULL,NULL,NULL,NULL,NULL,NULL,NULL,NULL,NULL,NULL,NULL,NULL,NULL,NULL,NULL,NULL,NULL,NULL,NULL,NULL,NULL,NULL,NULL,NULL,NULL,NULL),(238,'layon henger','Layon roll',219,NULL,0,NULL,NULL,'',130,NULL,NULL,NULL,NULL,NULL,NULL,NULL,NULL,NULL,0,'','',NULL,NULL,NULL,NULL,NULL,NULL,NULL,NULL,NULL,NULL,NULL,NULL,NULL,NULL,NULL,NULL,NULL,NULL,NULL,NULL,NULL,NULL,NULL,NULL,NULL,NULL,NULL,NULL,NULL,NULL,NULL,NULL,NULL,NULL,NULL),(239,'Szárítók','Driers',178,NULL,0,NULL,NULL,'',NULL,NULL,NULL,NULL,NULL,NULL,NULL,NULL,NULL,NULL,0,'','',NULL,NULL,NULL,NULL,NULL,NULL,NULL,NULL,NULL,NULL,NULL,NULL,NULL,NULL,NULL,NULL,NULL,NULL,NULL,NULL,NULL,NULL,NULL,NULL,NULL,NULL,NULL,NULL,NULL,NULL,NULL,NULL,NULL,NULL,NULL),(240,'Szárító 2','dryer 2',239,NULL,0,NULL,NULL,'',NULL,NULL,NULL,NULL,NULL,NULL,NULL,NULL,NULL,NULL,0,'','',NULL,NULL,NULL,NULL,NULL,NULL,NULL,NULL,NULL,NULL,NULL,NULL,NULL,NULL,NULL,NULL,NULL,NULL,NULL,NULL,NULL,NULL,NULL,NULL,NULL,NULL,NULL,NULL,NULL,NULL,NULL,NULL,NULL,NULL,NULL),(241,'hauba emelő','hood lifting equipment',240,NULL,0,NULL,NULL,'',NULL,NULL,NULL,NULL,NULL,NULL,NULL,NULL,NULL,NULL,0,'','',NULL,NULL,NULL,NULL,NULL,NULL,NULL,NULL,NULL,NULL,NULL,NULL,NULL,NULL,NULL,NULL,NULL,NULL,NULL,NULL,NULL,NULL,NULL,NULL,NULL,NULL,NULL,NULL,NULL,NULL,NULL,NULL,NULL,NULL,NULL),(242,'villanymotor','electric motor',241,1,0,NULL,95,'',131,NULL,NULL,NULL,NULL,NULL,NULL,NULL,NULL,NULL,0,'','',NULL,NULL,NULL,NULL,NULL,NULL,NULL,NULL,NULL,NULL,NULL,NULL,NULL,NULL,NULL,NULL,NULL,NULL,NULL,NULL,NULL,NULL,NULL,NULL,NULL,NULL,NULL,NULL,NULL,NULL,NULL,NULL,NULL,NULL,NULL),(243,'felső végállás','upper limit switch',241,NULL,0,NULL,NULL,'',NULL,NULL,NULL,NULL,NULL,NULL,NULL,NULL,NULL,NULL,0,'','',NULL,NULL,NULL,NULL,NULL,NULL,NULL,NULL,NULL,NULL,NULL,NULL,NULL,NULL,NULL,NULL,NULL,NULL,NULL,NULL,NULL,NULL,NULL,NULL,NULL,NULL,NULL,NULL,NULL,NULL,NULL,NULL,NULL,NULL,NULL),(244,'alsó végállás','lower limit switch',241,NULL,0,NULL,NULL,'',NULL,NULL,NULL,NULL,NULL,NULL,NULL,NULL,NULL,NULL,0,'','',NULL,NULL,NULL,NULL,NULL,NULL,NULL,NULL,NULL,NULL,NULL,NULL,NULL,NULL,NULL,NULL,NULL,NULL,NULL,NULL,NULL,NULL,NULL,NULL,NULL,NULL,NULL,NULL,NULL,NULL,NULL,NULL,NULL,NULL,NULL),(245,'Hidraulika rendszer','Hydraulic system',1,NULL,0,NULL,NULL,'',NULL,NULL,NULL,NULL,NULL,NULL,NULL,NULL,NULL,NULL,0,'','',0,NULL,NULL,NULL,NULL,NULL,NULL,NULL,NULL,NULL,NULL,NULL,NULL,NULL,NULL,NULL,NULL,NULL,NULL,NULL,NULL,NULL,NULL,NULL,NULL,NULL,NULL,NULL,NULL,NULL,NULL,NULL,NULL,NULL,NULL),(246,'lengőhenger','dancer',123,NULL,0,NULL,NULL,'',NULL,NULL,NULL,NULL,NULL,NULL,NULL,NULL,NULL,NULL,0,'','',1,NULL,NULL,NULL,NULL,NULL,NULL,NULL,NULL,NULL,NULL,NULL,NULL,NULL,NULL,NULL,NULL,NULL,NULL,NULL,NULL,NULL,NULL,NULL,NULL,NULL,NULL,NULL,NULL,NULL,NULL,NULL,NULL,NULL,NULL),(247,'szöghelyzet jeladó','angle sensor',246,3,0,NULL,96,'',NULL,NULL,NULL,NULL,NULL,NULL,NULL,NULL,NULL,NULL,0,'','',0,NULL,NULL,NULL,NULL,NULL,NULL,NULL,NULL,NULL,NULL,NULL,NULL,NULL,NULL,NULL,NULL,NULL,NULL,NULL,NULL,NULL,NULL,NULL,NULL,NULL,NULL,NULL,NULL,NULL,NULL,NULL,NULL,NULL,NULL),(248,'Bálázó rész','Bale room',140,NULL,0,NULL,NULL,'',NULL,NULL,NULL,NULL,NULL,NULL,NULL,NULL,NULL,NULL,0,'','',0,NULL,NULL,NULL,NULL,NULL,NULL,NULL,NULL,NULL,NULL,NULL,NULL,NULL,NULL,NULL,NULL,NULL,NULL,NULL,NULL,NULL,NULL,NULL,NULL,NULL,NULL,NULL,NULL,NULL,NULL,NULL,NULL,NULL,NULL),(249,'Világítás','Lighting system',248,NULL,0,NULL,NULL,'',NULL,NULL,NULL,NULL,NULL,NULL,NULL,NULL,NULL,NULL,0,'','',1,NULL,NULL,NULL,NULL,NULL,NULL,NULL,NULL,NULL,NULL,NULL,NULL,NULL,NULL,NULL,NULL,NULL,NULL,NULL,NULL,NULL,NULL,NULL,NULL,NULL,NULL,NULL,NULL,NULL,NULL,NULL,NULL,NULL,NULL),(250,'világítótestek','light fittings',249,NULL,0,NULL,NULL,'',NULL,NULL,NULL,NULL,NULL,NULL,NULL,NULL,NULL,NULL,0,'','',0,NULL,NULL,NULL,NULL,NULL,NULL,NULL,NULL,NULL,NULL,NULL,NULL,NULL,NULL,NULL,NULL,NULL,NULL,NULL,NULL,NULL,NULL,NULL,NULL,NULL,NULL,NULL,NULL,NULL,NULL,NULL,NULL,NULL,NULL),(251,'1. világítótest','1. light fitting',250,NULL,0,NULL,NULL,'',NULL,NULL,NULL,NULL,NULL,NULL,NULL,NULL,NULL,NULL,0,'','',1,NULL,NULL,NULL,NULL,NULL,NULL,NULL,NULL,NULL,NULL,NULL,NULL,NULL,NULL,NULL,NULL,NULL,NULL,NULL,NULL,NULL,NULL,NULL,NULL,NULL,NULL,NULL,NULL,NULL,NULL,NULL,NULL,NULL,NULL),(252,'2. világítótest','2. light fitting',250,0,0,0,0,'',0,0,0,0,0,0,0,0,0,0,NULL,NULL,NULL,1,0,0,0,0,0,0,0,0,0,0,0,0,0,0,0,0,0,0,0,0,0,0,0,0,0,0,0,0,0,0,0,0,0,0),(253,'3. világítótest','3. light fitting',250,NULL,0,NULL,NULL,'',NULL,NULL,NULL,NULL,NULL,NULL,NULL,NULL,NULL,NULL,0,'','',1,NULL,NULL,NULL,NULL,NULL,NULL,NULL,NULL,NULL,NULL,NULL,NULL,NULL,NULL,NULL,NULL,NULL,NULL,NULL,NULL,NULL,NULL,NULL,NULL,NULL,NULL,NULL,NULL,NULL,NULL,NULL,NULL,NULL,NULL),(254,'4. világítótest','4. light fitting',250,NULL,0,NULL,NULL,'',NULL,NULL,NULL,NULL,NULL,NULL,NULL,NULL,NULL,NULL,0,'','',1,NULL,NULL,NULL,NULL,NULL,NULL,NULL,NULL,NULL,NULL,NULL,NULL,NULL,NULL,NULL,NULL,NULL,NULL,NULL,NULL,NULL,NULL,NULL,NULL,NULL,NULL,NULL,NULL,NULL,NULL,NULL,NULL,NULL,NULL),(255,'5. világítótest','5. light fitting',250,NULL,0,NULL,NULL,'',NULL,NULL,NULL,NULL,NULL,NULL,NULL,NULL,NULL,NULL,0,'','',1,NULL,NULL,NULL,NULL,NULL,NULL,NULL,NULL,NULL,NULL,NULL,NULL,NULL,NULL,NULL,NULL,NULL,NULL,NULL,NULL,NULL,NULL,NULL,NULL,NULL,NULL,NULL,NULL,NULL,NULL,NULL,NULL,NULL,NULL),(256,'6. világítótest','6. light fitting',250,NULL,0,NULL,NULL,'',NULL,NULL,NULL,NULL,NULL,NULL,NULL,NULL,NULL,NULL,0,'','',1,NULL,NULL,NULL,NULL,NULL,NULL,NULL,NULL,NULL,NULL,NULL,NULL,NULL,NULL,NULL,NULL,NULL,NULL,NULL,NULL,NULL,NULL,NULL,NULL,NULL,NULL,NULL,NULL,NULL,NULL,NULL,NULL,NULL,NULL),(257,'Vágó terem','Slitter room',140,NULL,0,NULL,NULL,'',NULL,NULL,NULL,NULL,NULL,NULL,NULL,NULL,NULL,NULL,0,'','',0,NULL,NULL,NULL,NULL,NULL,NULL,NULL,NULL,NULL,NULL,NULL,NULL,NULL,NULL,NULL,NULL,NULL,NULL,NULL,NULL,NULL,NULL,NULL,NULL,NULL,NULL,NULL,NULL,NULL,NULL,NULL,NULL,NULL,NULL),(258,'Világítás','Lighting system',257,0,0,0,0,'',0,0,0,0,0,0,0,0,0,0,NULL,NULL,NULL,1,0,0,0,0,0,0,0,0,0,0,0,0,0,0,0,0,0,0,0,0,0,0,0,0,0,0,0,0,0,0,0,0,0,0),(259,'1. sor világítótestek','1 row light fittings',258,0,0,0,0,'',0,0,0,0,0,0,0,0,0,0,NULL,NULL,NULL,0,0,0,0,0,0,0,0,0,0,0,0,0,0,0,0,0,0,0,0,0,0,0,0,0,0,0,0,0,0,0,0,0,0,0),(260,'1. világítótest','1. light fitting',259,0,0,0,0,'',0,0,0,0,0,0,0,0,0,0,NULL,NULL,NULL,1,0,0,0,0,0,0,0,0,0,0,0,0,0,0,0,0,0,0,0,0,0,0,0,0,0,0,0,0,0,0,0,0,0,0),(261,'2. világítótest','2. light fitting',259,0,0,0,0,'',0,0,0,0,0,0,0,0,0,0,NULL,NULL,NULL,1,0,0,0,0,0,0,0,0,0,0,0,0,0,0,0,0,0,0,0,0,0,0,0,0,0,0,0,0,0,0,0,0,0,0),(262,'3. világítótest','3. light fitting',259,0,0,0,0,'',0,0,0,0,0,0,0,0,0,0,NULL,NULL,NULL,1,0,0,0,0,0,0,0,0,0,0,0,0,0,0,0,0,0,0,0,0,0,0,0,0,0,0,0,0,0,0,0,0,0,0),(263,'4. világítótest','4. light fitting',259,0,0,0,0,'',0,0,0,0,0,0,0,0,0,0,NULL,NULL,NULL,1,0,0,0,0,0,0,0,0,0,0,0,0,0,0,0,0,0,0,0,0,0,0,0,0,0,0,0,0,0,0,0,0,0,0),(264,'5. világítótest','5. light fitting',259,0,0,0,0,'',0,0,0,0,0,0,0,0,0,0,NULL,NULL,NULL,1,0,0,0,0,0,0,0,0,0,0,0,0,0,0,0,0,0,0,0,0,0,0,0,0,0,0,0,0,0,0,0,0,0,0),(265,'6. világítótest','6. light fitting',259,0,0,0,0,'',0,0,0,0,0,0,0,0,0,0,NULL,NULL,NULL,1,0,0,0,0,0,0,0,0,0,0,0,0,0,0,0,0,0,0,0,0,0,0,0,0,0,0,0,0,0,0,0,0,0,0),(266,'2. sor világítótestek','2 row light fittings',258,0,0,0,0,'',0,0,0,0,0,0,0,0,0,0,NULL,NULL,NULL,0,0,0,0,0,0,0,0,0,0,0,0,0,0,0,0,0,0,0,0,0,0,0,0,0,0,0,0,0,0,0,0,0,0,0),(267,'1. világítótest','1. light fitting',266,0,0,0,0,'',0,0,0,0,0,0,0,0,0,0,NULL,NULL,NULL,1,0,0,0,0,0,0,0,0,0,0,0,0,0,0,0,0,0,0,0,0,0,0,0,0,0,0,0,0,0,0,0,0,0,0),(268,'2. világítótest','2. light fitting',266,0,0,0,0,'',0,0,0,0,0,0,0,0,0,0,NULL,NULL,NULL,1,0,0,0,0,0,0,0,0,0,0,0,0,0,0,0,0,0,0,0,0,0,0,0,0,0,0,0,0,0,0,0,0,0,0),(269,'3. világítótest','3. light fitting',266,0,0,0,0,'',0,0,0,0,0,0,0,0,0,0,NULL,NULL,NULL,1,0,0,0,0,0,0,0,0,0,0,0,0,0,0,0,0,0,0,0,0,0,0,0,0,0,0,0,0,0,0,0,0,0,0),(270,'4. világítótest','4. light fitting',266,0,0,0,0,'',0,0,0,0,0,0,0,0,0,0,NULL,NULL,NULL,1,0,0,0,0,0,0,0,0,0,0,0,0,0,0,0,0,0,0,0,0,0,0,0,0,0,0,0,0,0,0,0,0,0,0),(271,'5. világítótest','5. light fitting',266,0,0,0,0,'',0,0,0,0,0,0,0,0,0,0,NULL,NULL,NULL,1,0,0,0,0,0,0,0,0,0,0,0,0,0,0,0,0,0,0,0,0,0,0,0,0,0,0,0,0,0,0,0,0,0,0),(272,'6. világítótest','6. light fitting',266,0,0,0,0,'',0,0,0,0,0,0,0,0,0,0,NULL,NULL,NULL,1,0,0,0,0,0,0,0,0,0,0,0,0,0,0,0,0,0,0,0,0,0,0,0,0,0,0,0,0,0,0,0,0,0,0),(273,'3. sor világítótestek','3 row light fittings',258,0,0,0,0,'',0,0,0,0,0,0,0,0,0,0,NULL,NULL,NULL,0,0,0,0,0,0,0,0,0,0,0,0,0,0,0,0,0,0,0,0,0,0,0,0,0,0,0,0,0,0,0,0,0,0,0),(274,'1. világítótest','1. light fitting',273,0,0,0,0,'',0,0,0,0,0,0,0,0,0,0,NULL,NULL,NULL,1,0,0,0,0,0,0,0,0,0,0,0,0,0,0,0,0,0,0,0,0,0,0,0,0,0,0,0,0,0,0,0,0,0,0),(275,'2. világítótest','2. light fitting',273,0,0,0,0,'',0,0,0,0,0,0,0,0,0,0,NULL,NULL,NULL,1,0,0,0,0,0,0,0,0,0,0,0,0,0,0,0,0,0,0,0,0,0,0,0,0,0,0,0,0,0,0,0,0,0,0),(276,'3. világítótest','3. light fitting',273,0,0,0,0,'',0,0,0,0,0,0,0,0,0,0,NULL,NULL,NULL,1,0,0,0,0,0,0,0,0,0,0,0,0,0,0,0,0,0,0,0,0,0,0,0,0,0,0,0,0,0,0,0,0,0,0),(277,'4. világítótest','4. light fitting',273,0,0,0,0,'',0,0,0,0,0,0,0,0,0,0,NULL,NULL,NULL,1,0,0,0,0,0,0,0,0,0,0,0,0,0,0,0,0,0,0,0,0,0,0,0,0,0,0,0,0,0,0,0,0,0,0),(278,'5. világítótest','5. light fitting',273,0,0,0,0,'',0,0,0,0,0,0,0,0,0,0,NULL,NULL,NULL,1,0,0,0,0,0,0,0,0,0,0,0,0,0,0,0,0,0,0,0,0,0,0,0,0,0,0,0,0,0,0,0,0,0,0),(279,'6. világítótest','6. light fitting',273,0,0,0,0,'',0,0,0,0,0,0,0,0,0,0,NULL,NULL,NULL,1,0,0,0,0,0,0,0,0,0,0,0,0,0,0,0,0,0,0,0,0,0,0,0,0,0,0,0,0,0,0,0,0,0,0),(280,'4. sor világítótestek','4 row light fittings',258,0,0,0,0,'',0,0,0,0,0,0,0,0,0,0,NULL,NULL,NULL,0,0,0,0,0,0,0,0,0,0,0,0,0,0,0,0,0,0,0,0,0,0,0,0,0,0,0,0,0,0,0,0,0,0,0),(281,'1. világítótest','1. light fitting',280,0,0,0,0,'',0,0,0,0,0,0,0,0,0,0,NULL,NULL,NULL,1,0,0,0,0,0,0,0,0,0,0,0,0,0,0,0,0,0,0,0,0,0,0,0,0,0,0,0,0,0,0,0,0,0,0),(282,'2. világítótest','2. light fitting',280,0,0,0,0,'',0,0,0,0,0,0,0,0,0,0,NULL,NULL,NULL,1,0,0,0,0,0,0,0,0,0,0,0,0,0,0,0,0,0,0,0,0,0,0,0,0,0,0,0,0,0,0,0,0,0,0),(283,'3. világítótest','3. light fitting',280,0,0,0,0,'',0,0,0,0,0,0,0,0,0,0,NULL,NULL,NULL,1,0,0,0,0,0,0,0,0,0,0,0,0,0,0,0,0,0,0,0,0,0,0,0,0,0,0,0,0,0,0,0,0,0,0),(284,'4. világítótest','4. light fitting',280,0,0,0,0,'',0,0,0,0,0,0,0,0,0,0,NULL,NULL,NULL,1,0,0,0,0,0,0,0,0,0,0,0,0,0,0,0,0,0,0,0,0,0,0,0,0,0,0,0,0,0,0,0,0,0,0),(285,'5. világítótest','5. light fitting',280,0,0,0,0,'',0,0,0,0,0,0,0,0,0,0,NULL,NULL,NULL,1,0,0,0,0,0,0,0,0,0,0,0,0,0,0,0,0,0,0,0,0,0,0,0,0,0,0,0,0,0,0,0,0,0,0),(286,'6. világítótest','6. light fitting',280,0,0,0,0,'',0,0,0,0,0,0,0,0,0,0,NULL,NULL,NULL,1,0,0,0,0,0,0,0,0,0,0,0,0,0,0,0,0,0,0,0,0,0,0,0,0,0,0,0,0,0,0,0,0,0,0),(287,'Irodarész','Office part',140,0,0,0,0,'',0,0,0,0,0,0,0,0,0,0,NULL,NULL,NULL,0,0,0,0,0,0,0,0,0,0,0,0,0,0,0,0,0,0,0,0,0,0,0,0,0,0,0,0,0,0,0,0,0,0,0),(288,'pince','cellar',287,0,0,0,0,'',0,0,0,0,0,0,0,0,0,0,NULL,NULL,NULL,1,0,0,0,0,0,0,0,0,0,0,0,0,0,0,0,0,0,0,0,0,0,0,0,0,0,0,0,0,0,0,0,0,0,0),(289,'földszint','ground level',287,0,0,0,0,'',0,0,0,0,0,0,0,0,0,0,NULL,NULL,NULL,1,0,0,0,0,0,0,0,0,0,0,0,0,0,0,0,0,0,0,0,0,0,0,0,0,0,0,0,0,0,0,0,0,0,0),(290,'2. emelet','3. floor',287,0,0,0,0,'',0,0,0,0,0,0,0,0,0,0,NULL,NULL,NULL,1,0,0,0,0,0,0,0,0,0,0,0,0,0,0,0,0,0,0,0,0,0,0,0,0,0,0,0,0,0,0,0,0,0,0),(291,'1. emelet','2. floor',287,0,0,0,0,'',0,0,0,0,0,0,0,0,0,0,NULL,NULL,NULL,1,0,0,0,0,0,0,0,0,0,0,0,0,0,0,0,0,0,0,0,0,0,0,0,0,0,0,0,0,0,0,0,0,0,0),(292,'P1 kezelő','P1 control panel',293,0,0,0,0,'',133,0,0,0,0,0,0,0,0,0,NULL,NULL,NULL,1,0,0,0,0,0,0,0,0,0,0,0,0,0,0,0,0,0,0,0,0,0,0,0,0,0,0,0,0,0,0,0,0,0,0),(293,'Kezelőpultok','Control panels',81,0,0,0,0,'',0,0,0,0,0,0,0,0,0,0,NULL,NULL,NULL,1,0,0,0,0,0,0,0,0,0,0,0,0,0,0,0,0,0,0,0,0,0,0,0,0,0,0,0,0,0,0,0,0,0,0),(294,'Világítás','Lighting system',216,0,0,0,0,'',0,0,0,0,0,0,0,0,0,0,NULL,NULL,NULL,1,0,0,0,0,0,0,0,0,0,0,0,0,0,0,0,0,0,0,0,0,0,0,0,0,0,0,0,0,0,0,0,0,0,0),(295,'1. sor világítótestek','1 row light fittings',294,0,0,0,0,'',0,0,0,0,0,0,0,0,0,0,NULL,NULL,NULL,0,0,0,0,0,0,0,0,0,0,0,0,0,0,0,0,0,0,0,0,0,0,0,0,0,0,0,0,0,0,0,0,0,0,0),(296,'1. világítótest','1. light fitting',295,0,0,0,0,'',0,0,0,0,0,0,0,0,0,0,NULL,NULL,NULL,1,0,0,0,0,0,0,0,0,0,0,0,0,0,0,0,0,0,0,0,0,0,0,0,0,0,0,0,0,0,0,0,0,0,0),(297,'2. világítótest','2. light fitting',295,0,0,0,0,'',0,0,0,0,0,0,0,0,0,0,NULL,NULL,NULL,1,0,0,0,0,0,0,0,0,0,0,0,0,0,0,0,0,0,0,0,0,0,0,0,0,0,0,0,0,0,0,0,0,0,0),(298,'3. világítótest','3. light fitting',295,0,0,0,0,'',0,0,0,0,0,0,0,0,0,0,NULL,NULL,NULL,1,0,0,0,0,0,0,0,0,0,0,0,0,0,0,0,0,0,0,0,0,0,0,0,0,0,0,0,0,0,0,0,0,0,0),(299,'4. világítótest','4. light fitting',295,0,0,0,0,'',0,0,0,0,0,0,0,0,0,0,NULL,NULL,NULL,1,0,0,0,0,0,0,0,0,0,0,0,0,0,0,0,0,0,0,0,0,0,0,0,0,0,0,0,0,0,0,0,0,0,0),(300,'5. világítótest','5. light fitting',295,0,0,0,0,'',0,0,0,0,0,0,0,0,0,0,NULL,NULL,NULL,1,0,0,0,0,0,0,0,0,0,0,0,0,0,0,0,0,0,0,0,0,0,0,0,0,0,0,0,0,0,0,0,0,0,0),(301,'6. világítótest','6. light fitting',295,0,0,0,0,'',0,0,0,0,0,0,0,0,0,0,NULL,NULL,NULL,1,0,0,0,0,0,0,0,0,0,0,0,0,0,0,0,0,0,0,0,0,0,0,0,0,0,0,0,0,0,0,0,0,0,0),(302,'2. sor világítótestek','2 row light fittings',294,0,0,0,0,'',0,0,0,0,0,0,0,0,0,0,NULL,NULL,NULL,0,0,0,0,0,0,0,0,0,0,0,0,0,0,0,0,0,0,0,0,0,0,0,0,0,0,0,0,0,0,0,0,0,0,0),(303,'1. világítótest','1. light fitting',302,0,0,0,0,'',0,0,0,0,0,0,0,0,0,0,NULL,NULL,NULL,1,0,0,0,0,0,0,0,0,0,0,0,0,0,0,0,0,0,0,0,0,0,0,0,0,0,0,0,0,0,0,0,0,0,0),(304,'2. világítótest','2. light fitting',302,0,0,0,0,'',0,0,0,0,0,0,0,0,0,0,NULL,NULL,NULL,1,0,0,0,0,0,0,0,0,0,0,0,0,0,0,0,0,0,0,0,0,0,0,0,0,0,0,0,0,0,0,0,0,0,0),(305,'3. világítótest','3. light fitting',302,0,0,0,0,'',0,0,0,0,0,0,0,0,0,0,NULL,NULL,NULL,1,0,0,0,0,0,0,0,0,0,0,0,0,0,0,0,0,0,0,0,0,0,0,0,0,0,0,0,0,0,0,0,0,0,0),(306,'4. világítótest','4. light fitting',302,0,0,0,0,'',0,0,0,0,0,0,0,0,0,0,NULL,NULL,NULL,1,0,0,0,0,0,0,0,0,0,0,0,0,0,0,0,0,0,0,0,0,0,0,0,0,0,0,0,0,0,0,0,0,0,0),(307,'5. világítótest','5. light fitting',302,0,0,0,0,'',0,0,0,0,0,0,0,0,0,0,NULL,NULL,NULL,1,0,0,0,0,0,0,0,0,0,0,0,0,0,0,0,0,0,0,0,0,0,0,0,0,0,0,0,0,0,0,0,0,0,0),(308,'6. világítótest','6. light fitting',302,0,0,0,0,'',0,0,0,0,0,0,0,0,0,0,NULL,NULL,NULL,1,0,0,0,0,0,0,0,0,0,0,0,0,0,0,0,0,0,0,0,0,0,0,0,0,0,0,0,0,0,0,0,0,0,0),(309,'3. sor világítótestek','3 row light fittings',294,0,0,0,0,'',0,0,0,0,0,0,0,0,0,0,NULL,NULL,NULL,0,0,0,0,0,0,0,0,0,0,0,0,0,0,0,0,0,0,0,0,0,0,0,0,0,0,0,0,0,0,0,0,0,0,0),(310,'1. világítótest','1. light fitting',309,0,0,0,0,'',0,0,0,0,0,0,0,0,0,0,NULL,NULL,NULL,1,0,0,0,0,0,0,0,0,0,0,0,0,0,0,0,0,0,0,0,0,0,0,0,0,0,0,0,0,0,0,0,0,0,0),(311,'2. világítótest','2. light fitting',309,0,0,0,0,'',0,0,0,0,0,0,0,0,0,0,NULL,NULL,NULL,1,0,0,0,0,0,0,0,0,0,0,0,0,0,0,0,0,0,0,0,0,0,0,0,0,0,0,0,0,0,0,0,0,0,0),(312,'3. világítótest','3. light fitting',309,0,0,0,0,'',0,0,0,0,0,0,0,0,0,0,NULL,NULL,NULL,1,0,0,0,0,0,0,0,0,0,0,0,0,0,0,0,0,0,0,0,0,0,0,0,0,0,0,0,0,0,0,0,0,0,0),(313,'4. világítótest','4. light fitting',309,0,0,0,0,'',0,0,0,0,0,0,0,0,0,0,NULL,NULL,NULL,1,0,0,0,0,0,0,0,0,0,0,0,0,0,0,0,0,0,0,0,0,0,0,0,0,0,0,0,0,0,0,0,0,0,0),(314,'5. világítótest','5. light fitting',309,0,0,0,0,'',0,0,0,0,0,0,0,0,0,0,NULL,NULL,NULL,1,0,0,0,0,0,0,0,0,0,0,0,0,0,0,0,0,0,0,0,0,0,0,0,0,0,0,0,0,0,0,0,0,0,0),(315,'6. világítótest','6. light fitting',309,0,0,0,0,'',0,0,0,0,0,0,0,0,0,0,NULL,NULL,NULL,1,0,0,0,0,0,0,0,0,0,0,0,0,0,0,0,0,0,0,0,0,0,0,0,0,0,0,0,0,0,0,0,0,0,0),(316,'4. sor világítótestek','4 row light fittings',294,0,0,0,0,'',0,0,0,0,0,0,0,0,0,0,NULL,NULL,NULL,0,0,0,0,0,0,0,0,0,0,0,0,0,0,0,0,0,0,0,0,0,0,0,0,0,0,0,0,0,0,0,0,0,0,0),(317,'1. világítótest','1. light fitting',316,0,0,0,0,'',0,0,0,0,0,0,0,0,0,0,NULL,NULL,NULL,1,0,0,0,0,0,0,0,0,0,0,0,0,0,0,0,0,0,0,0,0,0,0,0,0,0,0,0,0,0,0,0,0,0,0),(318,'2. világítótest','2. light fitting',316,0,0,0,0,'',0,0,0,0,0,0,0,0,0,0,NULL,NULL,NULL,1,0,0,0,0,0,0,0,0,0,0,0,0,0,0,0,0,0,0,0,0,0,0,0,0,0,0,0,0,0,0,0,0,0,0),(319,'3. világítótest','3. light fitting',316,0,0,0,0,'',0,0,0,0,0,0,0,0,0,0,NULL,NULL,NULL,1,0,0,0,0,0,0,0,0,0,0,0,0,0,0,0,0,0,0,0,0,0,0,0,0,0,0,0,0,0,0,0,0,0,0),(320,'4. világítótest','4. light fitting',316,0,0,0,0,'',0,0,0,0,0,0,0,0,0,0,NULL,NULL,NULL,1,0,0,0,0,0,0,0,0,0,0,0,0,0,0,0,0,0,0,0,0,0,0,0,0,0,0,0,0,0,0,0,0,0,0),(321,'5. világítótest','5. light fitting',316,0,0,0,0,'',0,0,0,0,0,0,0,0,0,0,NULL,NULL,NULL,1,0,0,0,0,0,0,0,0,0,0,0,0,0,0,0,0,0,0,0,0,0,0,0,0,0,0,0,0,0,0,0,0,0,0),(322,'6. világítótest','6. light fitting',316,0,0,0,0,'',0,0,0,0,0,0,0,0,0,0,NULL,NULL,NULL,1,0,0,0,0,0,0,0,0,0,0,0,0,0,0,0,0,0,0,0,0,0,0,0,0,0,0,0,0,0,0,0,0,0,0),(323,'5. sor világítótestek','5 row light fittings',294,0,0,0,0,'',0,0,0,0,0,0,0,0,0,0,NULL,NULL,NULL,0,0,0,0,0,0,0,0,0,0,0,0,0,0,0,0,0,0,0,0,0,0,0,0,0,0,0,0,0,0,0,0,0,0,0),(324,'1. világítótest','1. light fitting',323,0,0,0,0,'',0,0,0,0,0,0,0,0,0,0,NULL,NULL,NULL,1,0,0,0,0,0,0,0,0,0,0,0,0,0,0,0,0,0,0,0,0,0,0,0,0,0,0,0,0,0,0,0,0,0,0),(325,'2. világítótest','2. light fitting',323,0,0,0,0,'',0,0,0,0,0,0,0,0,0,0,NULL,NULL,NULL,1,0,0,0,0,0,0,0,0,0,0,0,0,0,0,0,0,0,0,0,0,0,0,0,0,0,0,0,0,0,0,0,0,0,0),(326,'3. világítótest','3. light fitting',323,0,0,0,0,'',0,0,0,0,0,0,0,0,0,0,NULL,NULL,NULL,1,0,0,0,0,0,0,0,0,0,0,0,0,0,0,0,0,0,0,0,0,0,0,0,0,0,0,0,0,0,0,0,0,0,0),(327,'4. világítótest','4. light fitting',323,0,0,0,0,'',0,0,0,0,0,0,0,0,0,0,NULL,NULL,NULL,1,0,0,0,0,0,0,0,0,0,0,0,0,0,0,0,0,0,0,0,0,0,0,0,0,0,0,0,0,0,0,0,0,0,0),(328,'5. világítótest','5. light fitting',323,0,0,0,0,'',0,0,0,0,0,0,0,0,0,0,NULL,NULL,NULL,1,0,0,0,0,0,0,0,0,0,0,0,0,0,0,0,0,0,0,0,0,0,0,0,0,0,0,0,0,0,0,0,0,0,0),(329,'6. világítótest','6. light fitting',323,0,0,0,0,'',0,0,0,0,0,0,0,0,0,0,NULL,NULL,NULL,1,0,0,0,0,0,0,0,0,0,0,0,0,0,0,0,0,0,0,0,0,0,0,0,0,0,0,0,0,0,0,0,0,0,0),(330,'2. sor világítótestek','2 row light fittings',381,0,0,0,0,'',0,0,0,0,0,0,0,0,0,0,NULL,NULL,NULL,0,0,0,0,0,0,0,0,0,0,0,0,0,0,0,0,0,0,0,0,0,0,0,0,0,0,0,0,0,0,0,0,0,0,0),(331,'1. világítótest','1. light fitting',330,0,0,0,0,'',0,0,0,0,0,0,0,0,0,0,NULL,NULL,NULL,1,0,0,0,0,0,0,0,0,0,0,0,0,0,0,0,0,0,0,0,0,0,0,0,0,0,0,0,0,0,0,0,0,0,0),(332,'2. világítótest','2. light fitting',330,0,0,0,0,'',0,0,0,0,0,0,0,0,0,0,NULL,NULL,NULL,1,0,0,0,0,0,0,0,0,0,0,0,0,0,0,0,0,0,0,0,0,0,0,0,0,0,0,0,0,0,0,0,0,0,0),(333,'3. világítótest','3. light fitting',330,0,0,0,0,'',0,0,0,0,0,0,0,0,0,0,NULL,NULL,NULL,1,0,0,0,0,0,0,0,0,0,0,0,0,0,0,0,0,0,0,0,0,0,0,0,0,0,0,0,0,0,0,0,0,0,0),(334,'4. világítótest','4. light fitting',330,0,0,0,0,'',0,0,0,0,0,0,0,0,0,0,NULL,NULL,NULL,1,0,0,0,0,0,0,0,0,0,0,0,0,0,0,0,0,0,0,0,0,0,0,0,0,0,0,0,0,0,0,0,0,0,0),(335,'5. világítótest','5. light fitting',330,0,0,0,0,'',0,0,0,0,0,0,0,0,0,0,NULL,NULL,NULL,1,0,0,0,0,0,0,0,0,0,0,0,0,0,0,0,0,0,0,0,0,0,0,0,0,0,0,0,0,0,0,0,0,0,0),(336,'6. világítótest','6. light fitting',330,0,0,0,0,'',0,0,0,0,0,0,0,0,0,0,NULL,NULL,NULL,1,0,0,0,0,0,0,0,0,0,0,0,0,0,0,0,0,0,0,0,0,0,0,0,0,0,0,0,0,0,0,0,0,0,0),(337,'szilikonozó terem','silicon room',140,NULL,0,NULL,NULL,'',NULL,NULL,NULL,NULL,NULL,NULL,NULL,NULL,NULL,NULL,0,'','',0,NULL,NULL,NULL,NULL,NULL,NULL,NULL,NULL,NULL,NULL,NULL,NULL,NULL,NULL,NULL,NULL,NULL,NULL,NULL,NULL,NULL,NULL,NULL,NULL,NULL,NULL,NULL,NULL,NULL,NULL,NULL,NULL,NULL,NULL),(338,'Világítás','Lighting system',337,0,0,0,0,'',0,0,0,0,0,0,0,0,0,0,NULL,NULL,NULL,1,0,0,0,0,0,0,0,0,0,0,0,0,0,0,0,0,0,0,0,0,0,0,0,0,0,0,0,0,0,0,0,0,0,0),(339,'1. sor világítótestek','1 row light fittings',338,0,0,0,0,'',0,0,0,0,0,0,0,0,0,0,NULL,NULL,NULL,0,0,0,0,0,0,0,0,0,0,0,0,0,0,0,0,0,0,0,0,0,0,0,0,0,0,0,0,0,0,0,0,0,0,0),(340,'1. világítótest','1. light fitting',339,0,0,0,0,'',0,0,0,0,0,0,0,0,0,0,NULL,NULL,NULL,1,0,0,0,0,0,0,0,0,0,0,0,0,0,0,0,0,0,0,0,0,0,0,0,0,0,0,0,0,0,0,0,0,0,0),(341,'2. világítótest','2. light fitting',339,0,0,0,0,'',0,0,0,0,0,0,0,0,0,0,NULL,NULL,NULL,1,0,0,0,0,0,0,0,0,0,0,0,0,0,0,0,0,0,0,0,0,0,0,0,0,0,0,0,0,0,0,0,0,0,0),(342,'3. világítótest','3. light fitting',339,0,0,0,0,'',0,0,0,0,0,0,0,0,0,0,NULL,NULL,NULL,1,0,0,0,0,0,0,0,0,0,0,0,0,0,0,0,0,0,0,0,0,0,0,0,0,0,0,0,0,0,0,0,0,0,0),(343,'4. világítótest','4. light fitting',339,0,0,0,0,'',0,0,0,0,0,0,0,0,0,0,NULL,NULL,NULL,1,0,0,0,0,0,0,0,0,0,0,0,0,0,0,0,0,0,0,0,0,0,0,0,0,0,0,0,0,0,0,0,0,0,0),(344,'5. világítótest','5. light fitting',339,0,0,0,0,'',0,0,0,0,0,0,0,0,0,0,NULL,NULL,NULL,1,0,0,0,0,0,0,0,0,0,0,0,0,0,0,0,0,0,0,0,0,0,0,0,0,0,0,0,0,0,0,0,0,0,0),(345,'6. világítótest','6. light fitting',339,0,0,0,0,'',0,0,0,0,0,0,0,0,0,0,NULL,NULL,NULL,1,0,0,0,0,0,0,0,0,0,0,0,0,0,0,0,0,0,0,0,0,0,0,0,0,0,0,0,0,0,0,0,0,0,0),(346,'2. sor világítótestek','2 row light fittings',338,0,0,0,0,'',0,0,0,0,0,0,0,0,0,0,NULL,NULL,NULL,0,0,0,0,0,0,0,0,0,0,0,0,0,0,0,0,0,0,0,0,0,0,0,0,0,0,0,0,0,0,0,0,0,0,0),(347,'1. világítótest','1. light fitting',346,0,0,0,0,'',0,0,0,0,0,0,0,0,0,0,NULL,NULL,NULL,1,0,0,0,0,0,0,0,0,0,0,0,0,0,0,0,0,0,0,0,0,0,0,0,0,0,0,0,0,0,0,0,0,0,0),(348,'2. világítótest','2. light fitting',346,0,0,0,0,'',0,0,0,0,0,0,0,0,0,0,NULL,NULL,NULL,1,0,0,0,0,0,0,0,0,0,0,0,0,0,0,0,0,0,0,0,0,0,0,0,0,0,0,0,0,0,0,0,0,0,0),(349,'3. világítótest','3. light fitting',346,0,0,0,0,'',0,0,0,0,0,0,0,0,0,0,NULL,NULL,NULL,1,0,0,0,0,0,0,0,0,0,0,0,0,0,0,0,0,0,0,0,0,0,0,0,0,0,0,0,0,0,0,0,0,0,0),(350,'4. világítótest','4. light fitting',346,0,0,0,0,'',0,0,0,0,0,0,0,0,0,0,NULL,NULL,NULL,1,0,0,0,0,0,0,0,0,0,0,0,0,0,0,0,0,0,0,0,0,0,0,0,0,0,0,0,0,0,0,0,0,0,0),(351,'5. világítótest','5. light fitting',346,0,0,0,0,'',0,0,0,0,0,0,0,0,0,0,NULL,NULL,NULL,1,0,0,0,0,0,0,0,0,0,0,0,0,0,0,0,0,0,0,0,0,0,0,0,0,0,0,0,0,0,0,0,0,0,0),(352,'6. világítótest','6. light fitting',346,0,0,0,0,'',0,0,0,0,0,0,0,0,0,0,NULL,NULL,NULL,1,0,0,0,0,0,0,0,0,0,0,0,0,0,0,0,0,0,0,0,0,0,0,0,0,0,0,0,0,0,0,0,0,0,0),(353,'3. sor világítótestek','3 row light fittings',338,0,0,0,0,'',0,0,0,0,0,0,0,0,0,0,NULL,NULL,NULL,0,0,0,0,0,0,0,0,0,0,0,0,0,0,0,0,0,0,0,0,0,0,0,0,0,0,0,0,0,0,0,0,0,0,0),(354,'1. világítótest','1. light fitting',353,0,0,0,0,'',0,0,0,0,0,0,0,0,0,0,NULL,NULL,NULL,1,0,0,0,0,0,0,0,0,0,0,0,0,0,0,0,0,0,0,0,0,0,0,0,0,0,0,0,0,0,0,0,0,0,0),(355,'2. világítótest','2. light fitting',353,0,0,0,0,'',0,0,0,0,0,0,0,0,0,0,NULL,NULL,NULL,1,0,0,0,0,0,0,0,0,0,0,0,0,0,0,0,0,0,0,0,0,0,0,0,0,0,0,0,0,0,0,0,0,0,0),(356,'3. világítótest','3. light fitting',353,0,0,0,0,'',0,0,0,0,0,0,0,0,0,0,NULL,NULL,NULL,1,0,0,0,0,0,0,0,0,0,0,0,0,0,0,0,0,0,0,0,0,0,0,0,0,0,0,0,0,0,0,0,0,0,0),(357,'4. világítótest','4. light fitting',353,0,0,0,0,'',0,0,0,0,0,0,0,0,0,0,NULL,NULL,NULL,1,0,0,0,0,0,0,0,0,0,0,0,0,0,0,0,0,0,0,0,0,0,0,0,0,0,0,0,0,0,0,0,0,0,0),(358,'5. világítótest','5. light fitting',353,0,0,0,0,'',0,0,0,0,0,0,0,0,0,0,NULL,NULL,NULL,1,0,0,0,0,0,0,0,0,0,0,0,0,0,0,0,0,0,0,0,0,0,0,0,0,0,0,0,0,0,0,0,0,0,0),(359,'6. világítótest','6. light fitting',353,0,0,0,0,'',0,0,0,0,0,0,0,0,0,0,NULL,NULL,NULL,1,0,0,0,0,0,0,0,0,0,0,0,0,0,0,0,0,0,0,0,0,0,0,0,0,0,0,0,0,0,0,0,0,0,0),(360,'4. sor világítótestek','4 row light fittings',338,0,0,0,0,'',0,0,0,0,0,0,0,0,0,0,NULL,NULL,NULL,0,0,0,0,0,0,0,0,0,0,0,0,0,0,0,0,0,0,0,0,0,0,0,0,0,0,0,0,0,0,0,0,0,0,0),(361,'1. világítótest','1. light fitting',360,0,0,0,0,'',0,0,0,0,0,0,0,0,0,0,NULL,NULL,NULL,1,0,0,0,0,0,0,0,0,0,0,0,0,0,0,0,0,0,0,0,0,0,0,0,0,0,0,0,0,0,0,0,0,0,0),(362,'2. világítótest','2. light fitting',360,0,0,0,0,'',0,0,0,0,0,0,0,0,0,0,NULL,NULL,NULL,1,0,0,0,0,0,0,0,0,0,0,0,0,0,0,0,0,0,0,0,0,0,0,0,0,0,0,0,0,0,0,0,0,0,0),(363,'3. világítótest','3. light fitting',360,0,0,0,0,'',0,0,0,0,0,0,0,0,0,0,NULL,NULL,NULL,1,0,0,0,0,0,0,0,0,0,0,0,0,0,0,0,0,0,0,0,0,0,0,0,0,0,0,0,0,0,0,0,0,0,0),(364,'4. világítótest','4. light fitting',360,0,0,0,0,'',0,0,0,0,0,0,0,0,0,0,NULL,NULL,NULL,1,0,0,0,0,0,0,0,0,0,0,0,0,0,0,0,0,0,0,0,0,0,0,0,0,0,0,0,0,0,0,0,0,0,0),(365,'5. világítótest','5. light fitting',360,0,0,0,0,'',0,0,0,0,0,0,0,0,0,0,NULL,NULL,NULL,1,0,0,0,0,0,0,0,0,0,0,0,0,0,0,0,0,0,0,0,0,0,0,0,0,0,0,0,0,0,0,0,0,0,0),(366,'6. világítótest','6. light fitting',360,0,0,0,0,'',0,0,0,0,0,0,0,0,0,0,NULL,NULL,NULL,1,0,0,0,0,0,0,0,0,0,0,0,0,0,0,0,0,0,0,0,0,0,0,0,0,0,0,0,0,0,0,0,0,0,0),(367,'1. sor világítótestek','1 row light fittings',381,0,0,0,0,'',0,0,0,0,0,0,0,0,0,0,NULL,NULL,NULL,0,0,0,0,0,0,0,0,0,0,0,0,0,0,0,0,0,0,0,0,0,0,0,0,0,0,0,0,0,0,0,0,0,0,0),(368,'1. világítótest','1. light fitting',367,0,0,0,0,'',0,0,0,0,0,0,0,0,0,0,NULL,NULL,NULL,1,0,0,0,0,0,0,0,0,0,0,0,0,0,0,0,0,0,0,0,0,0,0,0,0,0,0,0,0,0,0,0,0,0,0),(369,'2. világítótest','2. light fitting',367,0,0,0,0,'',0,0,0,0,0,0,0,0,0,0,NULL,NULL,NULL,1,0,0,0,0,0,0,0,0,0,0,0,0,0,0,0,0,0,0,0,0,0,0,0,0,0,0,0,0,0,0,0,0,0,0),(370,'3. világítótest','3. light fitting',367,0,0,0,0,'',0,0,0,0,0,0,0,0,0,0,NULL,NULL,NULL,1,0,0,0,0,0,0,0,0,0,0,0,0,0,0,0,0,0,0,0,0,0,0,0,0,0,0,0,0,0,0,0,0,0,0),(371,'4. világítótest','4. light fitting',367,0,0,0,0,'',0,0,0,0,0,0,0,0,0,0,NULL,NULL,NULL,1,0,0,0,0,0,0,0,0,0,0,0,0,0,0,0,0,0,0,0,0,0,0,0,0,0,0,0,0,0,0,0,0,0,0),(372,'5. világítótest','5. light fitting',367,0,0,0,0,'',0,0,0,0,0,0,0,0,0,0,NULL,NULL,NULL,1,0,0,0,0,0,0,0,0,0,0,0,0,0,0,0,0,0,0,0,0,0,0,0,0,0,0,0,0,0,0,0,0,0,0),(373,'6. világítótest','6. light fitting',367,0,0,0,0,'',0,0,0,0,0,0,0,0,0,0,NULL,NULL,NULL,1,0,0,0,0,0,0,0,0,0,0,0,0,0,0,0,0,0,0,0,0,0,0,0,0,0,0,0,0,0,0,0,0,0,0),(374,'lánc','chain',383,70,0,0,97,'',0,0,0,0,0,0,0,0,0,0,NULL,NULL,NULL,0,0,0,0,0,0,0,0,0,0,0,0,0,0,0,0,0,0,0,0,0,0,0,0,0,0,0,0,0,0,0,0,0,0,0),(375,'Koronakezelő Martignoni TMC106','Corona treater Martignoni TMC106',204,0,0,0,0,'',139,0,0,0,0,0,0,0,0,0,NULL,NULL,NULL,1,0,0,0,0,0,0,0,0,0,0,0,0,0,0,0,0,0,0,0,0,0,0,0,0,0,0,0,0,0,0,0,0,0,0),(376,'P11 kezelő','P11 control panel',293,0,0,0,0,'',137,0,0,0,0,0,0,0,0,0,NULL,NULL,NULL,1,0,0,0,0,0,0,0,0,0,0,0,0,0,0,0,0,0,0,0,0,0,0,0,0,0,0,0,0,0,0,0,0,0,0),(377,'P10 kezelő','P10 control panel',293,0,0,0,0,'',136,0,0,0,0,0,0,0,0,0,NULL,NULL,NULL,1,0,0,0,0,0,0,0,0,0,0,0,0,0,0,0,0,0,0,0,0,0,0,0,0,0,0,0,0,0,0,0,0,0,0),(378,'P4 kezelő','P4 control panel',293,0,0,0,0,'',135,0,0,0,0,0,0,0,0,0,NULL,NULL,NULL,1,0,0,0,0,0,0,0,0,0,0,0,0,0,0,0,0,0,0,0,0,0,0,0,0,0,0,0,0,0,0,0,0,0,0),(379,'P2 kezelő','P2 kezelő',293,0,0,0,0,'',138,0,0,0,0,0,0,0,0,0,NULL,NULL,NULL,1,0,0,0,0,0,0,0,0,0,0,0,0,0,0,0,0,0,0,0,0,0,0,0,0,0,0,0,0,0,0,0,0,0,0),(380,'P3. kezelő','P3 control panel',293,0,0,0,0,'',134,0,0,0,0,0,0,0,0,0,NULL,NULL,NULL,1,0,0,0,0,0,0,0,0,0,0,0,0,0,0,0,0,0,0,0,0,0,0,0,0,0,0,0,0,0,0,0,0,0,0),(381,'világítás','light system',235,NULL,0,NULL,NULL,'',NULL,NULL,NULL,NULL,NULL,NULL,NULL,NULL,NULL,NULL,0,'','',1,NULL,NULL,NULL,NULL,NULL,NULL,NULL,NULL,NULL,NULL,NULL,NULL,NULL,NULL,NULL,NULL,NULL,NULL,NULL,NULL,NULL,NULL,NULL,NULL,NULL,NULL,NULL,NULL,NULL,NULL,NULL,NULL,NULL,NULL),(382,'konyha','kitchen',288,NULL,0,NULL,NULL,'',NULL,NULL,NULL,NULL,NULL,NULL,NULL,NULL,NULL,NULL,0,'','',0,NULL,NULL,NULL,NULL,NULL,NULL,NULL,NULL,NULL,NULL,NULL,NULL,NULL,NULL,NULL,NULL,NULL,NULL,NULL,NULL,NULL,NULL,NULL,NULL,NULL,NULL,NULL,NULL,NULL,NULL,NULL,NULL,NULL,NULL),(383,'Csomagoló Robopac Roboplat 507.1PDS','Wrapping machine Robopac Roboplat 507.1PDS',0,NULL,2,NULL,NULL,'',140,143,147,NULL,NULL,NULL,NULL,NULL,NULL,NULL,1,'','',0,NULL,NULL,NULL,NULL,NULL,NULL,NULL,NULL,NULL,NULL,NULL,NULL,NULL,NULL,NULL,NULL,NULL,NULL,NULL,NULL,NULL,NULL,NULL,NULL,NULL,NULL,NULL,NULL,NULL,NULL,NULL,NULL,NULL,NULL),(384,'Belső kocsi','Inner carriage',28,NULL,0,NULL,NULL,'',NULL,NULL,NULL,NULL,NULL,NULL,NULL,NULL,NULL,NULL,0,'','',1,NULL,NULL,NULL,NULL,NULL,NULL,NULL,NULL,NULL,NULL,NULL,NULL,NULL,NULL,NULL,NULL,NULL,NULL,NULL,NULL,NULL,NULL,NULL,NULL,NULL,NULL,NULL,NULL,NULL,NULL,NULL,NULL,NULL,NULL),(385,'Külső kocsi','Outer carriage',28,NULL,0,NULL,NULL,'',NULL,NULL,NULL,NULL,NULL,NULL,NULL,NULL,NULL,NULL,0,'','',1,NULL,NULL,NULL,NULL,NULL,NULL,NULL,NULL,NULL,NULL,NULL,NULL,NULL,NULL,NULL,NULL,NULL,NULL,NULL,NULL,NULL,NULL,NULL,NULL,NULL,NULL,NULL,NULL,NULL,NULL,NULL,NULL,NULL,NULL),(386,'Feltekercselő','Rewinder',28,NULL,0,NULL,NULL,'',NULL,NULL,NULL,NULL,NULL,NULL,NULL,NULL,NULL,NULL,0,'','',0,NULL,NULL,NULL,NULL,NULL,NULL,NULL,NULL,NULL,NULL,NULL,NULL,NULL,NULL,NULL,NULL,NULL,NULL,NULL,NULL,NULL,NULL,NULL,NULL,NULL,NULL,NULL,NULL,NULL,NULL,NULL,NULL,NULL,NULL),(387,'Belső feltekercselő','Inner rewinder',386,NULL,0,NULL,NULL,'',NULL,NULL,NULL,NULL,NULL,NULL,NULL,NULL,NULL,NULL,0,'','',0,NULL,NULL,NULL,NULL,NULL,NULL,NULL,NULL,NULL,NULL,NULL,NULL,NULL,NULL,NULL,NULL,NULL,NULL,NULL,NULL,NULL,NULL,NULL,NULL,NULL,NULL,NULL,NULL,NULL,NULL,NULL,NULL,NULL,NULL),(388,'Expanziós tengely','Expansion shaft',387,NULL,0,NULL,NULL,'',145,NULL,NULL,NULL,NULL,NULL,NULL,NULL,NULL,NULL,0,'','',1,NULL,NULL,NULL,NULL,NULL,NULL,NULL,NULL,NULL,NULL,NULL,NULL,NULL,NULL,NULL,NULL,NULL,NULL,NULL,NULL,NULL,NULL,NULL,NULL,NULL,NULL,NULL,NULL,NULL,NULL,NULL,NULL,NULL,NULL),(389,'Külső feltekercselő','Outer rewinder',386,0,0,0,0,'',0,0,0,0,0,0,0,0,0,0,NULL,NULL,NULL,0,0,0,0,0,0,0,0,0,0,0,0,0,0,0,0,0,0,0,0,0,0,0,0,0,0,0,0,0,0,0,0,0,0,0),(390,'Expanziós tengely','Expansion shaft',389,0,0,0,0,'',145,0,0,0,0,0,0,0,0,0,NULL,NULL,NULL,1,0,0,0,0,0,0,0,0,0,0,0,0,0,0,0,0,0,0,0,0,0,0,0,0,0,0,0,0,0,0,0,0,0,0),(391,'Letekercselő','Unwinder',28,NULL,0,NULL,NULL,'',NULL,NULL,NULL,NULL,NULL,NULL,NULL,NULL,NULL,NULL,0,'','',1,NULL,NULL,NULL,NULL,NULL,NULL,NULL,NULL,NULL,NULL,NULL,NULL,NULL,NULL,NULL,NULL,NULL,NULL,NULL,NULL,NULL,NULL,NULL,NULL,NULL,NULL,NULL,NULL,NULL,NULL,NULL,NULL,NULL,NULL),(392,'Hidraulika rendszer','Hydraulic system',28,NULL,0,NULL,NULL,'',NULL,NULL,NULL,NULL,NULL,NULL,NULL,NULL,NULL,NULL,0,'','',0,NULL,NULL,NULL,NULL,NULL,NULL,NULL,NULL,NULL,NULL,NULL,NULL,NULL,NULL,NULL,NULL,NULL,NULL,NULL,NULL,NULL,NULL,NULL,NULL,NULL,NULL,NULL,NULL,NULL,NULL,NULL,NULL,NULL,NULL),(393,'Hidraulika tápegység','Hydraulic power pack',392,NULL,0,NULL,NULL,'',NULL,NULL,NULL,NULL,NULL,NULL,NULL,NULL,NULL,NULL,0,'','',1,NULL,NULL,NULL,NULL,NULL,NULL,NULL,NULL,NULL,NULL,NULL,NULL,NULL,NULL,NULL,NULL,NULL,NULL,NULL,NULL,NULL,NULL,NULL,NULL,NULL,NULL,NULL,NULL,NULL,NULL,NULL,NULL,NULL,NULL),(394,'feltekercselő','rewinder',42,NULL,0,NULL,NULL,'',NULL,NULL,NULL,NULL,NULL,NULL,NULL,NULL,NULL,NULL,0,'','',1,NULL,NULL,NULL,NULL,NULL,NULL,NULL,NULL,NULL,NULL,NULL,NULL,NULL,NULL,NULL,NULL,NULL,NULL,NULL,NULL,NULL,NULL,NULL,NULL,NULL,NULL,NULL,NULL,NULL,NULL,NULL,NULL,NULL,NULL),(395,'szilikon letekercselő','silicon unwinder',42,NULL,0,NULL,NULL,'',NULL,NULL,NULL,NULL,NULL,NULL,NULL,NULL,NULL,NULL,0,'','',1,NULL,NULL,NULL,NULL,NULL,NULL,NULL,NULL,NULL,NULL,NULL,NULL,NULL,NULL,NULL,NULL,NULL,NULL,NULL,NULL,NULL,NULL,NULL,NULL,NULL,NULL,NULL,NULL,NULL,NULL,NULL,NULL,NULL,NULL),(396,'Szárító 1','Drier 1',60,NULL,0,NULL,NULL,'',NULL,NULL,NULL,NULL,NULL,NULL,NULL,NULL,NULL,NULL,0,'','',0,NULL,NULL,NULL,NULL,NULL,NULL,NULL,NULL,NULL,NULL,NULL,NULL,NULL,NULL,NULL,NULL,NULL,NULL,NULL,NULL,NULL,NULL,NULL,NULL,NULL,NULL,NULL,NULL,NULL,NULL,NULL,NULL,NULL,NULL),(397,'Vezérlő','Controller',175,NULL,0,NULL,NULL,'',NULL,NULL,NULL,NULL,NULL,NULL,NULL,NULL,NULL,NULL,0,'','',0,NULL,NULL,NULL,NULL,NULL,NULL,NULL,NULL,NULL,NULL,NULL,NULL,NULL,NULL,NULL,NULL,NULL,NULL,NULL,NULL,NULL,NULL,NULL,NULL,NULL,NULL,NULL,NULL,NULL,NULL,NULL,NULL,NULL,NULL),(398,'HMI','HMI',397,65,0,NULL,99,'',NULL,NULL,NULL,NULL,NULL,NULL,NULL,NULL,NULL,NULL,0,'','',1,NULL,NULL,NULL,NULL,NULL,NULL,NULL,NULL,NULL,NULL,NULL,NULL,NULL,NULL,NULL,NULL,NULL,NULL,NULL,NULL,NULL,NULL,NULL,NULL,NULL,NULL,NULL,NULL,NULL,NULL,NULL,NULL,NULL,NULL),(399,'Égőszabályzó','Burner controller',397,50,0,NULL,98,'',68,NULL,NULL,NULL,NULL,NULL,NULL,NULL,NULL,NULL,0,'','',1,NULL,NULL,NULL,NULL,NULL,NULL,NULL,NULL,NULL,NULL,NULL,NULL,NULL,NULL,NULL,NULL,NULL,NULL,NULL,NULL,NULL,NULL,NULL,NULL,NULL,NULL,NULL,NULL,NULL,NULL,NULL,NULL,NULL,NULL),(400,'Hőmérséklet érzékelő','Temperature sensor',397,NULL,0,NULL,NULL,'',NULL,NULL,NULL,NULL,NULL,NULL,NULL,NULL,NULL,NULL,0,'','',1,NULL,NULL,NULL,NULL,NULL,NULL,NULL,NULL,NULL,NULL,NULL,NULL,NULL,NULL,NULL,NULL,NULL,NULL,NULL,NULL,NULL,NULL,NULL,NULL,NULL,NULL,NULL,NULL,NULL,NULL,NULL,NULL,NULL,NULL),(401,'gyújtótrafó','igintion transformer',397,71,0,NULL,100,'',144,NULL,NULL,NULL,NULL,NULL,NULL,NULL,NULL,NULL,0,'','',0,NULL,NULL,NULL,NULL,NULL,NULL,NULL,NULL,NULL,NULL,NULL,NULL,NULL,NULL,NULL,NULL,NULL,NULL,NULL,NULL,NULL,NULL,NULL,NULL,NULL,NULL,NULL,NULL,NULL,NULL,NULL,NULL,NULL,NULL),(402,'műszaki iroda','technical department',291,NULL,0,NULL,NULL,'',NULL,NULL,NULL,NULL,NULL,NULL,NULL,NULL,NULL,NULL,0,'','',1,NULL,NULL,NULL,NULL,NULL,NULL,NULL,NULL,NULL,NULL,NULL,NULL,NULL,NULL,NULL,NULL,NULL,NULL,NULL,NULL,NULL,NULL,NULL,NULL,NULL,NULL,NULL,NULL,NULL,NULL,NULL,NULL,NULL,NULL),(403,'Kezelőpanelek','Control panels',164,NULL,0,NULL,NULL,'',NULL,NULL,NULL,NULL,NULL,NULL,NULL,NULL,NULL,NULL,0,'','',0,NULL,NULL,NULL,NULL,NULL,NULL,NULL,NULL,NULL,NULL,NULL,NULL,NULL,NULL,NULL,NULL,NULL,NULL,NULL,NULL,NULL,NULL,NULL,NULL,NULL,NULL,NULL,NULL,NULL,NULL,NULL,NULL,NULL,NULL),(404,'Fő vezérlő panel','Main control panel',403,NULL,0,NULL,NULL,'',NULL,NULL,NULL,NULL,NULL,NULL,NULL,NULL,NULL,NULL,0,'','',1,NULL,NULL,NULL,NULL,NULL,NULL,NULL,NULL,NULL,NULL,NULL,NULL,NULL,NULL,NULL,NULL,NULL,NULL,NULL,NULL,NULL,NULL,NULL,NULL,NULL,NULL,NULL,NULL,NULL,NULL,NULL,NULL,NULL,NULL),(405,'Belső vezérlőpanel','Inner control panel',403,NULL,0,NULL,NULL,'',NULL,NULL,NULL,NULL,NULL,NULL,NULL,NULL,NULL,NULL,0,'','',1,NULL,NULL,NULL,NULL,NULL,NULL,NULL,NULL,NULL,NULL,NULL,NULL,NULL,NULL,NULL,NULL,NULL,NULL,NULL,NULL,NULL,NULL,NULL,NULL,NULL,NULL,NULL,NULL,NULL,NULL,NULL,NULL,NULL,NULL),(406,'vezérlőpanel a vákumasztalnál','control panel at the vacuum table',403,NULL,0,NULL,NULL,'',NULL,NULL,NULL,NULL,NULL,NULL,NULL,NULL,NULL,NULL,0,'','',1,NULL,NULL,NULL,NULL,NULL,NULL,NULL,NULL,NULL,NULL,NULL,NULL,NULL,NULL,NULL,NULL,NULL,NULL,NULL,NULL,NULL,NULL,NULL,NULL,NULL,NULL,NULL,NULL,NULL,NULL,NULL,NULL,NULL,NULL),(407,'Vezérlőpanel a letekercselő fékoldalt','Control panel at the unwinder brake side',403,NULL,0,NULL,NULL,'',NULL,NULL,NULL,NULL,NULL,NULL,NULL,NULL,NULL,NULL,0,'','',1,NULL,NULL,NULL,NULL,NULL,NULL,NULL,NULL,NULL,NULL,NULL,NULL,NULL,NULL,NULL,NULL,NULL,NULL,NULL,NULL,NULL,NULL,NULL,NULL,NULL,NULL,NULL,NULL,NULL,NULL,NULL,NULL,NULL,NULL),(408,'Vezérlőpanel a letekercselő kezelőoldal','Control panel at the unwinder operator side',403,NULL,0,NULL,NULL,'',NULL,NULL,NULL,NULL,NULL,NULL,NULL,NULL,NULL,NULL,0,'','',1,NULL,NULL,NULL,NULL,NULL,NULL,NULL,NULL,NULL,NULL,NULL,NULL,NULL,NULL,NULL,NULL,NULL,NULL,NULL,NULL,NULL,NULL,NULL,NULL,NULL,NULL,NULL,NULL,NULL,NULL,NULL,NULL,NULL,NULL),(409,'ollós emelőasztal','hydraulic scissor lift',384,36,0,NULL,8,'',NULL,NULL,NULL,NULL,NULL,NULL,NULL,NULL,NULL,NULL,0,'','',0,NULL,NULL,NULL,NULL,NULL,NULL,NULL,NULL,NULL,NULL,NULL,NULL,NULL,NULL,NULL,NULL,NULL,NULL,NULL,NULL,NULL,NULL,NULL,NULL,NULL,NULL,NULL,NULL,NULL,NULL,NULL,NULL,NULL,NULL),(410,'ollós emelőasztal','hydraulic scissor lift',385,36,0,0,8,'',0,0,0,0,0,0,0,0,0,0,NULL,NULL,NULL,0,0,0,0,0,0,0,0,0,0,0,0,0,0,0,0,0,0,0,0,0,0,0,0,0,0,0,0,0,0,0,0,0,0,0),(411,'Olbrich csarnok','Olbrich room',234,NULL,0,NULL,NULL,'',NULL,NULL,NULL,NULL,NULL,NULL,NULL,NULL,NULL,NULL,0,'','',0,NULL,NULL,NULL,NULL,NULL,NULL,NULL,NULL,NULL,NULL,NULL,NULL,NULL,NULL,NULL,NULL,NULL,NULL,NULL,NULL,NULL,NULL,NULL,NULL,NULL,NULL,NULL,NULL,NULL,NULL,NULL,NULL,NULL,NULL),(412,'Fűtés','Heating',411,NULL,0,NULL,NULL,'',NULL,NULL,NULL,NULL,NULL,NULL,NULL,NULL,NULL,NULL,0,'','',1,NULL,NULL,NULL,NULL,NULL,NULL,NULL,NULL,NULL,NULL,NULL,NULL,NULL,NULL,NULL,NULL,NULL,NULL,NULL,NULL,NULL,NULL,NULL,NULL,NULL,NULL,NULL,NULL,NULL,NULL,NULL,NULL,NULL,NULL),(413,'labor oldali feketesugárzó','black radiant heater labor side',412,NULL,0,NULL,NULL,'',NULL,NULL,NULL,NULL,NULL,NULL,NULL,NULL,NULL,NULL,0,'','',1,NULL,NULL,NULL,NULL,NULL,NULL,NULL,NULL,NULL,NULL,NULL,NULL,NULL,NULL,NULL,NULL,NULL,NULL,NULL,NULL,NULL,NULL,NULL,NULL,NULL,NULL,NULL,NULL,NULL,NULL,NULL,NULL,NULL,NULL),(414,'öltöző oldali feketesugárzó','black radiant heater dressing room side',412,NULL,0,NULL,NULL,'',NULL,NULL,NULL,NULL,NULL,NULL,NULL,NULL,NULL,NULL,0,'','',1,NULL,NULL,NULL,NULL,NULL,NULL,NULL,NULL,NULL,NULL,NULL,NULL,NULL,NULL,NULL,NULL,NULL,NULL,NULL,NULL,NULL,NULL,NULL,NULL,NULL,NULL,NULL,NULL,NULL,NULL,NULL,NULL,NULL,NULL),(415,'udvar','yard',233,NULL,0,NULL,NULL,'',NULL,NULL,NULL,NULL,NULL,NULL,NULL,NULL,NULL,NULL,0,'','',1,NULL,NULL,NULL,NULL,NULL,NULL,NULL,NULL,NULL,NULL,NULL,NULL,NULL,NULL,NULL,NULL,NULL,NULL,NULL,NULL,NULL,NULL,NULL,NULL,NULL,NULL,NULL,NULL,NULL,NULL,NULL,NULL,NULL,NULL),(416,'kazánház','boiler room',234,NULL,0,NULL,NULL,'',NULL,NULL,NULL,NULL,NULL,NULL,NULL,NULL,NULL,NULL,0,'','',0,NULL,NULL,NULL,NULL,NULL,NULL,NULL,NULL,NULL,NULL,NULL,NULL,NULL,NULL,NULL,NULL,NULL,NULL,NULL,NULL,NULL,NULL,NULL,NULL,NULL,NULL,NULL,NULL,NULL,NULL,NULL,NULL,NULL,NULL),(417,'kompresszorház','air compressor room',234,NULL,0,NULL,NULL,'',NULL,NULL,NULL,NULL,NULL,NULL,NULL,NULL,NULL,NULL,0,'','',0,NULL,NULL,NULL,NULL,NULL,NULL,NULL,NULL,NULL,NULL,NULL,NULL,NULL,NULL,NULL,NULL,NULL,NULL,NULL,NULL,NULL,NULL,NULL,NULL,NULL,NULL,NULL,NULL,NULL,NULL,NULL,NULL,NULL,NULL),(418,'bálaraktár','bale store',234,NULL,0,NULL,NULL,'',NULL,NULL,NULL,NULL,NULL,NULL,NULL,NULL,NULL,NULL,0,'','',0,NULL,NULL,NULL,NULL,NULL,NULL,NULL,NULL,NULL,NULL,NULL,NULL,NULL,NULL,NULL,NULL,NULL,NULL,NULL,NULL,NULL,NULL,NULL,NULL,NULL,NULL,NULL,NULL,NULL,NULL,NULL,NULL,NULL,NULL),(419,'gépvilágítás','machine light system',204,NULL,0,NULL,NULL,'',NULL,NULL,NULL,NULL,NULL,NULL,NULL,NULL,NULL,NULL,0,'','',1,NULL,NULL,NULL,NULL,NULL,NULL,NULL,NULL,NULL,NULL,NULL,NULL,NULL,NULL,NULL,NULL,NULL,NULL,NULL,NULL,NULL,NULL,NULL,NULL,NULL,NULL,NULL,NULL,NULL,NULL,NULL,NULL,NULL,NULL),(420,'Vízlágyító szoba','Water softening room',416,NULL,0,NULL,NULL,'',NULL,NULL,NULL,NULL,NULL,NULL,NULL,NULL,NULL,NULL,0,'','',1,NULL,NULL,NULL,NULL,NULL,NULL,NULL,NULL,NULL,NULL,NULL,NULL,NULL,NULL,NULL,NULL,NULL,NULL,NULL,NULL,NULL,NULL,NULL,NULL,NULL,NULL,NULL,NULL,NULL,NULL,NULL,NULL,NULL,NULL),(421,'Vezérlő panelek','Control panels',469,NULL,0,NULL,NULL,'',NULL,NULL,NULL,NULL,NULL,NULL,NULL,NULL,NULL,NULL,0,'','',1,NULL,NULL,NULL,NULL,NULL,NULL,NULL,NULL,NULL,NULL,NULL,NULL,NULL,NULL,NULL,NULL,NULL,NULL,NULL,NULL,NULL,NULL,NULL,NULL,NULL,NULL,NULL,NULL,NULL,NULL,NULL,NULL,NULL,NULL),(422,'pneumatika rendszer','pneumatic system',58,NULL,0,NULL,NULL,'',NULL,NULL,NULL,NULL,NULL,NULL,NULL,NULL,NULL,NULL,0,'','',1,NULL,NULL,NULL,NULL,NULL,NULL,NULL,NULL,NULL,NULL,NULL,NULL,NULL,NULL,NULL,NULL,NULL,NULL,NULL,NULL,NULL,NULL,NULL,NULL,NULL,NULL,NULL,NULL,NULL,NULL,NULL,NULL,NULL,NULL),(423,'Alpha1','Alpha1',0,NULL,2,NULL,NULL,'',NULL,NULL,NULL,NULL,NULL,NULL,NULL,NULL,NULL,NULL,1,'','',0,NULL,NULL,NULL,NULL,NULL,NULL,NULL,NULL,NULL,NULL,NULL,NULL,NULL,NULL,NULL,NULL,NULL,NULL,NULL,NULL,NULL,NULL,NULL,NULL,NULL,NULL,NULL,NULL,NULL,NULL,NULL,NULL,NULL,NULL),(424,'Vezérlő panelek','Control panels',426,NULL,0,NULL,NULL,'',NULL,NULL,NULL,NULL,NULL,NULL,NULL,NULL,NULL,NULL,0,'','',1,NULL,NULL,NULL,NULL,NULL,NULL,NULL,NULL,NULL,NULL,NULL,NULL,NULL,NULL,NULL,NULL,NULL,NULL,NULL,NULL,NULL,NULL,NULL,NULL,NULL,NULL,NULL,NULL,NULL,NULL,NULL,NULL,NULL,NULL),(425,'pneumatika rendszer','pneumatic system',423,NULL,0,NULL,NULL,'',NULL,NULL,NULL,NULL,NULL,NULL,NULL,NULL,NULL,NULL,0,'','',1,NULL,NULL,NULL,NULL,NULL,NULL,NULL,NULL,NULL,NULL,NULL,NULL,NULL,NULL,NULL,NULL,NULL,NULL,NULL,NULL,NULL,NULL,NULL,NULL,NULL,NULL,NULL,NULL,NULL,NULL,NULL,NULL,NULL,NULL),(426,'Vezérlés','Control system',423,NULL,0,NULL,NULL,'',NULL,NULL,NULL,NULL,NULL,NULL,NULL,NULL,NULL,NULL,0,'','',0,NULL,NULL,NULL,NULL,NULL,NULL,NULL,NULL,NULL,NULL,NULL,NULL,NULL,NULL,NULL,NULL,NULL,NULL,NULL,NULL,NULL,NULL,NULL,NULL,NULL,NULL,NULL,NULL,NULL,NULL,NULL,NULL,NULL,NULL),(427,'pneumatika rendszer','pneumatic system',28,NULL,0,NULL,NULL,'',NULL,NULL,NULL,NULL,NULL,NULL,NULL,NULL,NULL,NULL,0,'','',1,NULL,NULL,NULL,NULL,NULL,NULL,NULL,NULL,NULL,NULL,NULL,NULL,NULL,NULL,NULL,NULL,NULL,NULL,NULL,NULL,NULL,NULL,NULL,NULL,NULL,NULL,NULL,NULL,NULL,NULL,NULL,NULL,NULL,NULL),(428,'gépvilágítás','machine light system',58,NULL,0,NULL,NULL,'',NULL,NULL,NULL,NULL,NULL,NULL,NULL,NULL,NULL,NULL,0,'','',1,NULL,NULL,NULL,NULL,NULL,NULL,NULL,NULL,NULL,NULL,NULL,NULL,NULL,NULL,NULL,NULL,NULL,NULL,NULL,NULL,NULL,NULL,NULL,NULL,NULL,NULL,NULL,NULL,NULL,NULL,NULL,NULL,NULL,NULL),(429,'fénycsőarmatúra a külső laborasztal felett','light fitting over the outer labor table',338,80,0,NULL,102,'',NULL,NULL,NULL,NULL,NULL,NULL,NULL,NULL,NULL,NULL,0,'','',1,NULL,NULL,NULL,NULL,NULL,NULL,NULL,NULL,NULL,NULL,NULL,NULL,NULL,NULL,NULL,NULL,NULL,NULL,NULL,NULL,NULL,NULL,NULL,NULL,NULL,NULL,NULL,NULL,NULL,NULL,NULL,NULL,NULL,NULL),(430,'Vezérlés','Control system',178,NULL,0,NULL,NULL,'',NULL,NULL,NULL,NULL,NULL,NULL,NULL,NULL,NULL,NULL,0,'','',1,NULL,NULL,NULL,NULL,NULL,NULL,NULL,NULL,NULL,NULL,NULL,NULL,NULL,NULL,NULL,NULL,NULL,NULL,NULL,NULL,NULL,NULL,NULL,NULL,NULL,NULL,NULL,NULL,NULL,NULL,NULL,NULL,NULL,NULL),(431,'Kezelőpultok','Control panels',430,NULL,0,NULL,NULL,'',NULL,NULL,NULL,NULL,NULL,NULL,NULL,NULL,NULL,NULL,0,'','',1,NULL,NULL,NULL,NULL,NULL,NULL,NULL,NULL,NULL,NULL,NULL,NULL,NULL,NULL,NULL,NULL,NULL,NULL,NULL,NULL,NULL,NULL,NULL,NULL,NULL,NULL,NULL,NULL,NULL,NULL,NULL,NULL,NULL,NULL),(432,'világítás','Lighting system',382,NULL,0,NULL,NULL,'',NULL,NULL,NULL,NULL,NULL,NULL,NULL,NULL,NULL,NULL,0,'','',1,NULL,NULL,NULL,NULL,NULL,NULL,NULL,NULL,NULL,NULL,NULL,NULL,NULL,NULL,NULL,NULL,NULL,NULL,NULL,NULL,NULL,NULL,NULL,NULL,NULL,NULL,NULL,NULL,NULL,NULL,NULL,NULL,NULL,NULL),(433,'Műhely','Workshop',248,NULL,0,NULL,NULL,'',NULL,NULL,NULL,NULL,NULL,NULL,NULL,NULL,NULL,NULL,0,'','',1,NULL,NULL,NULL,NULL,NULL,NULL,NULL,NULL,NULL,NULL,NULL,NULL,NULL,NULL,NULL,NULL,NULL,NULL,NULL,NULL,NULL,NULL,NULL,NULL,NULL,NULL,NULL,NULL,NULL,NULL,NULL,NULL,NULL,NULL),(434,'Bevonó','Coating unit',179,NULL,0,NULL,NULL,'',NULL,NULL,NULL,NULL,NULL,NULL,NULL,NULL,NULL,NULL,0,'','',1,NULL,NULL,NULL,NULL,NULL,NULL,NULL,NULL,NULL,NULL,NULL,NULL,NULL,NULL,NULL,NULL,NULL,NULL,NULL,NULL,NULL,NULL,NULL,NULL,NULL,NULL,NULL,NULL,NULL,NULL,NULL,NULL,NULL,NULL),(435,'raszterhenger','engraved roll',434,5,0,NULL,101,'',NULL,NULL,NULL,NULL,NULL,NULL,1,2,NULL,NULL,0,'','',1,NULL,NULL,NULL,NULL,NULL,NULL,NULL,NULL,NULL,NULL,NULL,NULL,NULL,NULL,NULL,NULL,NULL,NULL,NULL,NULL,NULL,NULL,NULL,NULL,NULL,NULL,NULL,NULL,NULL,NULL,NULL,NULL,NULL,NULL),(436,'ellennyomó','coater pull roll',434,NULL,0,NULL,NULL,'',NULL,NULL,NULL,NULL,NULL,NULL,NULL,NULL,NULL,NULL,0,'','',1,NULL,NULL,NULL,NULL,NULL,NULL,NULL,NULL,NULL,NULL,NULL,NULL,NULL,NULL,NULL,NULL,NULL,NULL,NULL,NULL,NULL,NULL,NULL,NULL,NULL,NULL,NULL,NULL,NULL,NULL,NULL,NULL,NULL,NULL),(437,'Hajtás','Drive unit',179,NULL,0,NULL,NULL,'',NULL,NULL,NULL,NULL,NULL,NULL,NULL,NULL,NULL,NULL,0,'','',1,NULL,NULL,NULL,NULL,NULL,NULL,NULL,NULL,NULL,NULL,NULL,NULL,NULL,NULL,NULL,NULL,NULL,NULL,NULL,NULL,NULL,NULL,NULL,NULL,NULL,NULL,NULL,NULL,NULL,NULL,NULL,NULL,NULL,NULL),(438,'4-es hajtás','drive unit 4',437,NULL,0,NULL,NULL,'',NULL,NULL,NULL,NULL,NULL,NULL,NULL,NULL,NULL,NULL,0,'','',1,NULL,NULL,NULL,NULL,NULL,NULL,NULL,NULL,NULL,NULL,NULL,NULL,NULL,NULL,NULL,NULL,NULL,NULL,NULL,NULL,NULL,NULL,NULL,NULL,NULL,NULL,NULL,NULL,NULL,NULL,NULL,NULL,NULL,NULL),(439,'hajtómű','gear box',438,NULL,0,NULL,NULL,'',NULL,NULL,NULL,NULL,NULL,NULL,NULL,NULL,NULL,NULL,0,'','',1,NULL,NULL,NULL,NULL,NULL,NULL,NULL,NULL,NULL,NULL,NULL,NULL,NULL,NULL,NULL,NULL,NULL,NULL,NULL,NULL,NULL,NULL,NULL,NULL,NULL,NULL,NULL,NULL,NULL,NULL,NULL,NULL,NULL,NULL),(440,'Hidraulika tápegység','Hydraulic power pack',181,NULL,0,NULL,NULL,'',NULL,NULL,NULL,NULL,NULL,NULL,NULL,NULL,NULL,NULL,0,'','',1,NULL,NULL,NULL,NULL,NULL,NULL,NULL,NULL,NULL,NULL,NULL,NULL,NULL,NULL,NULL,NULL,NULL,NULL,NULL,NULL,NULL,NULL,NULL,NULL,NULL,NULL,NULL,NULL,NULL,NULL,NULL,NULL,NULL,NULL),(441,'gyorskapu','High performance door',140,NULL,0,NULL,NULL,'',NULL,NULL,NULL,NULL,NULL,NULL,NULL,NULL,NULL,NULL,0,'','',1,NULL,NULL,NULL,NULL,NULL,NULL,NULL,NULL,NULL,NULL,NULL,NULL,NULL,NULL,NULL,NULL,NULL,NULL,NULL,NULL,NULL,NULL,NULL,NULL,NULL,NULL,NULL,NULL,NULL,NULL,NULL,NULL,NULL,NULL),(442,'élezőgép','sharpening machine',0,NULL,12,NULL,NULL,'',NULL,NULL,NULL,NULL,NULL,NULL,NULL,NULL,NULL,NULL,3,'','',1,NULL,NULL,NULL,NULL,NULL,NULL,NULL,NULL,NULL,NULL,NULL,NULL,NULL,NULL,NULL,NULL,NULL,NULL,NULL,NULL,NULL,NULL,NULL,NULL,NULL,NULL,NULL,NULL,NULL,NULL,NULL,NULL,NULL,NULL),(443,'elektromos szekrények','Electric cabinet',430,NULL,0,NULL,NULL,'',NULL,NULL,NULL,NULL,NULL,NULL,NULL,NULL,NULL,NULL,0,'','',1,NULL,NULL,NULL,NULL,NULL,NULL,NULL,NULL,NULL,NULL,NULL,NULL,NULL,NULL,NULL,NULL,NULL,NULL,NULL,NULL,NULL,NULL,NULL,NULL,NULL,NULL,NULL,NULL,NULL,NULL,NULL,NULL,NULL,NULL),(444,'M112 szivattyú egység','M112 pump system',434,NULL,0,NULL,NULL,'',NULL,NULL,NULL,NULL,NULL,NULL,NULL,NULL,NULL,NULL,0,'','',1,NULL,NULL,NULL,NULL,NULL,NULL,NULL,NULL,NULL,NULL,NULL,NULL,NULL,NULL,NULL,NULL,NULL,NULL,NULL,NULL,NULL,NULL,NULL,NULL,NULL,NULL,NULL,NULL,NULL,NULL,NULL,NULL,NULL,NULL),(445,'gázégő 2','gas burner 2',240,NULL,0,NULL,NULL,'',NULL,NULL,NULL,NULL,NULL,NULL,NULL,NULL,NULL,NULL,0,'','',1,NULL,NULL,NULL,NULL,NULL,NULL,NULL,NULL,NULL,NULL,NULL,NULL,NULL,NULL,NULL,NULL,NULL,NULL,NULL,NULL,NULL,NULL,NULL,NULL,NULL,NULL,NULL,NULL,NULL,NULL,NULL,NULL,NULL,NULL),(446,'QCS','QCS',430,NULL,0,NULL,NULL,'',NULL,NULL,NULL,NULL,NULL,NULL,NULL,NULL,NULL,NULL,0,'','',1,NULL,NULL,NULL,NULL,NULL,NULL,NULL,NULL,NULL,NULL,NULL,NULL,NULL,NULL,NULL,NULL,NULL,NULL,NULL,NULL,NULL,NULL,NULL,NULL,NULL,NULL,NULL,NULL,NULL,NULL,NULL,NULL,NULL,NULL),(447,'Fonó utca hűtővíz rendszer','Fonó str. water cooling system',0,NULL,8,NULL,NULL,'',NULL,NULL,NULL,NULL,NULL,NULL,NULL,NULL,NULL,NULL,3,'','',1,NULL,NULL,NULL,NULL,NULL,NULL,NULL,NULL,NULL,NULL,NULL,NULL,NULL,NULL,NULL,NULL,NULL,NULL,NULL,NULL,NULL,NULL,NULL,NULL,NULL,NULL,NULL,NULL,NULL,NULL,NULL,NULL,NULL,NULL),(448,'Eurochiller','Eurochiller',447,NULL,0,NULL,NULL,'',NULL,NULL,NULL,NULL,NULL,NULL,NULL,NULL,NULL,NULL,0,'','',1,NULL,NULL,NULL,NULL,NULL,NULL,NULL,NULL,NULL,NULL,NULL,NULL,NULL,NULL,NULL,NULL,NULL,NULL,NULL,NULL,NULL,NULL,NULL,NULL,NULL,NULL,NULL,NULL,NULL,NULL,NULL,NULL,NULL,NULL),(449,'mosó szivattyú egység','flushing pump system',127,NULL,0,NULL,NULL,'',NULL,NULL,NULL,NULL,NULL,NULL,NULL,NULL,NULL,NULL,0,'','',1,NULL,NULL,NULL,NULL,NULL,NULL,NULL,NULL,NULL,NULL,NULL,NULL,NULL,NULL,NULL,NULL,NULL,NULL,NULL,NULL,NULL,NULL,NULL,NULL,NULL,NULL,NULL,NULL,NULL,NULL,NULL,NULL,NULL,NULL),(450,'gyár utcai emelőgépek','Gyar str lifting machine',0,NULL,0,NULL,NULL,'',NULL,NULL,NULL,NULL,NULL,NULL,NULL,NULL,NULL,NULL,2,'','',1,NULL,NULL,NULL,NULL,NULL,NULL,NULL,NULL,NULL,NULL,NULL,NULL,NULL,NULL,NULL,NULL,NULL,NULL,NULL,NULL,NULL,NULL,NULL,NULL,NULL,NULL,NULL,NULL,NULL,NULL,NULL,NULL,NULL,NULL),(451,'elektromos szekrények','electric cabinets',469,NULL,0,NULL,NULL,'',NULL,NULL,NULL,NULL,NULL,NULL,NULL,NULL,NULL,NULL,NULL,'','',1,NULL,NULL,NULL,NULL,NULL,NULL,NULL,NULL,NULL,NULL,NULL,NULL,NULL,NULL,NULL,NULL,NULL,NULL,NULL,NULL,NULL,NULL,NULL,NULL,NULL,NULL,NULL,NULL,NULL,NULL,NULL,NULL,NULL,NULL),(452,'Toyota 8FBM20T','Toyota 8FBM20T',450,NULL,0,NULL,NULL,'',148,NULL,NULL,NULL,NULL,NULL,NULL,NULL,NULL,NULL,0,'','',1,NULL,NULL,NULL,NULL,NULL,NULL,NULL,NULL,NULL,NULL,NULL,NULL,NULL,NULL,NULL,NULL,NULL,NULL,NULL,NULL,NULL,NULL,NULL,NULL,NULL,NULL,NULL,NULL,NULL,NULL,NULL,NULL,NULL,NULL),(453,'Doosan B20X-7','Doosan B20X-7',450,NULL,0,NULL,NULL,'',149,NULL,NULL,NULL,NULL,NULL,NULL,NULL,NULL,NULL,0,'','',1,NULL,NULL,NULL,NULL,NULL,NULL,NULL,NULL,NULL,NULL,NULL,NULL,NULL,NULL,NULL,NULL,NULL,NULL,NULL,NULL,NULL,NULL,NULL,NULL,NULL,NULL,NULL,NULL,NULL,NULL,NULL,NULL,NULL,NULL),(454,'Toyota 8FBE15T','Toyota 8FBE15T',450,NULL,0,NULL,NULL,'',150,NULL,NULL,NULL,NULL,NULL,NULL,NULL,NULL,NULL,0,'','',1,NULL,NULL,NULL,NULL,NULL,NULL,NULL,NULL,NULL,NULL,NULL,NULL,NULL,NULL,NULL,NULL,NULL,NULL,NULL,NULL,NULL,NULL,NULL,NULL,NULL,NULL,NULL,NULL,NULL,NULL,NULL,NULL,NULL,NULL),(455,'Jungheinrich EJC110 gyalogkiséretű ICO','Jungheinrich EJC110 ICO',450,NULL,0,NULL,NULL,'',151,NULL,NULL,NULL,NULL,NULL,NULL,NULL,NULL,NULL,0,'','',1,NULL,NULL,NULL,NULL,NULL,NULL,NULL,NULL,NULL,NULL,NULL,NULL,NULL,NULL,NULL,NULL,NULL,NULL,NULL,NULL,NULL,NULL,NULL,NULL,NULL,NULL,NULL,NULL,NULL,NULL,NULL,NULL,NULL,NULL),(456,'Jungheinrich EJC110 gyalogkiséretű Alpha','Jungheinrich EJC110 pedestrian stacker Alpha',450,NULL,0,NULL,NULL,'',153,NULL,NULL,NULL,NULL,NULL,NULL,NULL,NULL,NULL,0,'','',1,NULL,NULL,NULL,NULL,NULL,NULL,NULL,NULL,NULL,NULL,NULL,NULL,NULL,NULL,NULL,NULL,NULL,NULL,NULL,NULL,NULL,NULL,NULL,NULL,NULL,NULL,NULL,NULL,NULL,NULL,NULL,NULL,NULL,NULL),(457,'Meech antisztatizálók','Meech static eliminators',118,NULL,0,NULL,NULL,'',NULL,NULL,NULL,NULL,NULL,NULL,NULL,NULL,NULL,NULL,0,'','',1,NULL,NULL,NULL,NULL,NULL,NULL,NULL,NULL,NULL,NULL,NULL,NULL,NULL,NULL,NULL,NULL,NULL,NULL,NULL,NULL,NULL,NULL,NULL,NULL,NULL,NULL,NULL,NULL,NULL,NULL,NULL,NULL,NULL,NULL),(458,'szűrő','filter',547,40,0,NULL,114,'',165,NULL,NULL,NULL,NULL,NULL,NULL,NULL,NULL,NULL,0,'','',1,NULL,NULL,NULL,NULL,NULL,NULL,NULL,NULL,NULL,NULL,NULL,NULL,NULL,NULL,NULL,NULL,NULL,NULL,NULL,NULL,NULL,NULL,NULL,NULL,NULL,NULL,NULL,NULL,NULL,NULL,NULL,NULL,NULL,NULL),(459,'gázégő','gas burner',547,NULL,0,NULL,NULL,'',NULL,NULL,NULL,NULL,NULL,NULL,NULL,NULL,NULL,NULL,0,'','',1,NULL,NULL,NULL,NULL,NULL,NULL,NULL,NULL,NULL,NULL,NULL,NULL,NULL,NULL,NULL,NULL,NULL,NULL,NULL,NULL,NULL,NULL,NULL,NULL,NULL,NULL,NULL,NULL,NULL,NULL,NULL,NULL,NULL,NULL),(460,'szélszabályzók','edge guides',118,NULL,0,NULL,NULL,'',NULL,NULL,NULL,NULL,NULL,NULL,NULL,NULL,NULL,NULL,0,'','',1,NULL,NULL,NULL,NULL,NULL,NULL,NULL,NULL,NULL,NULL,NULL,NULL,NULL,NULL,NULL,NULL,NULL,NULL,NULL,NULL,NULL,NULL,NULL,NULL,NULL,NULL,NULL,NULL,NULL,NULL,NULL,NULL,NULL,NULL),(461,'szélszabályzó 4','edge guide 4',460,0,0,0,0,'',0,0,0,0,0,0,0,0,0,0,NULL,NULL,NULL,1,0,0,0,0,0,0,0,0,0,0,0,0,0,0,0,0,0,0,0,0,0,0,0,0,0,0,0,0,0,0,0,0,0,0),(462,'vezérlés','Control system',118,NULL,0,NULL,NULL,'',NULL,NULL,NULL,NULL,NULL,NULL,NULL,NULL,NULL,NULL,0,'','',0,NULL,NULL,NULL,NULL,NULL,NULL,NULL,NULL,NULL,NULL,NULL,NULL,NULL,NULL,NULL,NULL,NULL,NULL,NULL,NULL,NULL,NULL,NULL,NULL,NULL,NULL,NULL,NULL,NULL,NULL,NULL,NULL,NULL,NULL),(463,'elektromos szekrények','Electric cabinets',462,NULL,0,NULL,NULL,'',NULL,NULL,NULL,NULL,NULL,NULL,NULL,NULL,NULL,NULL,0,'','',1,NULL,NULL,NULL,NULL,NULL,NULL,NULL,NULL,NULL,NULL,NULL,NULL,NULL,NULL,NULL,NULL,NULL,NULL,NULL,NULL,NULL,NULL,NULL,NULL,NULL,NULL,NULL,NULL,NULL,NULL,NULL,NULL,NULL,NULL),(464,'Műhely','Workshop',235,NULL,0,NULL,NULL,'',NULL,NULL,NULL,NULL,NULL,NULL,NULL,NULL,NULL,NULL,0,'','',1,NULL,NULL,NULL,NULL,NULL,NULL,NULL,NULL,NULL,NULL,NULL,NULL,NULL,NULL,NULL,NULL,NULL,NULL,NULL,NULL,NULL,NULL,NULL,NULL,NULL,NULL,NULL,NULL,NULL,NULL,NULL,NULL,NULL,NULL),(465,'fonó utcai emelőgépek','Fono str lifting machine',0,NULL,0,NULL,NULL,'',NULL,NULL,NULL,NULL,NULL,NULL,NULL,NULL,NULL,NULL,2,'','',1,NULL,NULL,NULL,NULL,NULL,NULL,NULL,NULL,NULL,NULL,NULL,NULL,NULL,NULL,NULL,NULL,NULL,NULL,NULL,NULL,NULL,NULL,NULL,NULL,NULL,NULL,NULL,NULL,NULL,NULL,NULL,NULL,NULL,NULL),(466,'kompresszorház','air compressor room',248,NULL,0,NULL,NULL,'',NULL,NULL,NULL,NULL,NULL,NULL,NULL,NULL,NULL,NULL,0,'','',1,NULL,NULL,NULL,NULL,NULL,NULL,NULL,NULL,NULL,NULL,NULL,NULL,NULL,NULL,NULL,NULL,NULL,NULL,NULL,NULL,NULL,NULL,NULL,NULL,NULL,NULL,NULL,NULL,NULL,NULL,NULL,NULL,NULL,NULL),(467,'öltöző','dressing room',288,NULL,0,NULL,NULL,'',NULL,NULL,NULL,NULL,NULL,NULL,NULL,NULL,NULL,NULL,0,'','',1,NULL,NULL,NULL,NULL,NULL,NULL,NULL,NULL,NULL,NULL,NULL,NULL,NULL,NULL,NULL,NULL,NULL,NULL,NULL,NULL,NULL,NULL,NULL,NULL,NULL,NULL,NULL,NULL,NULL,NULL,NULL,NULL,NULL,NULL),(468,'hűtőrendszer','cooling system ',118,NULL,0,NULL,NULL,'',NULL,NULL,NULL,NULL,NULL,NULL,NULL,NULL,NULL,NULL,0,'','',1,NULL,NULL,NULL,NULL,NULL,NULL,NULL,NULL,NULL,NULL,NULL,NULL,NULL,NULL,NULL,NULL,NULL,NULL,NULL,NULL,NULL,NULL,NULL,NULL,NULL,NULL,NULL,NULL,NULL,NULL,NULL,NULL,NULL,NULL),(469,'Vezérlés','Control system',58,NULL,0,NULL,NULL,'',NULL,NULL,NULL,NULL,NULL,NULL,NULL,NULL,NULL,NULL,0,'','',0,NULL,NULL,NULL,NULL,NULL,NULL,NULL,NULL,NULL,NULL,NULL,NULL,NULL,NULL,NULL,NULL,NULL,NULL,NULL,NULL,NULL,NULL,NULL,NULL,NULL,NULL,NULL,NULL,NULL,NULL,NULL,NULL,NULL,NULL),(470,'gázégők','gas burners',60,NULL,0,NULL,NULL,'',181,NULL,NULL,NULL,NULL,NULL,NULL,NULL,NULL,NULL,0,'','Jelszó a gázégő vezérlőjéhez service/  9876',0,NULL,NULL,NULL,NULL,NULL,NULL,NULL,NULL,NULL,NULL,NULL,NULL,NULL,NULL,NULL,NULL,NULL,NULL,NULL,NULL,NULL,NULL,NULL,NULL,NULL,NULL,NULL,NULL,NULL,NULL,NULL,NULL,NULL,NULL),(471,'koronakezelő','corona treater',118,NULL,0,NULL,NULL,'',NULL,NULL,NULL,NULL,NULL,NULL,NULL,NULL,NULL,NULL,0,'','',1,NULL,NULL,NULL,NULL,NULL,NULL,NULL,NULL,NULL,NULL,NULL,NULL,NULL,NULL,NULL,NULL,NULL,NULL,NULL,NULL,NULL,NULL,NULL,NULL,NULL,NULL,NULL,NULL,NULL,NULL,NULL,NULL,NULL,NULL),(472,'gyár utcai akkumulátor töltők','Gyar str. battery chargers',0,NULL,10,NULL,NULL,'',NULL,NULL,NULL,NULL,NULL,NULL,NULL,NULL,NULL,NULL,3,'','',1,NULL,NULL,NULL,NULL,NULL,NULL,NULL,NULL,NULL,NULL,NULL,NULL,NULL,NULL,NULL,NULL,NULL,NULL,NULL,NULL,NULL,NULL,NULL,NULL,NULL,NULL,NULL,NULL,NULL,NULL,NULL,NULL,NULL,NULL),(473,'fonó utcai akkumulátortöltők','Fonó str battery charger',0,NULL,0,NULL,NULL,'',NULL,NULL,NULL,NULL,NULL,NULL,NULL,NULL,NULL,NULL,3,'','',1,NULL,NULL,NULL,NULL,NULL,NULL,NULL,NULL,NULL,NULL,NULL,NULL,NULL,NULL,NULL,NULL,NULL,NULL,NULL,NULL,NULL,NULL,NULL,NULL,NULL,NULL,NULL,NULL,NULL,NULL,NULL,NULL,NULL,NULL),(474,'1,8t Jungheinrich','1,8t Jungheinrich',473,NULL,0,NULL,NULL,'',NULL,NULL,NULL,NULL,NULL,NULL,NULL,NULL,NULL,NULL,0,'','',1,NULL,NULL,NULL,NULL,NULL,NULL,NULL,NULL,NULL,NULL,NULL,NULL,NULL,NULL,NULL,NULL,NULL,NULL,NULL,NULL,NULL,NULL,NULL,NULL,NULL,NULL,NULL,NULL,NULL,NULL,NULL,NULL,NULL,NULL),(475,'pneumatika rendszer','pneumatic system',204,NULL,0,NULL,NULL,'',NULL,NULL,NULL,NULL,NULL,NULL,NULL,NULL,NULL,NULL,0,'','',1,NULL,NULL,NULL,NULL,NULL,NULL,NULL,NULL,NULL,NULL,NULL,NULL,NULL,NULL,NULL,NULL,NULL,NULL,NULL,NULL,NULL,NULL,NULL,NULL,NULL,NULL,NULL,NULL,NULL,NULL,NULL,NULL,NULL,NULL),(476,'Vezérlés','Control system',204,NULL,0,NULL,NULL,'',NULL,NULL,NULL,NULL,NULL,NULL,NULL,NULL,NULL,NULL,0,'','',1,NULL,NULL,NULL,NULL,NULL,NULL,NULL,NULL,NULL,NULL,NULL,NULL,NULL,NULL,NULL,NULL,NULL,NULL,NULL,NULL,NULL,NULL,NULL,NULL,NULL,NULL,NULL,NULL,NULL,NULL,NULL,NULL,NULL,NULL),(477,'Szekrények','Electric cabinets',476,NULL,0,NULL,NULL,'',NULL,NULL,NULL,NULL,NULL,NULL,NULL,NULL,NULL,NULL,0,'','',1,NULL,NULL,NULL,NULL,NULL,NULL,NULL,NULL,NULL,NULL,NULL,NULL,NULL,NULL,NULL,NULL,NULL,NULL,NULL,NULL,NULL,NULL,NULL,NULL,NULL,NULL,NULL,NULL,NULL,NULL,NULL,NULL,NULL,NULL),(478,'Vezérlő panelek','Control panels',476,NULL,0,NULL,NULL,'',NULL,NULL,NULL,NULL,NULL,NULL,NULL,NULL,NULL,NULL,0,'','',1,NULL,NULL,NULL,NULL,NULL,NULL,NULL,NULL,NULL,NULL,NULL,NULL,NULL,NULL,NULL,NULL,NULL,NULL,NULL,NULL,NULL,NULL,NULL,NULL,NULL,NULL,NULL,NULL,NULL,NULL,NULL,NULL,NULL,NULL),(479,'elszívó rendszer','air ventillation',204,NULL,0,NULL,NULL,'',NULL,NULL,NULL,NULL,NULL,NULL,NULL,NULL,NULL,NULL,0,'','',1,NULL,NULL,NULL,NULL,NULL,NULL,NULL,NULL,NULL,NULL,NULL,NULL,NULL,NULL,NULL,NULL,NULL,NULL,NULL,NULL,NULL,NULL,NULL,NULL,NULL,NULL,NULL,NULL,NULL,NULL,NULL,NULL,NULL,NULL),(480,'Elektromos szekrény','Electric cabinet',164,NULL,0,NULL,NULL,'',NULL,NULL,NULL,NULL,NULL,NULL,NULL,NULL,NULL,NULL,0,'','',1,NULL,NULL,NULL,NULL,NULL,NULL,NULL,NULL,NULL,NULL,NULL,NULL,NULL,NULL,NULL,NULL,NULL,NULL,NULL,NULL,NULL,NULL,NULL,NULL,NULL,NULL,NULL,NULL,NULL,NULL,NULL,NULL,NULL,NULL),(481,'vízellátás','water supply',131,NULL,0,NULL,NULL,'',NULL,NULL,NULL,NULL,NULL,NULL,NULL,NULL,NULL,NULL,0,'','',0,NULL,NULL,NULL,NULL,NULL,NULL,NULL,NULL,NULL,NULL,NULL,NULL,NULL,NULL,NULL,NULL,NULL,NULL,NULL,NULL,NULL,NULL,NULL,NULL,NULL,NULL,NULL,NULL,NULL,NULL,NULL,NULL,NULL,NULL),(482,'vízóra','water gauge',481,NULL,0,NULL,NULL,'',NULL,NULL,NULL,NULL,NULL,NULL,NULL,NULL,NULL,NULL,0,'','',1,NULL,NULL,NULL,NULL,NULL,NULL,NULL,NULL,NULL,NULL,NULL,NULL,NULL,NULL,NULL,NULL,NULL,NULL,NULL,NULL,NULL,NULL,NULL,NULL,NULL,NULL,NULL,NULL,NULL,NULL,NULL,NULL,NULL,NULL),(483,'biztonsági kerítés','safety fence system',118,NULL,0,NULL,NULL,'',NULL,NULL,NULL,NULL,NULL,NULL,NULL,NULL,NULL,NULL,0,'','',1,NULL,NULL,NULL,NULL,NULL,NULL,NULL,NULL,NULL,NULL,NULL,NULL,NULL,NULL,NULL,NULL,NULL,NULL,NULL,NULL,NULL,NULL,NULL,NULL,NULL,NULL,NULL,NULL,NULL,NULL,NULL,NULL,NULL,NULL),(484,'kasírozó','calander',178,NULL,0,NULL,NULL,'',NULL,NULL,NULL,NULL,NULL,NULL,NULL,NULL,NULL,NULL,0,'','',1,NULL,NULL,NULL,NULL,NULL,NULL,NULL,NULL,NULL,NULL,NULL,NULL,NULL,NULL,NULL,NULL,NULL,NULL,NULL,NULL,NULL,NULL,NULL,NULL,NULL,NULL,NULL,NULL,NULL,NULL,NULL,NULL,NULL,NULL),(485,'gumibevonatú henger','rubber coated roll',484,NULL,0,NULL,NULL,'',NULL,NULL,NULL,NULL,NULL,NULL,NULL,NULL,NULL,NULL,0,'','',1,NULL,NULL,NULL,NULL,NULL,NULL,NULL,NULL,NULL,NULL,NULL,NULL,NULL,NULL,NULL,NULL,NULL,NULL,NULL,NULL,NULL,NULL,NULL,NULL,NULL,NULL,NULL,NULL,NULL,NULL,NULL,NULL,NULL,NULL),(486,'pneumatika rendszer','pneumatic system',42,NULL,0,NULL,NULL,'',NULL,NULL,NULL,NULL,NULL,NULL,NULL,NULL,NULL,NULL,0,'','',1,NULL,NULL,NULL,NULL,NULL,NULL,NULL,NULL,NULL,NULL,NULL,NULL,NULL,NULL,NULL,NULL,NULL,NULL,NULL,NULL,NULL,NULL,NULL,NULL,NULL,NULL,NULL,NULL,NULL,NULL,NULL,NULL,NULL,NULL),(487,'Vezérlés','Control system',42,NULL,0,NULL,NULL,'',NULL,NULL,NULL,NULL,NULL,NULL,NULL,NULL,NULL,NULL,0,'','',0,NULL,NULL,NULL,NULL,NULL,NULL,NULL,NULL,NULL,NULL,NULL,NULL,NULL,NULL,NULL,NULL,NULL,NULL,NULL,NULL,NULL,NULL,NULL,NULL,NULL,NULL,NULL,NULL,NULL,NULL,NULL,NULL,NULL,NULL),(488,'Elektromos szekrények','Electric cabinets',487,NULL,0,NULL,NULL,'',NULL,NULL,NULL,NULL,NULL,NULL,NULL,NULL,NULL,NULL,0,'','',1,NULL,NULL,NULL,NULL,NULL,NULL,NULL,NULL,NULL,NULL,NULL,NULL,NULL,NULL,NULL,NULL,NULL,NULL,NULL,NULL,NULL,NULL,NULL,NULL,NULL,NULL,NULL,NULL,NULL,NULL,NULL,NULL,NULL,NULL),(489,'koronakezelő','corona treater',42,NULL,0,NULL,NULL,'',NULL,NULL,NULL,NULL,NULL,NULL,NULL,NULL,NULL,NULL,0,'','',1,NULL,NULL,NULL,NULL,NULL,NULL,NULL,NULL,NULL,NULL,NULL,NULL,NULL,NULL,NULL,NULL,NULL,NULL,NULL,NULL,NULL,NULL,NULL,NULL,NULL,NULL,NULL,NULL,NULL,NULL,NULL,NULL,NULL,NULL),(490,'Szárító 1','dryer 1',239,0,0,0,0,'',0,0,0,0,0,0,0,0,0,0,NULL,NULL,NULL,0,0,0,0,0,0,0,0,0,0,0,0,0,0,0,0,0,0,0,0,0,0,0,0,0,0,0,0,0,0,0,0,0,0,0),(491,'hauba emelő','hood lifting equipment',490,0,0,0,0,'',0,0,0,0,0,0,0,0,0,0,NULL,NULL,NULL,0,0,0,0,0,0,0,0,0,0,0,0,0,0,0,0,0,0,0,0,0,0,0,0,0,0,0,0,0,0,0,0,0,0,0),(492,'villanymotor','electric motor',491,1,0,0,95,'',0,0,0,0,0,0,0,0,0,0,NULL,NULL,NULL,0,0,0,0,0,0,0,0,0,0,0,0,0,0,0,0,0,0,0,0,0,0,0,0,0,0,0,0,0,0,0,0,0,0,0),(493,'felső végállás','upper limit switch',491,0,0,0,0,'',0,0,0,0,0,0,0,0,0,0,NULL,NULL,NULL,0,0,0,0,0,0,0,0,0,0,0,0,0,0,0,0,0,0,0,0,0,0,0,0,0,0,0,0,0,0,0,0,0,0,0),(494,'alsó végállás','lower limit switch',491,0,0,0,0,'',0,0,0,0,0,0,0,0,0,0,NULL,NULL,NULL,0,0,0,0,0,0,0,0,0,0,0,0,0,0,0,0,0,0,0,0,0,0,0,0,0,0,0,0,0,0,0,0,0,0,0),(495,'gázégő 1.','gas burner 1',490,0,0,0,0,'',0,0,0,0,0,0,0,0,0,0,NULL,NULL,NULL,1,0,0,0,0,0,0,0,0,0,0,0,0,0,0,0,0,0,0,0,0,0,0,0,0,0,0,0,0,0,0,0,0,0,0),(496,'Omega','Omega',0,NULL,7,NULL,NULL,'',NULL,NULL,NULL,NULL,NULL,NULL,NULL,NULL,NULL,NULL,1,'','',1,NULL,NULL,NULL,NULL,NULL,NULL,NULL,NULL,NULL,NULL,NULL,NULL,NULL,NULL,NULL,NULL,NULL,NULL,NULL,NULL,NULL,NULL,NULL,NULL,NULL,NULL,NULL,NULL,NULL,NULL,NULL,NULL,NULL,NULL),(497,'cimke feltekercselő','label rewinder',496,NULL,0,NULL,NULL,'',NULL,NULL,NULL,NULL,NULL,NULL,NULL,NULL,NULL,NULL,0,'','',1,NULL,NULL,NULL,NULL,NULL,NULL,NULL,NULL,NULL,NULL,NULL,NULL,NULL,NULL,NULL,NULL,NULL,NULL,NULL,NULL,NULL,NULL,NULL,NULL,NULL,NULL,NULL,NULL,NULL,NULL,NULL,NULL,NULL,NULL),(498,'levegőhűtő','air cooler',437,NULL,0,NULL,NULL,'',NULL,NULL,NULL,NULL,NULL,NULL,NULL,NULL,NULL,NULL,0,'','',1,NULL,NULL,NULL,NULL,NULL,NULL,NULL,NULL,NULL,NULL,NULL,NULL,NULL,NULL,NULL,NULL,NULL,NULL,NULL,NULL,NULL,NULL,NULL,NULL,NULL,NULL,NULL,NULL,NULL,NULL,NULL,NULL,NULL,NULL),(499,'nyomóhenger','push roll',394,NULL,0,NULL,NULL,'',NULL,NULL,NULL,NULL,NULL,NULL,NULL,NULL,NULL,NULL,0,'','',1,NULL,NULL,NULL,NULL,NULL,NULL,NULL,NULL,NULL,NULL,NULL,NULL,NULL,NULL,NULL,NULL,NULL,NULL,NULL,NULL,NULL,NULL,NULL,NULL,NULL,NULL,NULL,NULL,NULL,NULL,NULL,NULL,NULL,NULL),(500,'mozgató','moving equipment',499,NULL,0,NULL,NULL,'',NULL,NULL,NULL,NULL,NULL,NULL,NULL,NULL,NULL,NULL,0,'','',1,NULL,NULL,NULL,NULL,NULL,NULL,NULL,NULL,NULL,NULL,NULL,NULL,NULL,NULL,NULL,NULL,NULL,NULL,NULL,NULL,NULL,NULL,NULL,NULL,NULL,NULL,NULL,NULL,NULL,NULL,NULL,NULL,NULL,NULL),(501,'alsókések','lowest knives',29,NULL,0,NULL,NULL,'',NULL,NULL,NULL,NULL,NULL,NULL,NULL,NULL,NULL,NULL,0,'','',1,NULL,NULL,NULL,NULL,NULL,NULL,NULL,NULL,NULL,NULL,NULL,NULL,NULL,NULL,NULL,NULL,NULL,NULL,NULL,NULL,NULL,NULL,NULL,NULL,NULL,NULL,NULL,NULL,NULL,NULL,NULL,NULL,NULL,NULL),(502,'Polytype csarnok','Polytype room',234,NULL,0,NULL,NULL,'',NULL,NULL,NULL,NULL,NULL,NULL,NULL,NULL,NULL,NULL,0,'','',1,NULL,NULL,NULL,NULL,NULL,NULL,NULL,NULL,NULL,NULL,NULL,NULL,NULL,NULL,NULL,NULL,NULL,NULL,NULL,NULL,NULL,NULL,NULL,NULL,NULL,NULL,NULL,NULL,NULL,NULL,NULL,NULL,NULL,NULL),(503,'Feltekercselő','Rewinder',58,0,0,0,0,'',0,0,0,0,0,0,0,0,0,0,NULL,NULL,NULL,0,0,0,0,0,0,0,0,0,0,0,0,0,0,0,0,0,0,0,0,0,0,0,0,0,0,0,0,0,0,0,0,0,0,0),(504,'Befogópofa (kezelő oldal)','Safety chuck (op. side)',503,34,0,0,28,'',0,0,0,0,0,0,0,0,0,0,NULL,NULL,NULL,0,0,0,0,0,0,0,0,0,0,0,0,0,0,0,0,0,0,0,0,0,0,0,0,0,0,0,0,0,0,0,0,0,0,0),(505,'Befogópofa (hajtás oldal)','Safety chuck (drive side)',503,34,0,0,28,'',0,0,0,0,0,0,0,0,0,0,NULL,NULL,NULL,0,0,0,0,0,0,0,0,0,0,0,0,0,0,0,0,0,0,0,0,0,0,0,0,0,0,0,0,0,0,0,0,0,0,0),(506,'vízvezeték','water pipe system',411,NULL,0,NULL,NULL,'',NULL,NULL,NULL,NULL,NULL,NULL,NULL,NULL,NULL,NULL,0,'','',1,NULL,NULL,NULL,NULL,NULL,NULL,NULL,NULL,NULL,NULL,NULL,NULL,NULL,NULL,NULL,NULL,NULL,NULL,NULL,NULL,NULL,NULL,NULL,NULL,NULL,NULL,NULL,NULL,NULL,NULL,NULL,NULL,NULL,NULL),(507,'fedőpapír letekercselő','cover unwinder',179,NULL,0,NULL,NULL,'',NULL,NULL,NULL,NULL,NULL,NULL,NULL,NULL,NULL,NULL,0,'','',1,NULL,NULL,NULL,NULL,NULL,NULL,NULL,NULL,NULL,NULL,NULL,NULL,NULL,NULL,NULL,NULL,NULL,NULL,NULL,NULL,NULL,NULL,NULL,NULL,NULL,NULL,NULL,NULL,NULL,NULL,NULL,NULL,NULL,NULL),(508,'Befogópofa (kezelő oldal)','Safety chuck (operator side)',507,NULL,0,NULL,NULL,'',NULL,NULL,NULL,NULL,NULL,NULL,NULL,NULL,NULL,NULL,0,'','',1,NULL,NULL,NULL,NULL,NULL,NULL,NULL,NULL,NULL,NULL,NULL,NULL,NULL,NULL,NULL,NULL,NULL,NULL,NULL,NULL,NULL,NULL,NULL,NULL,NULL,NULL,NULL,NULL,NULL,NULL,NULL,NULL,NULL,NULL),(509,'pneumatika rendszer','pneumatic system',1,NULL,0,NULL,NULL,'',NULL,NULL,NULL,NULL,NULL,NULL,NULL,NULL,NULL,NULL,0,'','',1,NULL,NULL,NULL,NULL,NULL,NULL,NULL,NULL,NULL,NULL,NULL,NULL,NULL,NULL,NULL,NULL,NULL,NULL,NULL,NULL,NULL,NULL,NULL,NULL,NULL,NULL,NULL,NULL,NULL,NULL,NULL,NULL,NULL,NULL),(510,'Elektromos szekrények','Electric cabinets',81,NULL,0,NULL,NULL,'',NULL,NULL,NULL,NULL,NULL,NULL,NULL,NULL,NULL,NULL,0,'','',1,NULL,NULL,NULL,NULL,NULL,NULL,NULL,NULL,NULL,NULL,NULL,NULL,NULL,NULL,NULL,NULL,NULL,NULL,NULL,NULL,NULL,NULL,NULL,NULL,NULL,NULL,NULL,NULL,NULL,NULL,NULL,NULL,NULL,NULL),(511,'vágó rendszer','knife system',423,NULL,0,NULL,NULL,'',NULL,NULL,NULL,NULL,NULL,NULL,NULL,NULL,NULL,NULL,0,'','',0,NULL,NULL,NULL,NULL,NULL,NULL,NULL,NULL,NULL,NULL,NULL,NULL,NULL,NULL,NULL,NULL,NULL,NULL,NULL,NULL,NULL,NULL,NULL,NULL,NULL,NULL,NULL,NULL,NULL,NULL,NULL,NULL,NULL,NULL),(512,'alsó kések','lower knives',511,NULL,0,NULL,NULL,'',NULL,NULL,NULL,NULL,NULL,NULL,NULL,NULL,NULL,NULL,0,'','',1,NULL,NULL,NULL,NULL,NULL,NULL,NULL,NULL,NULL,NULL,NULL,NULL,NULL,NULL,NULL,NULL,NULL,NULL,NULL,NULL,NULL,NULL,NULL,NULL,NULL,NULL,NULL,NULL,NULL,NULL,NULL,NULL,NULL,NULL),(513,'felső kések','upper knives',511,NULL,0,NULL,NULL,'',NULL,NULL,NULL,NULL,NULL,NULL,NULL,NULL,NULL,NULL,0,'','',1,NULL,NULL,NULL,NULL,NULL,NULL,NULL,NULL,NULL,NULL,NULL,NULL,NULL,NULL,NULL,NULL,NULL,NULL,NULL,NULL,NULL,NULL,NULL,NULL,NULL,NULL,NULL,NULL,NULL,NULL,NULL,NULL,NULL,NULL),(514,'piros tengely','red shaft',123,NULL,0,NULL,NULL,'',NULL,NULL,NULL,NULL,NULL,NULL,NULL,NULL,NULL,NULL,0,'','',1,NULL,NULL,NULL,NULL,NULL,NULL,NULL,NULL,NULL,NULL,NULL,NULL,NULL,NULL,NULL,NULL,NULL,NULL,NULL,NULL,NULL,NULL,NULL,NULL,NULL,NULL,NULL,NULL,NULL,NULL,NULL,NULL,NULL,NULL),(515,'kék tengely','blue shaft',123,NULL,0,NULL,NULL,'',NULL,NULL,NULL,NULL,NULL,NULL,NULL,NULL,NULL,NULL,0,'','',1,NULL,NULL,NULL,NULL,NULL,NULL,NULL,NULL,NULL,NULL,NULL,NULL,NULL,NULL,NULL,NULL,NULL,NULL,NULL,NULL,NULL,NULL,NULL,NULL,NULL,NULL,NULL,NULL,NULL,NULL,NULL,NULL,NULL,NULL),(516,'Bevonó','Coating unit',180,NULL,0,NULL,NULL,'',NULL,NULL,NULL,NULL,NULL,NULL,NULL,NULL,NULL,NULL,0,'','',1,NULL,NULL,NULL,NULL,NULL,NULL,NULL,NULL,NULL,NULL,NULL,NULL,NULL,NULL,NULL,NULL,NULL,NULL,NULL,NULL,NULL,NULL,NULL,NULL,NULL,NULL,NULL,NULL,NULL,NULL,NULL,NULL,NULL,NULL),(517,'ívszámláló','counter',0,NULL,7,NULL,NULL,'',NULL,NULL,NULL,NULL,NULL,NULL,NULL,NULL,NULL,NULL,3,'','',1,NULL,NULL,NULL,NULL,NULL,NULL,NULL,NULL,NULL,NULL,NULL,NULL,NULL,NULL,NULL,NULL,NULL,NULL,NULL,NULL,NULL,NULL,NULL,NULL,NULL,NULL,NULL,NULL,NULL,NULL,NULL,NULL,NULL,NULL),(518,'Nagy hűtő','Large cooler',58,NULL,0,NULL,NULL,'',NULL,NULL,NULL,NULL,NULL,NULL,NULL,NULL,NULL,NULL,0,'','',1,NULL,NULL,NULL,NULL,NULL,NULL,NULL,NULL,NULL,NULL,NULL,NULL,NULL,NULL,NULL,NULL,NULL,NULL,NULL,NULL,NULL,NULL,NULL,NULL,NULL,NULL,NULL,NULL,NULL,NULL,NULL,NULL,NULL,NULL),(519,'rámpa','ramp',140,NULL,0,NULL,NULL,'',NULL,NULL,NULL,NULL,NULL,NULL,NULL,NULL,NULL,NULL,0,'','',1,NULL,NULL,NULL,NULL,NULL,NULL,NULL,NULL,NULL,NULL,NULL,NULL,NULL,NULL,NULL,NULL,NULL,NULL,NULL,NULL,NULL,NULL,NULL,NULL,NULL,NULL,NULL,NULL,NULL,NULL,NULL,NULL,NULL,NULL),(520,'vízszintes csúszócsapágyak','horizontal sliding bearings',519,6,0,NULL,104,'',NULL,NULL,NULL,NULL,NULL,NULL,NULL,NULL,NULL,NULL,0,'','',0,NULL,NULL,NULL,NULL,NULL,NULL,NULL,NULL,NULL,NULL,NULL,NULL,NULL,NULL,NULL,NULL,NULL,NULL,NULL,NULL,NULL,NULL,NULL,NULL,NULL,NULL,NULL,NULL,NULL,NULL,NULL,NULL,NULL,NULL),(521,'alap letekercselő','base unwinder',178,NULL,0,NULL,NULL,'',NULL,NULL,NULL,NULL,NULL,NULL,NULL,NULL,NULL,NULL,0,'','',1,NULL,NULL,NULL,NULL,NULL,NULL,NULL,NULL,NULL,NULL,NULL,NULL,NULL,NULL,NULL,NULL,NULL,NULL,NULL,NULL,NULL,NULL,NULL,NULL,NULL,NULL,NULL,NULL,NULL,NULL,NULL,NULL,NULL,NULL),(522,'Feltekercselő','Rewinder',178,NULL,0,NULL,NULL,'',NULL,NULL,NULL,NULL,NULL,NULL,NULL,NULL,NULL,NULL,0,'','',1,NULL,NULL,NULL,NULL,NULL,NULL,NULL,NULL,NULL,NULL,NULL,NULL,NULL,NULL,NULL,NULL,NULL,NULL,NULL,NULL,NULL,NULL,NULL,NULL,NULL,NULL,NULL,NULL,NULL,NULL,NULL,NULL,NULL,NULL),(523,'Befogópofa (hajtás oldal)','Safety chuck (drive side)',522,34,0,0,28,'',0,0,0,0,0,0,0,0,0,0,NULL,NULL,NULL,0,0,0,0,0,0,0,0,0,0,0,0,0,0,0,0,0,0,0,0,0,0,0,0,0,0,0,0,0,0,0,0,0,0,0),(524,'Befogópofa (kezelő oldal)','Safety chuck (op. side)',522,34,0,0,28,'',0,0,0,0,0,0,0,0,0,0,NULL,NULL,NULL,0,0,0,0,0,0,0,0,0,0,0,0,0,0,0,0,0,0,0,0,0,0,0,0,0,0,0,0,0,0,0,0,0,0,0),(525,'Alsó késállító','lower knives setting system',29,NULL,0,NULL,NULL,'',NULL,NULL,NULL,NULL,NULL,NULL,NULL,NULL,NULL,NULL,0,'','',0,NULL,NULL,NULL,NULL,NULL,NULL,NULL,NULL,NULL,NULL,NULL,NULL,NULL,NULL,NULL,NULL,NULL,NULL,NULL,NULL,NULL,NULL,NULL,NULL,NULL,NULL,NULL,NULL,NULL,NULL,NULL,NULL,NULL,NULL),(526,'késérzékelő','knife sensor',525,3,0,NULL,10,'',NULL,NULL,NULL,NULL,NULL,NULL,NULL,NULL,NULL,NULL,0,'','',1,NULL,NULL,NULL,NULL,NULL,NULL,NULL,NULL,NULL,NULL,NULL,NULL,NULL,NULL,NULL,NULL,NULL,NULL,NULL,NULL,NULL,NULL,NULL,NULL,NULL,NULL,NULL,NULL,NULL,NULL,NULL,NULL,NULL,NULL),(527,'ragasztóellátó','adhesive supply',179,NULL,0,NULL,NULL,'',NULL,NULL,NULL,NULL,NULL,NULL,NULL,NULL,NULL,NULL,0,'','',1,NULL,NULL,NULL,NULL,NULL,NULL,NULL,NULL,NULL,NULL,NULL,NULL,NULL,NULL,NULL,NULL,NULL,NULL,NULL,NULL,NULL,NULL,NULL,NULL,NULL,NULL,NULL,NULL,NULL,NULL,NULL,NULL,NULL,NULL),(528,'szűrőház','filter housing',527,40,0,NULL,105,'',NULL,NULL,NULL,NULL,NULL,NULL,NULL,NULL,NULL,NULL,0,'','',1,NULL,NULL,NULL,NULL,NULL,NULL,NULL,NULL,NULL,NULL,NULL,NULL,NULL,NULL,NULL,NULL,NULL,NULL,NULL,NULL,NULL,NULL,NULL,NULL,NULL,NULL,NULL,NULL,NULL,NULL,NULL,NULL,NULL,NULL),(529,'fedéltömítés','cover seal',528,NULL,0,NULL,NULL,'',NULL,NULL,NULL,NULL,NULL,NULL,NULL,NULL,NULL,NULL,0,'','',0,NULL,NULL,NULL,NULL,NULL,NULL,NULL,NULL,NULL,NULL,NULL,NULL,NULL,NULL,NULL,NULL,NULL,NULL,NULL,NULL,NULL,NULL,NULL,NULL,NULL,NULL,NULL,NULL,NULL,NULL,NULL,NULL,NULL,NULL),(530,'szűrőkosár tömítés','filterbasket seal',528,47,0,NULL,106,'',NULL,NULL,NULL,NULL,NULL,NULL,NULL,NULL,NULL,NULL,0,'','',0,NULL,NULL,NULL,NULL,NULL,NULL,NULL,NULL,NULL,NULL,NULL,NULL,NULL,NULL,NULL,NULL,NULL,NULL,NULL,NULL,NULL,NULL,NULL,NULL,NULL,NULL,NULL,NULL,NULL,NULL,NULL,NULL,NULL,NULL),(531,'hűtveszárító','air dryer',171,NULL,0,NULL,NULL,'',NULL,NULL,NULL,NULL,NULL,NULL,NULL,NULL,NULL,NULL,0,'','',1,NULL,NULL,NULL,NULL,NULL,NULL,NULL,NULL,NULL,NULL,NULL,NULL,NULL,NULL,NULL,NULL,NULL,NULL,NULL,NULL,NULL,NULL,NULL,NULL,NULL,NULL,NULL,NULL,NULL,NULL,NULL,NULL,NULL,NULL),(532,'gépvilágítás','machine light system',178,NULL,0,NULL,NULL,'',NULL,NULL,NULL,NULL,NULL,NULL,NULL,NULL,NULL,NULL,0,'','',1,NULL,NULL,NULL,NULL,NULL,NULL,NULL,NULL,NULL,NULL,NULL,NULL,NULL,NULL,NULL,NULL,NULL,NULL,NULL,NULL,NULL,NULL,NULL,NULL,NULL,NULL,NULL,NULL,NULL,NULL,NULL,NULL,NULL,NULL),(533,'gépvilágítás','machine light system',118,NULL,0,NULL,NULL,'',NULL,NULL,NULL,NULL,NULL,NULL,NULL,NULL,NULL,NULL,0,'','',1,NULL,NULL,NULL,NULL,NULL,NULL,NULL,NULL,NULL,NULL,NULL,NULL,NULL,NULL,NULL,NULL,NULL,NULL,NULL,NULL,NULL,NULL,NULL,NULL,NULL,NULL,NULL,NULL,NULL,NULL,NULL,NULL,NULL,NULL),(534,'elektromos rendszer','electric system',411,NULL,0,NULL,NULL,'',NULL,NULL,NULL,NULL,NULL,NULL,NULL,NULL,NULL,NULL,0,'','',1,NULL,NULL,NULL,NULL,NULL,NULL,NULL,NULL,NULL,NULL,NULL,NULL,NULL,NULL,NULL,NULL,NULL,NULL,NULL,NULL,NULL,NULL,NULL,NULL,NULL,NULL,NULL,NULL,NULL,NULL,NULL,NULL,NULL,NULL),(535,'dugaljak','sockets',534,NULL,0,NULL,NULL,'',NULL,NULL,NULL,NULL,NULL,NULL,NULL,NULL,NULL,NULL,0,'','',1,NULL,NULL,NULL,NULL,NULL,NULL,NULL,NULL,NULL,NULL,NULL,NULL,NULL,NULL,NULL,NULL,NULL,NULL,NULL,NULL,NULL,NULL,NULL,NULL,NULL,NULL,NULL,NULL,NULL,NULL,NULL,NULL,NULL,NULL),(536,'Alsó kések','lower knives system',33,NULL,0,NULL,NULL,'',NULL,NULL,NULL,NULL,NULL,NULL,NULL,NULL,NULL,NULL,0,'','',1,NULL,NULL,NULL,NULL,NULL,NULL,NULL,NULL,NULL,NULL,NULL,NULL,NULL,NULL,NULL,NULL,NULL,NULL,NULL,NULL,NULL,NULL,NULL,NULL,NULL,NULL,NULL,NULL,NULL,NULL,NULL,NULL,NULL,NULL),(537,'állító kocsi','setting carriage',536,NULL,0,NULL,NULL,'',NULL,NULL,NULL,NULL,NULL,NULL,NULL,NULL,NULL,NULL,0,'','',1,NULL,NULL,NULL,NULL,NULL,NULL,NULL,NULL,NULL,NULL,NULL,NULL,NULL,NULL,NULL,NULL,NULL,NULL,NULL,NULL,NULL,NULL,NULL,NULL,NULL,NULL,NULL,NULL,NULL,NULL,NULL,NULL,NULL,NULL),(538,'késérzékelő','knife sensor',537,3,0,NULL,10,'',NULL,NULL,NULL,NULL,NULL,NULL,NULL,NULL,NULL,NULL,0,'','',1,NULL,NULL,NULL,NULL,NULL,NULL,NULL,NULL,NULL,NULL,NULL,NULL,NULL,NULL,NULL,NULL,NULL,NULL,NULL,NULL,NULL,NULL,NULL,NULL,NULL,NULL,NULL,NULL,NULL,NULL,NULL,NULL,NULL,NULL),(539,'vízhűtés','water cooling system',434,NULL,0,NULL,NULL,'',NULL,NULL,NULL,NULL,NULL,NULL,NULL,NULL,NULL,NULL,0,'','',1,NULL,NULL,NULL,NULL,NULL,NULL,NULL,NULL,NULL,NULL,NULL,NULL,NULL,NULL,NULL,NULL,NULL,NULL,NULL,NULL,NULL,NULL,NULL,NULL,NULL,NULL,NULL,NULL,NULL,NULL,NULL,NULL,NULL,NULL),(540,'elektromágneses szelep','electromagnetic valve',539,NULL,0,NULL,NULL,'',NULL,NULL,NULL,NULL,NULL,NULL,NULL,NULL,NULL,NULL,0,'','',1,NULL,NULL,NULL,NULL,NULL,NULL,NULL,NULL,NULL,NULL,NULL,NULL,NULL,NULL,NULL,NULL,NULL,NULL,NULL,NULL,NULL,NULL,NULL,NULL,NULL,NULL,NULL,NULL,NULL,NULL,NULL,NULL,NULL,NULL),(541,'pálca','rod',47,NULL,0,NULL,NULL,'',NULL,NULL,NULL,NULL,NULL,NULL,NULL,NULL,NULL,NULL,0,'','',1,NULL,NULL,NULL,NULL,NULL,NULL,NULL,NULL,NULL,NULL,NULL,NULL,NULL,NULL,NULL,NULL,NULL,NULL,NULL,NULL,NULL,NULL,NULL,NULL,NULL,NULL,NULL,NULL,NULL,NULL,NULL,NULL,NULL,NULL),(542,'feltekercselő','rewinder',423,NULL,0,NULL,NULL,'',NULL,NULL,NULL,NULL,NULL,NULL,NULL,NULL,NULL,NULL,0,'','',0,NULL,NULL,NULL,NULL,NULL,NULL,NULL,NULL,NULL,NULL,NULL,NULL,NULL,NULL,NULL,NULL,NULL,NULL,NULL,NULL,NULL,NULL,NULL,NULL,NULL,NULL,NULL,NULL,NULL,NULL,NULL,NULL,NULL,NULL),(543,'felső expanziós tengely','upper expansion shaft',542,NULL,0,NULL,NULL,'',NULL,NULL,NULL,NULL,NULL,NULL,NULL,NULL,NULL,NULL,0,'','',1,NULL,NULL,NULL,NULL,NULL,NULL,NULL,NULL,NULL,NULL,NULL,NULL,NULL,NULL,NULL,NULL,NULL,NULL,NULL,NULL,NULL,NULL,NULL,NULL,NULL,NULL,NULL,NULL,NULL,NULL,NULL,NULL,NULL,NULL),(544,'nip','nip',123,NULL,0,NULL,NULL,'',NULL,NULL,NULL,NULL,NULL,NULL,NULL,NULL,NULL,NULL,0,'','',1,NULL,NULL,NULL,NULL,NULL,NULL,NULL,NULL,NULL,NULL,NULL,NULL,NULL,NULL,NULL,NULL,NULL,NULL,NULL,NULL,NULL,NULL,NULL,NULL,NULL,NULL,NULL,NULL,NULL,NULL,NULL,NULL,NULL,NULL),(545,'mérőfejek','measuring units',118,NULL,0,NULL,NULL,'',NULL,NULL,NULL,NULL,NULL,NULL,NULL,NULL,NULL,NULL,0,'','',1,NULL,NULL,NULL,NULL,NULL,NULL,NULL,NULL,NULL,NULL,NULL,NULL,NULL,NULL,NULL,NULL,NULL,NULL,NULL,NULL,NULL,NULL,NULL,NULL,NULL,NULL,NULL,NULL,NULL,NULL,NULL,NULL,NULL,NULL),(546,'emelő hajtóművek','lifting gears',124,46,0,NULL,0,'',160,NULL,NULL,NULL,NULL,NULL,NULL,NULL,NULL,NULL,0,'','',0,NULL,NULL,NULL,NULL,NULL,NULL,NULL,NULL,NULL,NULL,NULL,NULL,NULL,NULL,NULL,NULL,NULL,NULL,NULL,NULL,NULL,NULL,NULL,NULL,NULL,NULL,NULL,NULL,NULL,NULL,NULL,NULL,NULL,NULL),(547,'gáz rendszer','gas system',124,NULL,0,NULL,NULL,'',NULL,NULL,NULL,NULL,NULL,NULL,NULL,NULL,NULL,NULL,0,'','',1,NULL,NULL,NULL,NULL,NULL,NULL,NULL,NULL,NULL,NULL,NULL,NULL,NULL,NULL,NULL,NULL,NULL,NULL,NULL,NULL,NULL,NULL,NULL,NULL,NULL,NULL,NULL,NULL,NULL,NULL,NULL,NULL,NULL,NULL),(548,'hajtóműves motor','geared motor',143,1,0,NULL,109,'',NULL,NULL,NULL,NULL,NULL,NULL,NULL,NULL,NULL,NULL,0,'','',0,NULL,NULL,NULL,NULL,NULL,NULL,NULL,NULL,NULL,NULL,NULL,NULL,NULL,NULL,NULL,NULL,NULL,NULL,NULL,NULL,NULL,NULL,NULL,NULL,NULL,NULL,NULL,NULL,NULL,NULL,NULL,NULL,NULL,NULL),(549,'hajtóműves motor','geared motor',142,1,0,NULL,110,'',NULL,NULL,NULL,NULL,NULL,NULL,NULL,NULL,NULL,NULL,0,'','',1,NULL,NULL,NULL,NULL,NULL,NULL,NULL,NULL,NULL,NULL,NULL,NULL,NULL,NULL,NULL,NULL,NULL,NULL,NULL,NULL,NULL,NULL,NULL,NULL,NULL,NULL,NULL,NULL,NULL,NULL,NULL,NULL,NULL,NULL),(550,'hajtóműves motor','geared motor',125,1,0,NULL,111,'',NULL,NULL,NULL,NULL,NULL,NULL,NULL,NULL,NULL,NULL,0,'','',1,NULL,NULL,NULL,NULL,NULL,NULL,NULL,NULL,NULL,NULL,NULL,NULL,NULL,NULL,NULL,NULL,NULL,NULL,NULL,NULL,NULL,NULL,NULL,NULL,NULL,NULL,NULL,NULL,NULL,NULL,NULL,NULL,NULL,NULL),(551,'hajtóműves motor','geared motor',126,1,0,NULL,111,'',NULL,NULL,NULL,NULL,NULL,NULL,NULL,NULL,NULL,NULL,0,'','',1,NULL,NULL,NULL,NULL,NULL,NULL,NULL,NULL,NULL,NULL,NULL,NULL,NULL,NULL,NULL,NULL,NULL,NULL,NULL,NULL,NULL,NULL,NULL,NULL,NULL,NULL,NULL,NULL,NULL,NULL,NULL,NULL,NULL,NULL),(552,'piros tengely','red shaft',122,NULL,0,NULL,NULL,'',NULL,NULL,NULL,NULL,NULL,NULL,NULL,NULL,NULL,NULL,0,'','',1,NULL,NULL,NULL,NULL,NULL,NULL,NULL,NULL,NULL,NULL,NULL,NULL,NULL,NULL,NULL,NULL,NULL,NULL,NULL,NULL,NULL,NULL,NULL,NULL,NULL,NULL,NULL,NULL,NULL,NULL,NULL,NULL,NULL,NULL),(553,'kék tengely','blue shaft',122,NULL,0,NULL,NULL,'',NULL,NULL,NULL,NULL,NULL,NULL,NULL,NULL,NULL,NULL,0,'','',1,NULL,NULL,NULL,NULL,NULL,NULL,NULL,NULL,NULL,NULL,NULL,NULL,NULL,NULL,NULL,NULL,NULL,NULL,NULL,NULL,NULL,NULL,NULL,NULL,NULL,NULL,NULL,NULL,NULL,NULL,NULL,NULL,NULL,NULL),(554,'hajtómű','gearbox',552,46,0,NULL,112,'',NULL,NULL,NULL,NULL,NULL,NULL,NULL,NULL,NULL,NULL,0,'','',1,NULL,NULL,NULL,NULL,NULL,NULL,NULL,NULL,NULL,NULL,NULL,NULL,NULL,NULL,NULL,NULL,NULL,NULL,NULL,NULL,NULL,NULL,NULL,NULL,NULL,NULL,NULL,NULL,NULL,NULL,NULL,NULL,NULL,NULL),(555,'villanymotor','electric motor',552,1,0,NULL,113,'',NULL,NULL,NULL,NULL,NULL,NULL,NULL,NULL,NULL,NULL,0,'','',1,NULL,NULL,NULL,NULL,NULL,NULL,NULL,NULL,NULL,NULL,NULL,NULL,NULL,NULL,NULL,NULL,NULL,NULL,NULL,NULL,NULL,NULL,NULL,NULL,NULL,NULL,NULL,NULL,NULL,NULL,NULL,NULL,NULL,NULL),(556,'lakkozó épület','printer house',233,NULL,0,NULL,NULL,'',NULL,NULL,NULL,NULL,NULL,NULL,NULL,NULL,NULL,NULL,0,'','',0,NULL,NULL,NULL,NULL,NULL,NULL,NULL,NULL,NULL,NULL,NULL,NULL,NULL,NULL,NULL,NULL,NULL,NULL,NULL,NULL,NULL,NULL,NULL,NULL,NULL,NULL,NULL,NULL,NULL,NULL,NULL,NULL,NULL,NULL),(557,'lakkozó terem','printer room',556,NULL,0,NULL,NULL,'',NULL,NULL,NULL,NULL,NULL,NULL,NULL,NULL,NULL,NULL,0,'','',1,NULL,NULL,NULL,NULL,NULL,NULL,NULL,NULL,NULL,NULL,NULL,NULL,NULL,NULL,NULL,NULL,NULL,NULL,NULL,NULL,NULL,NULL,NULL,NULL,NULL,NULL,NULL,NULL,NULL,NULL,NULL,NULL,NULL,NULL),(558,'Befogópofa (hajtás oldal)','Safety chuck (drive side)',521,34,0,0,28,'',0,0,0,0,0,0,0,0,0,0,NULL,NULL,NULL,0,0,0,0,0,0,0,0,0,0,0,0,0,0,0,0,0,0,0,0,0,0,0,0,0,0,0,0,0,0,0,0,0,0,0),(559,'Befogópofa (kezelő oldal)','Safety chuck (op. side)',521,34,0,0,28,'',0,0,0,0,0,0,0,0,0,0,NULL,NULL,NULL,0,0,0,0,0,0,0,0,0,0,0,0,0,0,0,0,0,0,0,0,0,0,0,0,0,0,0,0,0,0,0,0,0,0,0),(560,'öltöző','dressing room',235,NULL,0,NULL,NULL,'',NULL,NULL,NULL,NULL,NULL,NULL,NULL,NULL,NULL,NULL,0,'','',0,NULL,NULL,NULL,NULL,NULL,NULL,NULL,NULL,NULL,NULL,NULL,NULL,NULL,NULL,NULL,NULL,NULL,NULL,NULL,NULL,NULL,NULL,NULL,NULL,NULL,NULL,NULL,NULL,NULL,NULL,NULL,NULL,NULL,NULL),(561,'fütés','heating system',560,NULL,0,NULL,NULL,'',NULL,NULL,NULL,NULL,NULL,NULL,NULL,NULL,NULL,NULL,0,'','',1,NULL,NULL,NULL,NULL,NULL,NULL,NULL,NULL,NULL,NULL,NULL,NULL,NULL,NULL,NULL,NULL,NULL,NULL,NULL,NULL,NULL,NULL,NULL,NULL,NULL,NULL,NULL,NULL,NULL,NULL,NULL,NULL,NULL,NULL),(562,'kalorifer (Olbrich)','calorifer (Olbrich)',169,NULL,0,NULL,NULL,'',NULL,NULL,NULL,NULL,NULL,NULL,NULL,NULL,NULL,NULL,0,'','',1,NULL,NULL,NULL,NULL,NULL,NULL,NULL,NULL,NULL,NULL,NULL,NULL,NULL,NULL,NULL,NULL,NULL,NULL,NULL,NULL,NULL,NULL,NULL,NULL,NULL,NULL,NULL,NULL,NULL,NULL,NULL,NULL,NULL,NULL),(563,'alsó expanziós tengely','lower expaxsion shaft',542,NULL,0,NULL,NULL,'',NULL,NULL,NULL,NULL,NULL,NULL,NULL,NULL,NULL,NULL,0,'','',1,NULL,NULL,NULL,NULL,NULL,NULL,NULL,NULL,NULL,NULL,NULL,NULL,NULL,NULL,NULL,NULL,NULL,NULL,NULL,NULL,NULL,NULL,NULL,NULL,NULL,NULL,NULL,NULL,NULL,NULL,NULL,NULL,NULL,NULL),(564,'nyomáscsökkentő','pressure reducer',547,68,0,NULL,115,'',NULL,NULL,NULL,NULL,NULL,NULL,NULL,NULL,NULL,NULL,0,'','',1,NULL,NULL,NULL,NULL,NULL,NULL,NULL,NULL,NULL,NULL,NULL,NULL,NULL,NULL,NULL,NULL,NULL,NULL,NULL,NULL,NULL,NULL,NULL,NULL,NULL,NULL,NULL,NULL,NULL,NULL,NULL,NULL,NULL,NULL),(565,'vezérlés','controller',375,NULL,0,NULL,NULL,'',167,168,169,NULL,NULL,NULL,NULL,NULL,NULL,NULL,0,'','',1,NULL,NULL,NULL,NULL,NULL,NULL,NULL,NULL,NULL,NULL,NULL,NULL,NULL,NULL,NULL,NULL,NULL,NULL,NULL,NULL,NULL,NULL,NULL,NULL,NULL,NULL,NULL,NULL,NULL,NULL,NULL,NULL,NULL,NULL),(566,'gázégő 3','gas burner 3',470,0,0,0,0,'',0,0,0,0,0,0,0,0,0,0,NULL,NULL,NULL,0,0,0,0,0,0,0,0,0,0,0,0,0,0,0,0,0,0,0,0,0,0,0,0,0,0,0,0,0,0,0,0,0,0,0),(567,'gázszabályzó szelep','gas controller valve',566,0,0,0,0,'',0,0,0,0,0,0,0,0,0,0,NULL,NULL,NULL,0,0,0,0,0,0,0,0,0,0,0,0,0,0,0,0,0,0,0,0,0,0,0,0,0,0,0,0,0,0,0,0,0,0,0),(568,'forgató','actuator',567,1,0,0,75,'',0,0,0,0,0,0,0,0,0,0,NULL,NULL,NULL,0,0,0,0,0,0,0,0,0,0,0,0,0,0,0,0,0,0,0,0,0,0,0,0,0,0,0,0,0,0,0,0,0,0,0),(569,'Vezérlő','Controller',566,0,0,0,0,'',0,0,0,0,0,0,0,0,0,0,NULL,NULL,NULL,0,0,0,0,0,0,0,0,0,0,0,0,0,0,0,0,0,0,0,0,0,0,0,0,0,0,0,0,0,0,0,0,0,0,0),(570,'HMI','HMI',569,65,0,0,99,'',0,0,0,0,0,0,0,0,0,0,NULL,NULL,NULL,1,0,0,0,0,0,0,0,0,0,0,0,0,0,0,0,0,0,0,0,0,0,0,0,0,0,0,0,0,0,0,0,0,0,0),(571,'Égőszabályzó','Burner controller',569,50,0,0,98,'',0,0,0,0,0,0,0,0,0,0,NULL,NULL,NULL,1,0,0,0,0,0,0,0,0,0,0,0,0,0,0,0,0,0,0,0,0,0,0,0,0,0,0,0,0,0,0,0,0,0,0),(572,'Hőmérséklet érzékelő','Temperature sensor',569,0,0,0,0,'',0,0,0,0,0,0,0,0,0,0,NULL,NULL,NULL,1,0,0,0,0,0,0,0,0,0,0,0,0,0,0,0,0,0,0,0,0,0,0,0,0,0,0,0,0,0,0,0,0,0,0),(573,'gyújtótrafó','igintion transformer',569,71,0,0,100,'',0,0,0,0,0,0,0,0,0,0,NULL,NULL,NULL,0,0,0,0,0,0,0,0,0,0,0,0,0,0,0,0,0,0,0,0,0,0,0,0,0,0,0,0,0,0,0,0,0,0,0),(574,'labor','labor',234,NULL,0,NULL,NULL,'',NULL,NULL,NULL,NULL,NULL,NULL,NULL,NULL,NULL,NULL,0,'','',0,NULL,NULL,NULL,NULL,NULL,NULL,NULL,NULL,NULL,NULL,NULL,NULL,NULL,NULL,NULL,NULL,NULL,NULL,NULL,NULL,NULL,NULL,NULL,NULL,NULL,NULL,NULL,NULL,NULL,NULL,NULL,NULL,NULL,NULL),(575,'hátsó szoba','back room',574,NULL,0,NULL,NULL,'',NULL,NULL,NULL,NULL,NULL,NULL,NULL,NULL,NULL,NULL,0,'','',1,NULL,NULL,NULL,NULL,NULL,NULL,NULL,NULL,NULL,NULL,NULL,NULL,NULL,NULL,NULL,NULL,NULL,NULL,NULL,NULL,NULL,NULL,NULL,NULL,NULL,NULL,NULL,NULL,NULL,NULL,NULL,NULL,NULL,NULL),(576,'vezérlés','Control system',496,NULL,0,NULL,NULL,'',NULL,NULL,NULL,NULL,NULL,NULL,NULL,NULL,NULL,NULL,0,'','',1,NULL,NULL,NULL,NULL,NULL,NULL,NULL,NULL,NULL,NULL,NULL,NULL,NULL,NULL,NULL,NULL,NULL,NULL,NULL,NULL,NULL,NULL,NULL,NULL,NULL,NULL,NULL,NULL,NULL,NULL,NULL,NULL,NULL,NULL),(577,'szíjhajtás','belt drive',518,NULL,0,NULL,NULL,'',NULL,NULL,NULL,NULL,NULL,NULL,NULL,NULL,NULL,NULL,0,'','',0,NULL,NULL,NULL,NULL,NULL,NULL,NULL,NULL,NULL,NULL,NULL,NULL,NULL,NULL,NULL,NULL,NULL,NULL,NULL,NULL,NULL,NULL,NULL,NULL,NULL,NULL,NULL,NULL,NULL,NULL,NULL,NULL,NULL,NULL),(578,'szivattyú1','pump1',527,NULL,0,NULL,NULL,'',NULL,NULL,NULL,NULL,NULL,NULL,NULL,NULL,NULL,NULL,0,'','',1,NULL,NULL,NULL,NULL,NULL,NULL,NULL,NULL,NULL,NULL,NULL,NULL,NULL,NULL,NULL,NULL,NULL,NULL,NULL,NULL,NULL,NULL,NULL,NULL,NULL,NULL,NULL,NULL,NULL,NULL,NULL,NULL,NULL,NULL),(579,'szivattyú2','pump2',527,NULL,0,NULL,NULL,'',NULL,NULL,NULL,NULL,NULL,NULL,NULL,NULL,NULL,NULL,0,'','',1,NULL,NULL,NULL,NULL,NULL,NULL,NULL,NULL,NULL,NULL,NULL,NULL,NULL,NULL,NULL,NULL,NULL,NULL,NULL,NULL,NULL,NULL,NULL,NULL,NULL,NULL,NULL,NULL,NULL,NULL,NULL,NULL,NULL,NULL),(580,'légrendszer','ventillation system',60,NULL,0,NULL,NULL,'',NULL,NULL,NULL,NULL,NULL,NULL,NULL,NULL,NULL,NULL,0,'','',1,NULL,NULL,NULL,NULL,NULL,NULL,NULL,NULL,NULL,NULL,NULL,NULL,NULL,NULL,NULL,NULL,NULL,NULL,NULL,NULL,NULL,NULL,NULL,NULL,NULL,NULL,NULL,NULL,NULL,NULL,NULL,NULL,NULL,NULL),(581,'elszívó ventillátor','exhaust fan',580,NULL,0,NULL,NULL,'',NULL,NULL,NULL,NULL,NULL,NULL,NULL,NULL,NULL,NULL,0,'','',1,NULL,NULL,NULL,NULL,NULL,NULL,NULL,NULL,NULL,NULL,NULL,NULL,NULL,NULL,NULL,NULL,NULL,NULL,NULL,NULL,NULL,NULL,NULL,NULL,NULL,NULL,NULL,NULL,NULL,NULL,NULL,NULL,NULL,NULL),(582,'pneumatika rendszer','pneumatic system',122,NULL,0,NULL,NULL,'',NULL,NULL,NULL,NULL,NULL,NULL,NULL,NULL,NULL,NULL,0,'','',1,NULL,NULL,NULL,NULL,NULL,NULL,NULL,NULL,NULL,NULL,NULL,NULL,NULL,NULL,NULL,NULL,NULL,NULL,NULL,NULL,NULL,NULL,NULL,NULL,NULL,NULL,NULL,NULL,NULL,NULL,NULL,NULL,NULL,NULL),(583,'pneumatika rendszer','pneumatic system',121,NULL,0,NULL,NULL,'',NULL,NULL,NULL,NULL,NULL,NULL,NULL,NULL,NULL,NULL,0,'','',1,NULL,NULL,NULL,NULL,NULL,NULL,NULL,NULL,NULL,NULL,NULL,NULL,NULL,NULL,NULL,NULL,NULL,NULL,NULL,NULL,NULL,NULL,NULL,NULL,NULL,NULL,NULL,NULL,NULL,NULL,NULL,NULL,NULL,NULL),(584,'feszességérzékelő','tension sensor',394,NULL,0,NULL,NULL,'',NULL,NULL,NULL,NULL,NULL,NULL,NULL,NULL,NULL,NULL,0,'','',1,NULL,NULL,NULL,NULL,NULL,NULL,NULL,NULL,NULL,NULL,NULL,NULL,NULL,NULL,NULL,NULL,NULL,NULL,NULL,NULL,NULL,NULL,NULL,NULL,NULL,NULL,NULL,NULL,NULL,NULL,NULL,NULL,NULL,NULL),(585,'krómozott henger','chromed roll',544,NULL,0,NULL,NULL,'',NULL,NULL,NULL,NULL,NULL,NULL,NULL,NULL,NULL,NULL,0,'','',1,NULL,NULL,NULL,NULL,NULL,NULL,NULL,NULL,NULL,NULL,NULL,NULL,NULL,NULL,NULL,NULL,NULL,NULL,NULL,NULL,NULL,NULL,NULL,NULL,NULL,NULL,NULL,NULL,NULL,NULL,NULL,NULL,NULL,NULL),(586,'hajtóműves motor','geared motor',585,1,0,NULL,123,'',178,NULL,NULL,NULL,NULL,NULL,NULL,NULL,NULL,NULL,0,'','',1,NULL,NULL,NULL,NULL,NULL,NULL,NULL,NULL,NULL,NULL,NULL,NULL,NULL,NULL,NULL,NULL,NULL,NULL,NULL,NULL,NULL,NULL,NULL,NULL,NULL,NULL,NULL,NULL,NULL,NULL,NULL,NULL,NULL,NULL),(587,'kasírozó','calander',118,NULL,0,NULL,NULL,'',NULL,NULL,NULL,NULL,NULL,NULL,NULL,NULL,NULL,NULL,0,'','',1,NULL,NULL,NULL,NULL,NULL,NULL,NULL,NULL,NULL,NULL,NULL,NULL,NULL,NULL,NULL,NULL,NULL,NULL,NULL,NULL,NULL,NULL,NULL,NULL,NULL,NULL,NULL,NULL,NULL,NULL,NULL,NULL,NULL,NULL),(588,'hűtőhenger','cooling cylinder',587,NULL,0,NULL,NULL,'',NULL,NULL,NULL,NULL,NULL,NULL,NULL,NULL,NULL,NULL,0,'','',1,NULL,NULL,NULL,NULL,NULL,NULL,NULL,NULL,NULL,NULL,NULL,NULL,NULL,NULL,NULL,NULL,NULL,NULL,NULL,NULL,NULL,NULL,NULL,NULL,NULL,NULL,NULL,NULL,NULL,NULL,NULL,NULL,NULL,NULL),(589,'hajtóműves motor','geared motor',588,1,0,NULL,125,'',179,NULL,NULL,NULL,NULL,NULL,NULL,NULL,NULL,NULL,0,'','',1,NULL,NULL,NULL,NULL,NULL,NULL,NULL,NULL,NULL,NULL,NULL,NULL,NULL,NULL,NULL,NULL,NULL,NULL,NULL,NULL,NULL,NULL,NULL,NULL,NULL,NULL,NULL,NULL,NULL,NULL,NULL,NULL,NULL,NULL),(590,'vízbevezető','water union',588,68,0,NULL,124,'',NULL,NULL,NULL,NULL,NULL,NULL,NULL,NULL,NULL,NULL,0,'','',1,NULL,NULL,NULL,NULL,NULL,NULL,NULL,NULL,NULL,NULL,NULL,NULL,NULL,NULL,NULL,NULL,NULL,NULL,NULL,NULL,NULL,NULL,NULL,NULL,NULL,NULL,NULL,NULL,NULL,NULL,NULL,NULL,NULL,NULL),(591,'gumihenger','rubber coated cylinder',587,NULL,0,NULL,NULL,'',NULL,NULL,NULL,NULL,NULL,NULL,NULL,NULL,NULL,NULL,0,'','',1,NULL,NULL,NULL,NULL,NULL,NULL,NULL,NULL,NULL,NULL,NULL,NULL,NULL,NULL,NULL,NULL,NULL,NULL,NULL,NULL,NULL,NULL,NULL,NULL,NULL,NULL,NULL,NULL,NULL,NULL,NULL,NULL,NULL,NULL),(592,'hajtóműves motor','geared motor',591,1,0,NULL,126,'',180,NULL,NULL,NULL,NULL,NULL,NULL,NULL,NULL,NULL,0,'','',1,NULL,NULL,NULL,NULL,NULL,NULL,NULL,NULL,NULL,NULL,NULL,NULL,NULL,NULL,NULL,NULL,NULL,NULL,NULL,NULL,NULL,NULL,NULL,NULL,NULL,NULL,NULL,NULL,NULL,NULL,NULL,NULL,NULL,NULL),(593,'nyomásfokozó','booster',486,24,0,NULL,127,'',NULL,NULL,NULL,NULL,NULL,NULL,NULL,NULL,NULL,NULL,0,'','',1,NULL,NULL,NULL,NULL,NULL,NULL,NULL,NULL,NULL,NULL,NULL,NULL,NULL,NULL,NULL,NULL,NULL,NULL,NULL,NULL,NULL,NULL,NULL,NULL,NULL,NULL,NULL,NULL,NULL,NULL,NULL,NULL,NULL,NULL),(594,'piros szatellit henger','red satelite roll',121,NULL,0,NULL,NULL,'',NULL,NULL,NULL,NULL,NULL,NULL,NULL,NULL,NULL,NULL,0,'','',1,NULL,NULL,NULL,NULL,NULL,NULL,NULL,NULL,NULL,NULL,NULL,NULL,NULL,NULL,NULL,NULL,NULL,NULL,NULL,NULL,NULL,NULL,NULL,NULL,NULL,NULL,NULL,NULL,NULL,NULL,NULL,NULL,NULL,NULL),(595,'hátsó kapu','back gate',233,NULL,0,NULL,NULL,'',NULL,NULL,NULL,NULL,NULL,NULL,NULL,NULL,NULL,NULL,0,'','',1,NULL,NULL,NULL,NULL,NULL,NULL,NULL,NULL,NULL,NULL,NULL,NULL,NULL,NULL,NULL,NULL,NULL,NULL,NULL,NULL,NULL,NULL,NULL,NULL,NULL,NULL,NULL,NULL,NULL,NULL,NULL,NULL,NULL,NULL),(596,'differenciál nyomáskapcsoló','differential pressure switch',240,NULL,0,NULL,NULL,'',NULL,NULL,NULL,NULL,NULL,NULL,NULL,NULL,NULL,NULL,0,'','',1,NULL,NULL,NULL,NULL,NULL,NULL,NULL,NULL,NULL,NULL,NULL,NULL,NULL,NULL,NULL,NULL,NULL,NULL,NULL,NULL,NULL,NULL,NULL,NULL,NULL,NULL,NULL,NULL,NULL,NULL,NULL,NULL,NULL,NULL),(597,'pneumatika rendszer','pneumatic system',587,NULL,0,NULL,NULL,'',NULL,NULL,NULL,NULL,NULL,NULL,NULL,NULL,NULL,NULL,0,'','',1,NULL,NULL,NULL,NULL,NULL,NULL,NULL,NULL,NULL,NULL,NULL,NULL,NULL,NULL,NULL,NULL,NULL,NULL,NULL,NULL,NULL,NULL,NULL,NULL,NULL,NULL,NULL,NULL,NULL,NULL,NULL,NULL,NULL,NULL);
/*!40000 ALTER TABLE `assets` ENABLE KEYS */;
UNLOCK TABLES;

--
-- Table structure for table `categories`
--

DROP TABLE IF EXISTS `categories`;
/*!40101 SET @saved_cs_client     = @@character_set_client */;
/*!40101 SET character_set_client = utf8 */;
CREATE TABLE `categories` (
  `category_id` int(10) unsigned NOT NULL AUTO_INCREMENT,
  `category_name_en` varchar(45) CHARACTER SET utf8 DEFAULT NULL,
  `category_parent_id` smallint(5) unsigned NOT NULL DEFAULT '0',
  `category_name_hu` varchar(45) COLLATE utf8_hungarian_ci DEFAULT NULL,
  PRIMARY KEY (`category_id`),
  UNIQUE KEY `category_id_UNIQUE` (`category_id`)
) ENGINE=InnoDB AUTO_INCREMENT=85 DEFAULT CHARSET=utf8 COLLATE=utf8_hungarian_ci;
/*!40101 SET character_set_client = @saved_cs_client */;

--
-- Dumping data for table `categories`
--

LOCK TABLES `categories` WRITE;
/*!40000 ALTER TABLE `categories` DISABLE KEYS */;
INSERT INTO `categories` VALUES (1,'Electric motor',0,'Villanymotor'),(2,NULL,1,'szervo'),(3,'Sensor',0,'Szenzor'),(4,'proximity',3,'közelítés'),(5,'Roll',0,'Henger'),(6,'Bearing',0,'Csapágy'),(7,'deep groove ball',6,'Mélyhornyú golyós'),(8,'Pressure sensor',3,'nyomásérzékelő'),(9,'pressure switch',3,'nyomáskapcsoló'),(10,'linear transducer',3,'útmérő'),(11,'3 phase motor',1,'3 fázisú,aszinkron'),(12,'dc',1,'egyenáramú'),(13,'Linear actuator',0,'Lineáris mozgató'),(15,'Pneumatic',13,'Pneumatikus'),(16,'Cylindrical roller',6,'Hengergörgős'),(17,'Pin roller',6,'Tűgörgős'),(18,'Hydraulic',13,'Hidraulikus'),(19,'Coupling',0,'Tengelykapcsoló'),(20,'Bolt, screw',0,'Csavar'),(21,'Hexagon socket head cap',20,'Inbusz'),(22,'Hexagon head',20,'Hatlapfejű'),(23,'Wheel',0,'Kerék'),(24,'Pneumatic',0,'Pneumatika'),(25,'valve',24,'szelep'),(26,'pressure regulator',24,'nyomásszabályzó'),(27,'fitting',24,'csatlakozó'),(28,'Timing pulley',0,'Szíjtárcsa'),(29,'Timing belt',0,'Fogasszíj'),(30,'metric rubber',29,'metrikus gumi'),(31,'metric PU',29,'metrikus PU'),(32,'imperial rubber',29,'collos gumi'),(33,'Taper lock bush',0,'Kúpos szorítóhüvely'),(34,'Bracket',0,'Tartó'),(35,'bell housing',34,'szivattyúbak'),(36,'Lifter',0,'Emelő'),(37,'Inverter',0,'Frekvenciaváltó'),(38,'Pump',0,'Szivattyú'),(39,'hydraulic',38,'hidraulika'),(40,'Filter',0,'Szűrő'),(41,'house',40,'ház'),(42,'element',40,'betét'),(43,'encoder',3,'enkóder'),(44,'with gearbox',1,'hajtóműves'),(45,'buffer ring',19,'csillag'),(46,'Gearbox',0,'Hajtómű'),(47,'Seal',0,'Tömítés'),(48,'Rotary seal',47,'Szimering'),(49,'Fan',0,'Ventillátor'),(50,'Controller',0,'Vezérlő'),(51,'water pump',38,'vízszivattyú'),(52,'Flow',3,'Térfogatáram'),(53,'safety chuck',34,'befogó pofa'),(54,'o-ring',47,'o-gyűrű'),(55,'screw drive',13,'golyósorsós'),(56,'System enclosure',0,'Kapcsolószekrény'),(57,'Switch',0,'Kapcsoló'),(58,'Main switch',57,'Főkapcsoló'),(59,'Air compressor',0,'Kompresszor'),(60,'Refrigerator',0,'Hűtő'),(61,'engraved',5,'raszter'),(62,'chrome plaited',5,'krómbevonatú'),(63,'polymer coated',5,'polimer bevonatú'),(64,'moiton sensor',3,'mozgásérzékelő'),(65,'HMI',0,'HMI'),(66,'photoelectric',3,'fotoelektromos'),(67,'repait kit',13,'javítókészlet'),(68,'gas-steam-water',0,'gáz-gőz-víz'),(69,'pressure valve',68,'nyomásszelep'),(70,'Chain',0,'Lánc'),(71,'Electric part',0,'Elektromos alkatrész'),(72,'variable resistor',71,'változtatható ellenállás'),(73,'Tank',0,'Tartály'),(74,'pressure tank',73,'nyomástartály'),(75,'angle',3,'szöghelyzet'),(76,'roller chain',70,'görgős lánc'),(77,'PLC',50,'PLC'),(78,'Burner controller',50,'Égőszabályzó'),(79,'transformer',71,'trafó'),(80,'Lighting fittings',0,'Világítótest'),(81,'other',47,'egyéb'),(82,'operating unit',57,'műkődtető'),(83,'distance',3,'távolság'),(84,'fitting',68,'csatlakozó');
/*!40000 ALTER TABLE `categories` ENABLE KEYS */;
UNLOCK TABLES;

--
-- Table structure for table `connection_categories`
--

DROP TABLE IF EXISTS `connection_categories`;
/*!40101 SET @saved_cs_client     = @@character_set_client */;
/*!40101 SET character_set_client = utf8 */;
CREATE TABLE `connection_categories` (
  `connection_category_id` int(10) unsigned NOT NULL AUTO_INCREMENT,
  `connection_category_en` varchar(45) NOT NULL,
  `connection_category_hu` varchar(45) NOT NULL,
  PRIMARY KEY (`connection_category_id`),
  UNIQUE KEY `connection_category_id_UNIQUE` (`connection_category_id`)
) ENGINE=InnoDB AUTO_INCREMENT=2 DEFAULT CHARSET=utf8;
/*!40101 SET character_set_client = @saved_cs_client */;

--
-- Dumping data for table `connection_categories`
--

LOCK TABLES `connection_categories` WRITE;
/*!40000 ALTER TABLE `connection_categories` DISABLE KEYS */;
INSERT INTO `connection_categories` VALUES (1,'Roll','Henger');
/*!40000 ALTER TABLE `connection_categories` ENABLE KEYS */;
UNLOCK TABLES;

--
-- Table structure for table `connections`
--

DROP TABLE IF EXISTS `connections`;
/*!40101 SET @saved_cs_client     = @@character_set_client */;
/*!40101 SET character_set_client = utf8 */;
CREATE TABLE `connections` (
  `connection_id` int(10) unsigned NOT NULL AUTO_INCREMENT,
  `connection_name_en` varchar(45) NOT NULL,
  `connection_name_hu` varchar(45) NOT NULL,
  `connection_type` tinyint(1) unsigned NOT NULL,
  `connection_category_id` smallint(3) unsigned NOT NULL,
  `connection_review_en` varchar(150) DEFAULT NULL,
  `connection_review_hu` varchar(45) DEFAULT NULL,
  PRIMARY KEY (`connection_id`),
  UNIQUE KEY `connection_id_UNIQUE` (`connection_id`),
  UNIQUE KEY `connection_name_UNIQUE` (`connection_name_en`),
  UNIQUE KEY `connection_name_hu_UNIQUE` (`connection_name_hu`)
) ENGINE=InnoDB AUTO_INCREMENT=4 DEFAULT CHARSET=utf8;
/*!40101 SET character_set_client = @saved_cs_client */;

--
-- Dumping data for table `connections`
--

LOCK TABLES `connections` WRITE;
/*!40000 ALTER TABLE `connections` DISABLE KEYS */;
INSERT INTO `connections` VALUES (1,'Olbrich engraved','Olbrich raszter',2,1,'',''),(2,'Olbrich pull roll','Olbrich nyomó',1,1,'',''),(3,'ICO coater pull','ICO bevonó nyomó',2,1,'','');
/*!40000 ALTER TABLE `connections` ENABLE KEYS */;
UNLOCK TABLES;

--
-- Table structure for table `counter_values`
--

DROP TABLE IF EXISTS `counter_values`;
/*!40101 SET @saved_cs_client     = @@character_set_client */;
/*!40101 SET character_set_client = utf8 */;
CREATE TABLE `counter_values` (
  `counter_value_id` int(10) unsigned NOT NULL AUTO_INCREMENT,
  `counter_value` mediumint(8) NOT NULL,
  `counter_value_time` datetime NOT NULL DEFAULT CURRENT_TIMESTAMP,
  `counter_id` smallint(3) unsigned NOT NULL,
  `workorder_id` int(10) unsigned DEFAULT NULL,
  `workrequest_id` int(10) unsigned DEFAULT NULL,
  PRIMARY KEY (`counter_value_id`),
  UNIQUE KEY `counter_value_id_UNIQUE` (`counter_value_id`)
) ENGINE=InnoDB DEFAULT CHARSET=utf8;
/*!40101 SET character_set_client = @saved_cs_client */;

--
-- Dumping data for table `counter_values`
--

LOCK TABLES `counter_values` WRITE;
/*!40000 ALTER TABLE `counter_values` DISABLE KEYS */;
/*!40000 ALTER TABLE `counter_values` ENABLE KEYS */;
UNLOCK TABLES;

--
-- Table structure for table `counters`
--

DROP TABLE IF EXISTS `counters`;
/*!40101 SET @saved_cs_client     = @@character_set_client */;
/*!40101 SET character_set_client = utf8 */;
CREATE TABLE `counters` (
  `counter_id` int(10) unsigned NOT NULL AUTO_INCREMENT,
  `main_asset_id` smallint(4) unsigned NOT NULL,
  `asset_id` smallint(4) unsigned NOT NULL,
  `counter_unit` varchar(5) NOT NULL,
  PRIMARY KEY (`counter_id`),
  UNIQUE KEY `counter_id_UNIQUE` (`counter_id`)
) ENGINE=InnoDB DEFAULT CHARSET=utf8;
/*!40101 SET character_set_client = @saved_cs_client */;

--
-- Dumping data for table `counters`
--

LOCK TABLES `counters` WRITE;
/*!40000 ALTER TABLE `counters` DISABLE KEYS */;
/*!40000 ALTER TABLE `counters` ENABLE KEYS */;
UNLOCK TABLES;

--
-- Table structure for table `finished_workrequests`
--

DROP TABLE IF EXISTS `finished_workrequests`;
/*!40101 SET @saved_cs_client     = @@character_set_client */;
/*!40101 SET character_set_client = utf8 */;
CREATE TABLE `finished_workrequests` (
  `finished_workrequest_id` int(10) unsigned NOT NULL AUTO_INCREMENT,
  `workrequest_id` int(10) unsigned NOT NULL,
  `workorder_id` int(10) unsigned NOT NULL,
  `counter_value` int(10) unsigned DEFAULT NULL,
  `counter_id` int(10) unsigned DEFAULT NULL,
  `finish_time` datetime NOT NULL,
  PRIMARY KEY (`finished_workrequest_id`),
  UNIQUE KEY `finished_workrequest_id_UNIQUE` (`finished_workrequest_id`)
) ENGINE=InnoDB AUTO_INCREMENT=183 DEFAULT CHARSET=utf8;
/*!40101 SET character_set_client = @saved_cs_client */;

--
-- Dumping data for table `finished_workrequests`
--

LOCK TABLES `finished_workrequests` WRITE;
/*!40000 ALTER TABLE `finished_workrequests` DISABLE KEYS */;
INSERT INTO `finished_workrequests` VALUES (1,38,50,NULL,NULL,'2020-01-06 10:00:00'),(2,35,39,NULL,NULL,'2020-01-02 10:00:00'),(3,34,38,NULL,NULL,'2020-01-02 10:00:00'),(4,33,36,NULL,NULL,'2020-01-02 10:00:00'),(5,32,37,NULL,NULL,'2020-01-02 10:00:00'),(6,37,44,NULL,NULL,'2020-01-06 10:00:00'),(7,36,45,NULL,NULL,'2020-01-06 10:00:00'),(8,39,52,NULL,NULL,'2020-01-06 10:00:00'),(9,40,44,NULL,NULL,'2020-01-06 10:00:00'),(10,29,63,NULL,NULL,'2020-01-07 06:10:00'),(11,28,64,NULL,NULL,'2020-01-07 06:20:00'),(12,29,54,NULL,NULL,'2020-01-08 06:10:00'),(13,28,64,NULL,NULL,'2020-01-08 06:20:00'),(14,31,34,NULL,NULL,'2020-01-02 10:00:00'),(15,31,32,NULL,NULL,'2020-01-02 10:00:00'),(16,29,68,NULL,NULL,'2020-01-09 06:10:00'),(17,28,69,NULL,NULL,'2020-01-09 06:20:00'),(18,42,71,NULL,NULL,'2020-01-09 07:50:00'),(19,43,74,NULL,NULL,'2020-01-09 11:00:00'),(20,44,78,NULL,NULL,'2020-01-09 13:00:00'),(21,30,32,NULL,NULL,'2020-01-02 10:00:00'),(23,28,81,NULL,NULL,'2020-01-10 06:20:00'),(28,50,89,NULL,NULL,'2020-01-10 11:00:00'),(29,51,91,NULL,NULL,'2020-01-10 08:00:00'),(30,52,94,NULL,NULL,'2020-01-10 11:30:00'),(31,38,98,NULL,NULL,'2020-01-13 08:00:00'),(32,53,97,NULL,NULL,'2020-01-13 09:00:00'),(33,54,96,NULL,NULL,'2020-01-13 10:00:00'),(34,55,104,NULL,NULL,'2020-01-14 12:30:00'),(35,56,103,NULL,NULL,'2020-01-14 14:00:00'),(36,29,105,NULL,NULL,'2020-01-13 06:10:00'),(37,28,106,NULL,NULL,'2020-01-13 06:20:00'),(38,37,107,NULL,NULL,'2020-01-13 06:30:00'),(39,36,108,NULL,NULL,'2020-01-13 06:40:00'),(40,29,114,NULL,NULL,'2020-01-14 06:10:00'),(41,28,115,NULL,NULL,'2020-01-14 06:20:00'),(42,57,110,NULL,NULL,'2020-01-13 08:00:00'),(43,31,111,NULL,NULL,'2020-01-13 09:30:00'),(44,30,112,NULL,NULL,'2020-01-13 10:00:00'),(45,58,113,NULL,NULL,'2020-01-13 11:00:00'),(46,29,120,NULL,NULL,'2020-01-15 06:10:00'),(47,28,121,NULL,NULL,'2020-01-15 06:20:00'),(48,63,123,NULL,NULL,'2020-01-15 07:20:00'),(49,62,124,NULL,NULL,'2020-01-15 07:20:00'),(50,64,125,NULL,NULL,'2020-01-15 09:00:00'),(53,68,131,NULL,NULL,'2020-01-15 13:00:00'),(54,67,132,NULL,NULL,'2020-01-15 14:00:00'),(55,69,136,NULL,NULL,'2020-01-16 07:45:00'),(56,27,137,NULL,NULL,'2020-01-16 09:30:00'),(57,70,135,NULL,NULL,'2020-01-16 10:30:00'),(58,71,134,NULL,NULL,'2020-01-16 11:00:00'),(59,51,139,NULL,NULL,'2020-01-16 12:00:00'),(60,29,145,NULL,NULL,'2020-01-16 06:10:00'),(61,28,146,NULL,NULL,'2020-01-16 06:20:00'),(62,72,142,NULL,NULL,'2020-01-16 07:20:00'),(63,35,144,NULL,NULL,'2020-01-16 08:00:00'),(64,72,142,NULL,NULL,'2020-01-16 07:20:00'),(65,29,148,NULL,NULL,'2020-01-17 06:10:00'),(66,28,149,NULL,NULL,'2020-01-17 06:20:00'),(67,76,156,NULL,NULL,'2020-01-20 08:00:00'),(68,77,155,NULL,NULL,'2020-01-20 09:30:00'),(69,51,160,NULL,NULL,'2020-01-20 14:00:00'),(70,78,157,NULL,NULL,'2019-12-02 08:00:00'),(71,74,159,NULL,NULL,'2020-01-20 07:00:00'),(72,74,159,NULL,NULL,'2020-01-20 08:30:00'),(73,75,158,NULL,NULL,'2020-01-20 09:00:00'),(74,79,162,NULL,NULL,'2020-01-20 12:00:00'),(75,29,164,NULL,NULL,'2020-01-20 13:30:00'),(76,28,165,NULL,NULL,'2020-01-20 14:00:00'),(77,28,167,NULL,NULL,'2020-01-21 06:10:00'),(78,29,166,NULL,NULL,'2020-01-21 06:20:00'),(79,29,176,NULL,NULL,'2020-01-22 06:10:00'),(80,28,177,NULL,NULL,'2020-01-23 06:10:00'),(81,29,184,NULL,NULL,'2020-01-23 06:20:00'),(82,44,188,NULL,NULL,'2020-01-24 08:00:00'),(83,28,191,NULL,NULL,'2020-01-24 06:10:00'),(84,29,192,NULL,NULL,'2020-01-24 06:20:00'),(85,52,197,NULL,NULL,'2020-01-27 12:00:00'),(86,28,205,NULL,NULL,'2020-01-27 06:20:00'),(87,28,205,NULL,NULL,'2020-01-27 06:10:00'),(88,61,118,NULL,NULL,'2020-01-27 08:20:00'),(89,61,118,NULL,NULL,'2020-01-27 08:30:00'),(90,29,206,NULL,NULL,'2020-01-27 06:20:00'),(91,30,204,NULL,NULL,'2020-01-27 09:30:00'),(92,31,207,NULL,NULL,'2020-01-27 10:30:00'),(93,38,203,NULL,NULL,'2020-01-27 10:30:00'),(94,88,218,NULL,NULL,'2020-01-29 06:45:00'),(95,87,214,NULL,NULL,'2020-01-29 07:15:00'),(96,86,215,NULL,NULL,'2020-01-29 08:00:00'),(97,85,219,NULL,NULL,'2020-01-29 07:45:00'),(98,84,216,NULL,NULL,'2020-01-29 09:00:00'),(99,83,217,NULL,NULL,'2020-01-29 07:00:00'),(100,28,205,NULL,NULL,'2020-01-27 06:20:00'),(101,28,205,NULL,NULL,'2020-01-27 06:10:00'),(102,29,222,NULL,NULL,'2020-01-29 08:20:00'),(103,29,222,NULL,NULL,'2020-01-29 08:10:00'),(104,28,223,NULL,NULL,'2020-01-29 08:20:00'),(105,51,226,NULL,NULL,'2020-01-30 14:00:00'),(106,29,231,NULL,NULL,'2020-01-30 06:10:00'),(107,28,230,NULL,NULL,'2020-01-30 06:20:00'),(108,89,229,NULL,NULL,'2020-01-30 10:30:00'),(109,32,235,NULL,NULL,'2020-01-30 11:00:00'),(110,28,177,NULL,NULL,'2020-01-22 06:20:00'),(111,28,240,NULL,NULL,'2020-02-03 06:10:00'),(112,29,239,NULL,NULL,'2020-02-03 06:20:00'),(113,37,238,NULL,NULL,'2020-02-03 06:40:00'),(114,36,241,NULL,NULL,'2020-02-03 06:30:00'),(115,76,244,NULL,NULL,'2020-02-03 07:00:00'),(116,39,246,NULL,NULL,'2020-02-03 07:45:00'),(117,40,245,NULL,NULL,'2020-02-03 08:30:00'),(118,26,28,NULL,NULL,'2020-01-16 14:00:00'),(119,26,28,NULL,NULL,'2020-01-16 14:00:00'),(120,28,251,NULL,NULL,'2020-02-04 06:10:00'),(121,29,252,NULL,NULL,'2020-02-04 06:20:00'),(122,26,28,NULL,NULL,'2020-01-16 14:00:00'),(123,29,256,NULL,NULL,'2020-02-05 06:10:00'),(124,28,257,NULL,NULL,'2020-02-05 06:20:00'),(125,92,259,NULL,NULL,'2020-02-05 14:00:00'),(126,28,261,NULL,NULL,'2020-02-06 06:10:00'),(127,29,262,NULL,NULL,'2020-02-06 06:20:00'),(128,65,129,NULL,NULL,'2020-02-06 12:00:00'),(129,106,265,NULL,NULL,'2020-02-06 14:00:00'),(130,107,266,NULL,NULL,'2020-02-06 09:00:00'),(131,100,271,NULL,NULL,'2020-02-07 08:00:00'),(132,101,270,NULL,NULL,'2020-02-07 09:15:00'),(133,108,275,NULL,NULL,'2020-02-07 11:00:00'),(134,99,272,NULL,NULL,'2020-02-07 14:00:00'),(135,28,276,NULL,NULL,'2020-02-07 06:10:00'),(136,29,277,NULL,NULL,'2020-02-07 06:20:00'),(138,48,85,NULL,NULL,'2020-02-07 14:00:00'),(139,67,248,NULL,NULL,'2020-02-06 10:30:00'),(140,37,279,NULL,NULL,'2020-02-10 06:20:00'),(141,28,285,NULL,NULL,'2020-02-11 06:10:00'),(142,29,284,NULL,NULL,'2020-02-11 06:20:00'),(143,45,290,NULL,NULL,'2020-02-11 12:00:00'),(144,49,291,NULL,NULL,'2020-02-11 12:15:00'),(145,47,292,NULL,NULL,'2020-02-11 12:30:00'),(146,81,186,NULL,NULL,'2020-02-05 12:00:00'),(147,38,293,NULL,NULL,'2020-02-10 07:30:00'),(148,115,295,NULL,NULL,'2020-02-10 08:00:00'),(149,38,293,NULL,NULL,'2020-02-10 07:00:00'),(150,118,298,NULL,NULL,'2020-02-10 07:30:00'),(151,116,297,NULL,NULL,'2020-02-10 11:00:00'),(152,117,296,NULL,NULL,'2020-02-12 14:00:00'),(153,117,296,NULL,NULL,'2020-02-12 14:00:00'),(154,117,296,NULL,NULL,'2020-02-12 14:00:00'),(155,44,300,NULL,NULL,'2020-02-11 14:00:00'),(156,28,307,NULL,NULL,'2020-02-12 06:10:00'),(157,29,306,NULL,NULL,'2020-02-12 06:20:00'),(158,126,311,NULL,NULL,'2020-02-12 06:40:00'),(159,126,311,NULL,NULL,'2020-02-12 06:50:00'),(160,120,312,NULL,NULL,'2020-02-12 07:20:00'),(161,119,313,NULL,NULL,'2020-02-12 07:50:00'),(162,102,314,NULL,NULL,'2020-02-12 08:20:00'),(163,60,315,NULL,NULL,'2020-02-12 09:20:00'),(164,46,316,NULL,NULL,'2020-02-12 11:00:00'),(165,59,116,NULL,NULL,'2020-02-12 13:00:00'),(166,29,322,NULL,NULL,'2020-02-13 06:10:00'),(167,28,323,NULL,NULL,'2020-02-13 06:20:00'),(168,78,309,NULL,NULL,'2020-02-13 08:30:00'),(169,111,317,NULL,NULL,'2020-02-12 08:15:00'),(170,110,318,NULL,NULL,'2020-02-12 08:30:00'),(171,109,319,NULL,NULL,'2020-02-12 08:45:00'),(172,105,320,NULL,NULL,'2020-02-12 09:15:00'),(173,117,296,NULL,NULL,'2020-02-10 14:00:00'),(174,52,325,NULL,NULL,'2020-02-12 09:45:00'),(175,104,289,NULL,NULL,'2020-02-12 12:30:00'),(176,55,321,NULL,NULL,'2020-02-12 13:00:00'),(177,55,321,NULL,NULL,'2020-02-12 14:00:00'),(178,104,289,NULL,NULL,'2020-02-12 13:00:00'),(179,51,326,NULL,NULL,'2020-02-13 08:00:00'),(180,105,320,NULL,NULL,'2020-02-12 09:15:00'),(181,104,289,NULL,NULL,'2020-02-12 13:00:00'),(182,82,185,NULL,NULL,'2020-01-24 13:00:00');
/*!40000 ALTER TABLE `finished_workrequests` ENABLE KEYS */;
UNLOCK TABLES;

--
-- Table structure for table `info_files`
--

DROP TABLE IF EXISTS `info_files`;
/*!40101 SET @saved_cs_client     = @@character_set_client */;
/*!40101 SET character_set_client = utf8 */;
CREATE TABLE `info_files` (
  `info_file_id` int(11) NOT NULL AUTO_INCREMENT,
  `info_file_name` varchar(45) COLLATE utf8_hungarian_ci NOT NULL,
  `info_file_review_en` varchar(45) COLLATE utf8_hungarian_ci DEFAULT NULL,
  `info_file_review_hu` varchar(45) COLLATE utf8_hungarian_ci DEFAULT NULL,
  `req_user_level` tinyint(3) unsigned NOT NULL,
  `info_file_sha` varchar(255) COLLATE utf8_hungarian_ci NOT NULL,
  `uploaded_by` tinyint(3) unsigned DEFAULT NULL,
  `upload_time` datetime DEFAULT NULL,
  `confidential` bit(1) DEFAULT NULL,
  PRIMARY KEY (`info_file_id`)
) ENGINE=InnoDB AUTO_INCREMENT=183 DEFAULT CHARSET=utf8 COLLATE=utf8_hungarian_ci;
/*!40101 SET character_set_client = @saved_cs_client */;

--
-- Dumping data for table `info_files`
--

LOCK TABLES `info_files` WRITE;
/*!40000 ALTER TABLE `info_files` DISABLE KEYS */;
INSERT INTO `info_files` VALUES (1,'Villanymotor7_BNl4O.pdf','datasheet','adatlap',3,'94fb80acf6affbe232998d16d791ac21252a279b',1,'2019-06-27 13:18:12',NULL),(2,'SzenzorE2A-S08_jHuJA.pdf','hungarian datasheet','magyar adatlap',3,'f8fcd50df13197e5a7f7276e3d59276754442e6a',1,'2019-07-15 10:43:49',NULL),(3,'SzenzorBES516-_9X35B.pdf','datasheet','angol adatlap',3,'981b4e85df178ecb4822ba0551ac675b8892dea7',1,'2019-07-15 11:57:03',NULL),(4,'TartPTFL250_U3loW.pdf','datasheet','adatlap',3,'6e52355e4a9c6a1a12426754101521c44843eb8e',1,'2019-07-15 12:12:24',NULL),(5,'Frekvenciavlt_W6xYA.pdf','datasheet','angol adatlap',3,'f65ae4cc552417287b35a1c0881f467ffc647675',1,'2019-07-19 09:05:36',NULL),(6,'SzrEPF2110QI_vXf1q.pdf','datasheet','angol adatlap',3,'7e156ab594e0f8002e6913a93cd5c6968cce9c43',1,'2019-07-19 10:13:26',NULL),(7,'SzrETF310QBP__pc3y.pdf','datasheet','angol adatlap',3,'ee9067dc372773ecb9e5c68edfdb1c290e512ec3',1,'2019-07-19 10:32:09',NULL),(8,'CsapgyYAR212-_QS6A5.pdf','datasheet','angol adatlap',3,'84a2679eea858a64e8c970cbbd076326e7a0d73d',1,'2019-07-19 10:57:35',NULL),(9,'Csapgy62214-2_MTS7E.pdf','datasheet','angol adatlap',3,'8d20ea2e755bae3034a8318d9d015c46c9babcbb',1,'2019-07-19 11:14:35',NULL),(10,'SzenzorIH580-1_WLC8S.pdf','datasheet','angol adatlap',3,'05061161b883b8e4135641057aa14ee761572e35',1,'2019-07-22 09:56:55',NULL),(11,'VillanymotorGK_xj5I_.pdf','datasheet','angol adatlap',3,'94b8549fb8a478ae4c42b6297a7458f65d71a06c',1,'2019-07-22 10:29:24',NULL),(12,'VillanymotorGK_fidq5.pdf','hungarian datasheet','magyar adatlap',3,'3955c6788b8349ee3e69328b7e610e7b0407202a',1,'2019-07-22 10:55:11',NULL),(13,'Tengelykapcsol_GrMYe.pdf','datasheet','angol adatlap',3,'f3668d82b510abfb22ea1f37455525b4454d537d',3,'2019-07-24 08:30:36',NULL),(14,'Villanymotor1P_Ft4eE.pdf','datasheet','angol adatlap',3,'6c2dcba8183cf051efd724b8edcc77435eaa02cc',1,'2019-07-24 13:15:06',NULL),(15,'PLCSYSMACCP1L_OVsKB.pdf','hungarian datasheet','magyar adatlap',3,'bd89168924249730cee0d9a1bc0ded9c088fccf6',3,'2019-08-21 08:47:08',NULL),(16,'PLC_ZUGwS.pdf','troubleshooting manual','angol adatlap hibakereséshez',3,'dcdacf15f02212edbd48075f8b9846de9ddd5f02',3,'2019-08-21 08:55:53',NULL),(17,'SzivattyCR1-2_UIYRh.pdf','datasheet','angol adatlap',3,'1e3b9e20c9033a70854d9170fa0f8f27ec033526',3,'2019-08-21 09:50:34',NULL),(18,'SzenzorVT1541M_fNA7C.pdf','datasheet','angol adatlap',3,'fb15b2a07e49cdd5f696f7cb22fe9bdc7210b6e2',3,'2019-08-21 10:07:22',NULL),(19,'TartRESpa_nJNGQ.pdf','user guide','szerelési útmutató',3,'942a84f258012a56c83efa1a6f149f93cb76525d',3,'2019-08-21 13:57:16',NULL),(20,'Valcobevon_FDixz.pdf','datasheet','angol adatlap',3,'4d95c359cbb552d861cd792549b2bb83b66650f2',3,'2019-08-21 14:23:50',NULL),(21,'DaewooB20Star_zExPH.jpg','data plate','adattábla',3,'853e1914076d5349fdbae7e610a417efcba7f990',3,'2019-08-21 14:40:35',NULL),(22,'BescoCBB1500TS_Gj4Wk.jpg','data plate','adattábla',3,'d5e62a4345c03a71c782cee27ec4e55083fe0b9e',3,'2019-08-21 14:43:19',NULL),(23,'Vezrls_9vYSu.jpg','picture of setting page','képernyőfotó a beállítóoldalról',3,'cc7efdab252c246fd5b150c7a097743301a23754',3,'2019-08-26 06:45:27',NULL),(24,'Vezrls_GRn1O.jpg','picture of setting page','képernyőfotó a beállítóoldalról',3,'13dbff5c28c58b8b425d2efdd94a8da231699745',3,'2019-08-26 06:45:32',NULL),(25,'Vezrls_sIm2S.jpg','picture of setting page','képernyőfotó a beállítóoldalról',3,'c701b47a5ca465a9f2ab0700efc9ec3558e05607',3,'2019-08-26 06:45:36',NULL),(26,'Linerismozgat__ouMB.pdf','datasheet','angol adatlap',3,'6cc8954b4aeb21228726f75a22f96baa2ea80870',3,'2019-08-26 09:41:22',NULL),(27,'Ventilltor_WS3Gl.pdf','datasheet','angol adatlap',3,'eab86c8154869834849d84d1c83834af938f90dd',3,'2019-08-26 10:40:10',NULL),(28,'KapcsolOT80F4_4Umnk.pdf','datasheet','angol adatlap',3,'ba775d8f3c6b6949f5d900938d33475d14bf709b',3,'2019-08-26 10:53:59',NULL),(29,'KapcsolkarOH_jckTe.pdf','datasheet','angol adatlap',3,'c65c78375d8beb2f4cfaa4474bed2ae19784799f',3,'2019-08-26 11:09:57',NULL),(30,'PneumatikaKXL0_ExVt6.pdf','datasheet','angol adatlap',3,'245500fd448020f7a703286a5831d8a4e0d6a99b',3,'2019-08-27 08:55:00',NULL),(31,'Kompresszor1_dqJ1F.txt','data','adatok',3,'859e02e526e90143d9cd2df39c01897ca628d033',3,'2019-08-27 12:29:47',NULL),(32,'Kisht_WmKp9.txt','data','adatok',3,'9aa6fcafbfc0f5c3f7e16c4ec289ab7be05dc12b',3,'2019-08-27 14:42:32',NULL),(33,'HtMKEvo28_1Iwo8.pdf','control unit manual','vezérlés leírás',3,'ed2be68fd38241eb111ef419b040e55993b10a83',3,'2019-08-27 14:45:27',NULL),(34,'Szenzor138-0-0_ycH32.pdf','datasheet','angol adatlap',3,'ac6428455fd48ae7819db6bac7873dce5b3eb5b1',3,'2019-08-28 08:36:12',_binary '\0'),(35,'KompresszorGy_lKPEW.txt','datasheet','adatok',3,'b9dc558715036e93659eb2a7a0e0b3ada6c95321',3,'2019-08-28 13:20:14',_binary '\0'),(36,'szivatty_ukV4t.pdf','datasheet','angol adatlap',3,'95b592fbb650ac7eeb7a10458eb3c5aadb2e0058',3,'2019-08-29 13:19:44',_binary '\0'),(37,'rzkel_yzOSY.txt','potmeter\'s position','potméter pozíciója',3,'9e817a4a8414be0694682946732dd4b6862c9ce8',3,'2019-08-30 07:45:53',_binary '\0'),(38,'Praht_j8fbu.jpg','data plate','adattábla',3,'bad5ae6a612c1d443535fb42f79d6c8328e03a2a',3,'2019-09-02 11:08:43',_binary '\0'),(39,'Praht_IjeK4.pdf','manual','használati utasítás',3,'5c3a78f036820bd9c72cd7b6274c44455f2e4b11',3,'2019-09-02 11:10:19',_binary '\0'),(40,'VillanymotorAC_aBmM9.pdf','datasheet','angol adatlap',3,'f6ff79c350cb93006f8d869b7f30952d71a37f4d',3,'2019-09-02 13:00:14',_binary '\0'),(41,'vezerles-oitg1.jpg','electric drawing','elektromos kapcsolási rajz',3,'2e2b5569f99833211b1344637db93bc1a345153d',3,'2019-09-04 14:02:33',_binary '\0'),(42,'vezerles-7qlhf.jpg','electric drawing','elektromos kapcsolási rajz',3,'ff8751303384dfa09475b3982ee63baf88acadf6',3,'2019-09-04 14:12:25',_binary '\0'),(43,'vezerles-jwsi5.jpg','electric drawing','elektromos kapcsolási rajz',3,'38c4fb57a11e8eb0c3c40aa5150b57722e77a6bb',3,'2019-09-04 14:12:30',_binary '\0'),(44,'vezerles-urkvo.jpg','electric drawing','elektromos kapcsolási rajz',3,'28cc05aec68593e975b9f32dadd2321d0f74f207',3,'2019-09-04 14:12:35',_binary '\0'),(45,'vezerles-fevs.jpg','electric drawing','elektromos kapcsolási rajz',3,'d8a09b437b91a577cdb0d1d29052149a6c6718f4',3,'2019-09-04 14:12:41',_binary '\0'),(46,'vezerles-iph4.jpg','electric drawing','elektromos kapcsolási rajz',3,'1acffd78ca122ed53e900e5442e057204e0919c4',3,'2019-09-04 14:12:46',_binary '\0'),(47,'pneumatika-ms6-vgaqd.pdf','datasheet','angol adatlap',3,'94a82fe9c57e165e3e46777de13d86be7012a9ea',3,'2019-09-06 12:02:02',_binary '\0'),(48,'pneumatika-ms6-irwcv.pdf','datasheet','angol adatlap',3,'fadb2d0242097f0a8ef84e4207e55d14ab215180',3,'2019-09-06 12:04:55',_binary '\0'),(49,'first-chain-doo-8rsjz.pdf','datasheet','angol adatlap',3,'2d32f51ec347a4d4d8f268436568ffd843b90369',1,'2019-09-09 08:19:09',_binary '\0'),(50,'pneumatika-ms6-g2c9s.pdf','filter datasheet','szűrő adatlap',3,'0028e84edb4521184bd0a2db306744fb6f312c4d',1,'2019-09-09 08:22:43',_binary '\0'),(51,'linearis-mozgat-mcljh.pdf','Operating and Installation manual','angol beállítási leírás',3,'031de098d5c26511d3983f86266b79e85120665e',1,'2019-09-18 14:48:01',_binary '\0'),(52,'linearis-mozgat-gco52.pdf','datasheet','angol adatlap',3,'7184485ea54d7aba52db2636c6edcd0710c6f1c5',1,'2019-09-18 14:50:33',_binary '\0'),(53,'szenzor-rsl410-n2nh8.pdf','datasheet','angol adatlap',3,'044d0c7463615f080365232ce8b620317f0103b4',1,'2019-09-29 14:19:42',_binary '\0'),(54,'hmi-mt4434te-k-pfejm.pdf','datasheet','angol adatlap',3,'656a024f1fd74eb0abff4b6c5bfbcca835177b7e',1,'2019-10-10 09:55:56',_binary '\0'),(55,'hmi-mt4434te-k-u241m.pdf','hungarian software manual','magyar proglamleírás',3,'c48e39534580e1e3b7c2f10096e144b6f12a1f8d',1,'2019-10-10 09:57:52',_binary '\0'),(56,'hmi-npesy.zip','HMI software','HMI program',3,'3cc8bc1669d83d7f19304886c5c7644acad92127',1,'2019-10-22 06:28:49',_binary '\0'),(57,'legszarito-gyar-j6kz4.pdf','instruction and maintenance manual','kezelési és karbantartási leírás',3,'ed423af377afcd77c08d1ed152bd705af0df0d7a',1,'2019-10-25 15:17:52',_binary '\0'),(58,'linearis-mozgat-inlju.pdf','datasheet','angol adatlap',3,'7c16f4a0ef6727d585933b680ccd9de00323a9f2',1,'2019-10-28 07:43:41',_binary '\0'),(59,'vezerles-buderu-xn8mb.pdf','kezelési leírás','leírás',0,'6b65c5b786571c82a2deb11eaddc192afc6acee3',1,'2019-10-29 09:02:22',_binary '\0'),(60,'gyar-utca-gazka-peyrg.pdf','manual','leírás',3,'e6c418a3406a4b11ef7cf3092bd10e9607567dde',1,'2019-10-29 09:03:15',_binary '\0'),(61,'goz-si-6301-20x-vpm4j.pdf','datasheet','angol adatlap',3,'cc139927932d3f50aca95c9a9b2e0bfc12e5eb0f',1,'2019-10-29 12:59:15',_binary '\0'),(62,'szelszabalyzo-2-fpnq8.pdf','manual','angol adatlap',3,'de164cd2c22eefa96016ed13a45be7ef4e850f5c',1,'2019-11-13 11:40:29',_binary '\0'),(63,'kompresszor-sk2-zi6ka.jpg','nameplate','adattábla',3,'8e2fe92384509e205b556cb5d3bd9c797a620e71',1,'2019-11-14 07:39:33',_binary '\0'),(64,'kompresszor-rlr-9cgzy.jpg','nameplate','adattábla',3,'f44e0d89a0bed238a4946e9a11f2d25fd58d9941',1,'2019-11-14 07:40:45',_binary '\0'),(65,'kompresszor-cl7-nwr3b.jpg','nameplate','adatlap',3,'8dd237553b11350612ff8a86c9b3ce059e47f441',1,'2019-11-14 09:03:34',_binary '\0'),(66,'kompresszor-cl7-16ulz.jpg','nameplate','adatlap',3,'5b234400e5a409c0c57fa0d5ce527b8745851f7f',1,'2019-11-14 09:04:25',_binary '\0'),(67,'kompresszor-clf-j9dmw.jpg','nameplate','adattábla',3,'878ba79cfa1a1ff4e66a5ff59fd4af2850771d03',1,'2019-11-14 14:29:56',_binary '\0'),(68,'villanymotor-sq-chbt.pdf','comissioning datasheet','angol beállítási adatlap',3,'ec3ace7bf52c47814ef7586703ed0aa330acdb13',1,'2019-11-18 07:40:38',_binary '\0'),(69,'szivattyu-pvq13-rk5zp.pdf','datasheet','angol adatlap',3,'5a8d630e7a1ceb8117a6112c64c5a125075cf5df',1,'2019-11-19 13:18:08',_binary '\0'),(70,'henger-ico-bevo-f7cj9.jpg','Böttcher label','Böttcher címke',3,'f9aecb9ad0aade5001da7660b59a23e5f1c697f8',1,'2019-11-20 08:48:34',_binary '\0'),(71,'elso-redonykapu-aoba1.pdf','hungarian maual','magyar adatlap',3,'a52954a4f5a4df0ab64f1cd46ce8c588f76e4478',1,'2019-12-02 11:35:13',_binary '\0'),(72,'bala-a-tuzterbe-f-oig.pdf','datasheet','angol adatlap',3,'be17eed7adc5d4c9a4731c808c50327c02871d41',1,'2019-12-02 11:45:38',_binary '\0'),(73,'szallitolanc-oleqy.pdf','datasheet','angol adatlap',3,'fee29d9a73968e18ef900ffae6337305ac2e33b5',1,'2019-12-02 12:11:17',_binary '\0'),(74,'jungheinrich-ef-i37co.png','nameplate','adattábla',3,'c202262d1445732a177902966b7c57190057b790',1,'2019-12-02 12:44:06',_binary '\0'),(75,'hidraulika-sziv-7esjv.pdf','datasheet','angol adatlap',3,'12c273cd0e31f1fec8253f4369af0f83c238915c',1,'2019-12-02 12:50:58',_binary '\0'),(76,'szenzor-828-574-vlfvj.pdf','datasheet','angol adatlap',3,'d1880ec157813a4d9f4636f17461f05ce2556b57',1,'2019-12-02 14:19:38',_binary '\0'),(77,'szenzor-o500rr-vuifx.pdf','datasheet','angol adatlap',3,'d419f07aff542c86f1b351c56185fd779413dfe3',1,'2019-12-02 14:28:47',_binary '\0'),(78,'besco-cbb1500ts-1vfdi.jpg','nameplate','adattábla',3,'a714a46ccdf7498f0d5c782dc5c3a83ebea56ca1',1,'2019-12-03 10:21:05',_binary '\0'),(79,'doosan-b25x-neszi.jpg','nameplate','adattábla',3,'f6e7af7732affdd0220cebcfdb5c732b15617c78',1,'2019-12-04 06:32:19',_binary '\0'),(80,'raszterhenger-5lrp1.jpg','invoice','számla',2,'91667b79b0e3710878b66fbbffcdf16f8dfe4539',1,'2019-12-04 06:38:33',_binary ''),(81,'kis-huto-ufvxn.jpg','nameplate','adattábla',3,'3c97da9bf72d8dabacee1f23a0c9670fbd00f1aa',1,'2019-12-06 06:15:56',_binary '\0'),(82,'linearis-mozgat-hyida.jpg','nameplate','adattábla',3,'726d41697396ebdecef067b47ad49c873bcd948b',1,'2019-12-11 11:19:29',_binary '\0'),(83,'linearis-mozgat-pn6uj.jpg','nameplate','adattábla',3,'fff3d09527934851231d902cdd55fbcbfa1d58be',1,'2019-12-11 11:20:28',_binary '\0'),(84,'linearis-mozgat-r23qf.pdf','datasheet','angol adatlap',3,'a055b3895dda329789be7f769598ea089a46dab5',1,'2019-12-11 11:21:25',_binary '\0'),(85,'tartaly-aquasys-vskdv.pdf','hungarian datasheet','adatlap',3,'3a60c193fe00fe879f4f71d9ca2c0a7648ae92f0',1,'2019-12-11 11:45:58',_binary '\0'),(86,'huto-racac30-2-9utog.jpg','nameplate','adattábla',3,'5b7c14667d8a5a6d961f3bd9e97cc44572e2a6db',1,'2019-12-11 11:58:58',_binary '\0'),(87,'huto-cwk110-dw-iguaw.jpg','nameplate','adattábla',3,'f4e0db957e2f0e2f1c7638f0662488fe8ebace9e',1,'2019-12-12 12:33:06',_binary '\0'),(88,'huto-svk6402-d-mt4s.jpg','datasheet','adattábla',3,'6573a47a2f53da99b954a6679bfc27d0c0382a8f',1,'2019-12-12 12:39:27',_binary '\0'),(89,'szivattyu-mhil9-csej.jpg','nameplate','adattábla',3,'7639f7c3694d92891289ed6c5a49e6f364452228',1,'2019-12-12 12:46:14',_binary '\0'),(90,'hmi-vcrqn.jpg','HMI screens','HMI képek',3,'7f67b048e03e356cbf5fda3a7d7be121241b0f09',1,'2020-01-07 13:06:58',_binary '\0'),(91,'hmi-syq9l.jpg','HMI screens','HMI képek',3,'8d9694923a2f4e17307eb22fbe1e9278c9f26f01',1,'2020-01-07 13:07:02',_binary '\0'),(92,'hmi-mfis7.jpg','HMI screens','HMI képek',3,'5b32cce287ea728eec77a19fcb3506410e188a07',1,'2020-01-07 13:07:07',_binary '\0'),(93,'hmi-yfxd.jpg','HMI screens','HMI képek',3,'0af0e58b6d9b9c3de2d71bda60e32a2f047fe150',1,'2020-01-07 13:07:11',_binary '\0'),(94,'hmi-w-gpb.jpg','HMI screens','HMI képek',3,'b906e497875d9b9f5ac04c38853b5ed8c10127bb',1,'2020-01-07 13:07:15',_binary '\0'),(95,'hmi-gtdwt.jpg','HMI screens','HMI képek',3,'71f82e7d0aa72a7936f511a93a0f9aeca62f61db',1,'2020-01-07 13:07:19',_binary '\0'),(96,'hmi-dpshp.jpg','HMI screens','HMI képek',3,'59751e43a44dc78785e8e2ba2d3bd049f10a4456',1,'2020-01-07 13:07:23',_binary '\0'),(97,'hmi-worxw.jpg','HMI screens','HMI képek',3,'688e37397a3c2de8b952e77a7a29b6cb0fbf112f',1,'2020-01-07 13:09:41',_binary '\0'),(98,'hmi-zsjxp.jpg','HMI screens','HMI képek',3,'080f8355e8c6d79832be31c8763381c999ad8993',1,'2020-01-07 13:09:45',_binary '\0'),(99,'hmi-dhp2i.jpg','HMI screens','HMI képek',3,'a1c7140d93047dc0341e5e3045f5cd49c2a1a59e',1,'2020-01-07 13:09:50',_binary '\0'),(100,'hmi-rqgdt.jpg','HMI screens','HMI képek',3,'646fee6681723b0ad235a251e52499c189ee8178',1,'2020-01-07 13:09:54',_binary '\0'),(101,'hmi-nzjxo.jpg','HMI screens','HMI képek',3,'0466c5aa621165f2563ebba6a32c7c1eeb2ba8c2',1,'2020-01-07 13:09:59',_binary '\0'),(102,'hmi-ycw-w.jpg','HMI screens','HMI képek',3,'6ac61ab904f0538494153b66de7e68ed9a04fb2c',1,'2020-01-07 13:10:03',_binary '\0'),(103,'hmi-flcfu.jpg','HMI screens','HMI képek',3,'309f7e86d389457422acab6de9b1423f91d86402',1,'2020-01-07 13:10:07',_binary '\0'),(104,'hmi-r3a8b.jpg','HMI screens','HMI képek',3,'60149d204d3b1f113f31a05c435a7450f9018d5a',1,'2020-01-07 13:11:03',_binary '\0'),(105,'hmi-7gqfg.jpg','HMI screens','HMI képek',3,'3c019c51d914255df419cf123baef50c474cec5a',1,'2020-01-07 13:11:07',_binary '\0'),(106,'hmi-luwa1.jpg','HMI screens','HMI képek',3,'0f28ad8e2cf915003a46ddd4391ae8e74252ee55',1,'2020-01-07 13:11:12',_binary '\0'),(107,'hmi-j6oaq.jpg','HMI screens','HMI képek',3,'b2bbf3dff14aa7fc3f5f2a8c87f61b5c28b30121',1,'2020-01-07 13:11:16',_binary '\0'),(108,'hmi-8xfzb.jpg','HMI screens','HMI képek',3,'388f5fae67cb57adade89f13308f7321bf12d078',1,'2020-01-07 13:11:21',_binary '\0'),(109,'hmi-7fg1d.jpg','HMI screens','HMI képek',3,'98d0ade5ea731ba0c04708b7f714080f2c8af492',1,'2020-01-07 13:11:25',_binary '\0'),(110,'hmi-jd63y.jpg','HMI screens','HMI képek',3,'b4710df96056d970d8a0e9c6c4036315a01d1bb0',1,'2020-01-07 13:11:30',_binary '\0'),(111,'hmi-2jnhb.jpg','HMI screens','HMI képek',3,'fa2aee21f2fa96765cecd5fb45f79c1d106d602c',1,'2020-01-07 13:12:24',_binary '\0'),(112,'hmi-e8zg3.jpg','HMI screens','HMI képek',3,'fdc4da8793d96506b832dfda59230ef8b3b96e2f',1,'2020-01-07 13:12:28',_binary '\0'),(113,'hmi-ks3dw.jpg','HMI screens','HMI képek',3,'826410eb7d9384eeec9805e728714d7c2c44097e',1,'2020-01-07 13:12:34',_binary '\0'),(114,'hmi-gr72c.jpg','HMI screens','HMI képek',3,'31fcff28c66d415ead0d2a07ac54fc5d8933ad47',1,'2020-01-07 13:12:38',_binary '\0'),(115,'hmi-louad.jpg','HMI screens','HMI képek',3,'286f1a690c036b086ca98cd5487936ff09e33b4e',1,'2020-01-07 13:12:42',_binary '\0'),(116,'hmi-uz6ep.jpg','HMI screens','HMI képek',3,'f89bd52ecb160aefad05ef40352ed05dfce57f77',1,'2020-01-07 13:12:47',_binary '\0'),(117,'hmi-gtmx.jpg','HMI screens','HMI képek',3,'43ed43f732c19e7cd43c41f475b1abfbe4bb4725',1,'2020-01-07 13:12:51',_binary '\0'),(118,'hmi-i4g7b.jpg','HMI screens','HMI képek',3,'ea0ed40344cc595399647c2c5cb63fc926996734',1,'2020-01-07 13:13:42',_binary '\0'),(119,'hmi-3-aeb.jpg','HMI screens','HMI képek',3,'0700899ebda92521eaf1b7ea0746aad3cbec51a2',1,'2020-01-07 13:13:46',_binary '\0'),(120,'hmi-gfung.jpg','HMI screens','HMI képek',3,'2f014d6b0c4ea66a01a4fecc327267ba45671a76',1,'2020-01-07 13:13:50',_binary '\0'),(121,'hmi-l5md7.jpg','HMI screens','HMI képek',3,'66668f2b28074c9b9b893f28b4aa4157b66a2a81',1,'2020-01-07 13:13:55',_binary '\0'),(122,'hmi-w5m7l.jpg','HMI screens','HMI képek',3,'348325a86ef6542fde9aa57bac84900dbd46ea3d',1,'2020-01-07 13:13:59',_binary '\0'),(123,'hmi-ljrqt.jpg','HMI screens','HMI képek',3,'30645c55dbe22dada453a2e9cea5ae49fcfd65f9',1,'2020-01-07 13:14:03',_binary '\0'),(124,'hmi-5o7nq.jpg','HMI screens','HMI képek',3,'a9cc5f6b01338cf5b4552a00a69744efe220c5c1',1,'2020-01-07 13:14:08',_binary '\0'),(125,'hmi-bobok.jpg','HMI screens','HMI képek',3,'0d54b6e9c6ea94c4d26978ed8049d272fab66202',1,'2020-01-07 13:15:07',_binary '\0'),(126,'hmi-d-9kr.jpg','HMI screens','HMI képek',3,'2fb0a0683000d48d739159a132a862ec2ec7f5ec',1,'2020-01-07 13:15:11',_binary '\0'),(127,'hmi-dnnoc.jpg','HMI screens','HMI képek',3,'bda4e7255f8b77ad949cf78211eb04ab3150d8c7',1,'2020-01-07 13:15:16',_binary '\0'),(128,'hmi-flre8.jpg','HMI screens','HMI képek',3,'99c6690492d8b665bfcabdf7daf9c00e98fc70eb',1,'2020-01-07 13:15:20',_binary '\0'),(129,'hmi-erixz.jpg','HMI screens','HMI képek',3,'418e444aa43bc6293a01befa3d403a5313a2cf26',1,'2020-01-07 13:15:24',_binary '\0'),(130,'layon-henger-m5let.pdf','drawing','rajz',3,'c716b00f2d5110d0eeb53e2e6a574175f8bf498c',1,'2020-01-09 14:19:20',_binary '\0'),(131,'villanymotor-f6iop.jpg','nameplate','adattábla',3,'b715092587e932cea565d2387dc848c3719f5922',1,'2020-01-10 10:31:36',_binary '\0'),(132,'szenzor-424a11a-1uqhd.pdf','datasheet','angol adatlap',3,'c64e8c175b3225be0691f048b81e58b2792526eb',1,'2020-01-13 13:31:26',_binary '\0'),(133,'p1-kezelo-yzsua.jpg','photo','fotó',3,'286dff5e679c40260104cff03342b2328fc48861',1,'2020-01-15 06:53:50',_binary '\0'),(134,'p3-kezelo-8zkum.jpg','photo','fotó',3,'6ccd3b3e65a6304c60932e3dd6fb62fdd68e56aa',1,'2020-01-15 06:54:33',_binary '\0'),(135,'p4-kezelo-gcbtv.jpg','photo','fotó',3,'8a79598179eb6062b677ba15107b66af8f4b7f02',1,'2020-01-15 06:55:16',_binary '\0'),(136,'p10-kezelo-8xrmz.jpg','photo','fotó',3,'c3c72b18e29bb9a97f4cfcfc65172af3ea2e3ad7',1,'2020-01-15 06:55:57',_binary '\0'),(137,'p11-kezelo-kiyjv.jpg','photo','fotó',3,'9beadfcdb6df3d5eca91f82b7a7b3eef055db9d9',1,'2020-01-15 07:00:43',_binary '\0'),(138,'p2-kezelo-nl6q.jpg','photo','fotó',3,'74f651a6cf56231d2975cc5fa2206d6ca8f9772a',1,'2020-01-15 07:01:13',_binary '\0'),(139,'gyorskapu-6utn7.jpg','nameplate','adattábla',3,'c519758a1455c5d607d9a2db0c6da3ee1c8e49a1',1,'2020-01-15 08:34:51',_binary '\0'),(140,'csomagolo-robop-ftjnu.jpg','nameplate','adattábla',3,'389d1ae4ea1628e1db8a54cc66aae0422af42e1c',1,'2020-01-16 05:25:52',_binary '\0'),(141,'lanc-12b-1-34-etklp.pdf','datasheet','angol adatlap',3,'fed4cd892c287a3210102b669e0686e939b6b8ca',1,'2020-01-16 05:36:15',_binary '\0'),(142,'lanc-ss-812-k32-ldgun.pdf','datasheet','angol adatlap',3,'ba73e59aab32428188b6ca48e64cb6ecf40f0f99',1,'2020-01-16 05:38:18',_binary '\0'),(143,'csomagolo-robop-mgwlq.png','rotating plate exploded draw','forgólap robbantott',3,'b1cf50f8236a1c0d5909298709e6f336dab10eac',1,'2020-01-16 05:43:35',_binary '\0'),(144,'gyujtotrafo-y-1im.pdf','datasheet','angol adatlap',3,'75f6d168ba10a02cd43761b2d7cc08cac6988ccc',1,'2020-01-16 09:22:10',_binary '\0'),(145,'expanzios-tenge-oh-xc.pdf','maintenance manual','karbantartási leírás',3,'d522bee11baeba23ce1915fc43cf91444940d3bc',1,'2020-01-16 14:43:43',_binary '\0'),(146,'vilagitotest-du-kcc5j.pdf','hungarian datasheet','adatlap',3,'030e4bcdccc848ce26bfb064a34b907cb9aca285',1,'2020-01-23 12:52:20',_binary '\0'),(147,'csomagolo-robop-zlbzx.pdf','datasheet','angol adatlap',3,'78cf219d34c14c7842763f41496f54795dc2b95a',1,'2020-01-23 13:43:45',_binary '\0'),(148,'toyota-8fbm20t-bxbai.jpg','nameplate','adattábla',3,'46c02ff49a703f2bb6c3a4b5c2d39ddee3cb9319',1,'2020-01-24 07:33:13',_binary '\0'),(149,'doosan-b20x-7-dg6lb.jpg','nameplate','adattábla',3,'6ccd904fb748c91e2b2dc40a72027ea95fa7ee23',1,'2020-01-24 07:36:46',_binary '\0'),(150,'toyota-8fbe15t-de-d6.jpg','nameplate','adattábla',3,'a14e0ea6afae9a4cfc0baa73b8cd75b752381c9e',1,'2020-01-24 07:39:09',_binary '\0'),(151,'jungheinrich-ej-swq9u.jpg','nameplate','adattábla',3,'f6447dde8ce17b9bbbbd2c9412a4886d1d6fc6a4',1,'2020-01-24 07:45:48',_binary '\0'),(152,'toyota-swe120-g-yqgkc.jpg','nameplate','adattábla',3,'031cf55b604381084f166e3e034ec8304b03eed4',1,'2020-01-24 07:49:58',_binary '\0'),(153,'jungheinrich-ej-sxwe5.jpg','nameplate','adattábla',3,'3cbfdb8a70e9983959d86ceb9ebdfaf6b313e196',1,'2020-01-24 08:18:22',_binary '\0'),(154,'elso-szekcional-yawxv.jpg','nameplate','adattábla',3,'48d2f964f93284cfdf63908a92f1ddd808de20c9',1,'2020-01-29 15:20:02',_binary '\0'),(155,'tomites-p-ebf-v-gqrne.jpg','intersection draw','metszeti kép',3,'4faa3b92cf8f56c629cf92f094dec99ba6011a85',1,'2020-02-04 14:15:14',_binary '\0'),(156,'kapcsolo-d-a93-terib.pdf','datasheet','angol adatlap',3,'fc57f044ff8bdbbb1970ecd00c461a3c557fc471',1,'2020-02-05 13:56:48',_binary '\0'),(157,'szenzor-nbn4-12-dt9oq.pdf','datasheet','angol adatlap',3,'0cef14e49c5156fa7402880908c97e287fc1337e',1,'2020-02-05 15:10:55',_binary '\0'),(158,'villanymotor-2k-nzrci.jpg','nameplate','adattábla',3,'32866e80e2f8b3dc360a9cf6bf7fae2d930bfba9',1,'2020-02-07 10:15:44',_binary ''),(159,'villanymotor-2k-1ejpt.jpg','nameplate','adattábla',3,'f56b819b49b5a038072797cd8d891fc857aa7bc8',1,'2020-02-07 10:16:40',_binary '\0'),(160,'emelo-hajtomuve-plvdz.jpg','nameplate','adattábla',3,'0d7b9923b16a0d70d4a554719a7e51e0bee655b6',1,'2020-02-07 10:30:10',_binary '\0'),(161,'villanymotor-2k-kta5v.jpg','nameplate','adattábla',3,'50ac00c601fdef5a2b0997b33554b1b544682ec7',1,'2020-02-07 10:36:14',_binary '\0'),(162,'hajtomu-mh370-i-trjuh.jpg','nameplate','adattábla',3,'f02a7ce818f3aeae9fd7f2f3807802894740fc5c',1,'2020-02-07 10:55:27',_binary '\0'),(163,'villanymotor-1p-7unv3.pdf','datasheet','angol adatlap',3,'a7cf3a18a57fd27f8d90e94f60844f7e6ff8153f',1,'2020-02-07 11:08:53',_binary '\0'),(164,'villanymotor-1p-dbdpn.pdf','operating instruction','kezelési útmutató',3,'be7316f577e7f732513f8c2db1f276c36ce9f69d',1,'2020-02-07 11:29:47',_binary '\0'),(165,'szuro-lx7va.pdf','datasheet','angol adatlap',3,'65d7ad41d334f83b68ce6a0b7ca5b6b691b2f593',1,'2020-02-10 13:14:57',_binary '\0'),(166,'gaz-goz-gdj25r0-dcg4i.pdf','datasheet','angol adatlap',3,'0c4e51660ce516959a54c0093fa272919448a265',1,'2020-02-10 13:28:26',_binary '\0'),(167,'vezerles-tzvry.pdf','setting procedure','beállítás',3,'1a4288fd25320562b48c3eb4c0bdb517d1809198',1,'2020-02-11 10:01:19',_binary '\0'),(168,'vezerles-oh3lx.pdf','parameter list','paraméterlista',3,'1a961f7e601a72995578dbf57fdb55897f930014',1,'2020-02-11 10:01:55',_binary '\0'),(169,'vezerles-ms7ik.pdf','troubleshooting at memory problem','teendők memoria hibánál',3,'dec4cec08eaf8d40627fac855438702f75e51ec7',1,'2020-02-11 10:03:13',_binary '\0'),(170,'szenzor-si12ss-e68gn.pdf','datasheet','angol adatlap',3,'4c91c90658b6a0803eff14036d0330749fef1c6c',1,'2020-02-11 13:52:50',_binary '\0'),(171,'szenzor-uc2000-4ckrg.pdf','datasheet','angol adatlap',3,'46a89b908aa85a5801ad718420cf47ab3cec0ffd',1,'2020-02-11 14:06:04',_binary '\0'),(172,'szenzor-ub2000-fx295.pdf','datasheet','angol adatlap',3,'f1c1a5a21d5d818214a34117c2576d2168da8c91',1,'2020-02-11 14:15:29',_binary '\0'),(173,'szenzor-tmk-984-rbgwa.pdf','datasheet','angol adatlap',3,'cbc1b65ee2df560ec0695681f2e91258fe37f70d',1,'2020-02-11 14:23:42',_binary '\0'),(174,'szenzor-s-11-0-c7qmu.pdf','datasheet','angol adatlap',3,'5067c67aa44cb1bc37dba6f8492ffd953a37e8ba',1,'2020-02-12 10:08:51',_binary '\0'),(175,'szenzor-3rg6113-klcxf.pdf','datasheet','angol adatlap',3,'9c7ba09d56a4a68c207617e3f0e884b3d819354d',1,'2020-02-12 10:18:32',_binary '\0'),(176,'szenzor-dh-200-ss8u.pdf','datasheet','angol adatlap',3,'fb957448bf1e0d6da63ab14ef5fa3167034e694f',1,'2020-02-12 10:36:58',_binary '\0'),(177,'gaz-goz-viz-s50-yg7w8.pdf','datasheet','angol adatlap',3,'5c1f28fe9e7ca3d28f582f9a1b92b81989a42dc9',1,'2020-02-13 11:09:36',_binary '\0'),(178,'hajtomuves-moto-lsamu.jpg','nameplate','adattábla',3,'8bbd61220f0a8f62d7d41d55d2a44cb4e1f9c015',1,'2020-02-13 11:28:23',_binary ''),(179,'hajtomuves-moto-btovw.jpg','nameplate','adattábla',3,'8612d51d7220907a63485f2e9817a8aff0f1a85f',1,'2020-02-13 11:30:47',_binary '\0'),(180,'hajtomuves-moto-ld1he.jpg','nameplate','adattábla',3,'c7ae8e75f75cdf9380048153704787525b0c1daa',1,'2020-02-13 11:39:04',_binary '\0'),(181,'gazegok-xzslj.pdf','datasheet','angol adatlap',3,'5611389972a4b854f784f1c252a46dd230f6b1d3',1,'2020-02-14 10:23:22',_binary '\0'),(182,'pneumatika-vba1-6yysi.pdf','datasheet','angol adatlap',3,'888606d600f27af8b1037eb37af717e65f91e76e',1,'2020-02-14 11:28:13',_binary '\0');
/*!40000 ALTER TABLE `info_files` ENABLE KEYS */;
UNLOCK TABLES;

--
-- Table structure for table `iot_sensors`
--

DROP TABLE IF EXISTS `iot_sensors`;
/*!40101 SET @saved_cs_client     = @@character_set_client */;
/*!40101 SET character_set_client = utf8 */;
CREATE TABLE `iot_sensors` (
  `sensor_id` int(10) NOT NULL AUTO_INCREMENT,
  `asset_id` smallint(4) unsigned NOT NULL,
  `unit_id` tinyint(2) unsigned DEFAULT NULL,
  `max_sensor_value` float(6,2) DEFAULT NULL,
  `max_sensor_value_time` datetime DEFAULT NULL,
  `min_sensor_value` float(6,2) DEFAULT NULL,
  `min_sensor_value_time` datetime DEFAULT NULL,
  `main_asset_id` smallint(4) unsigned NOT NULL,
  PRIMARY KEY (`sensor_id`),
  UNIQUE KEY `sensor_id_UNIQUE` (`sensor_id`)
) ENGINE=InnoDB DEFAULT CHARSET=utf8mb4 COLLATE=utf8mb4_unicode_ci;
/*!40101 SET character_set_client = @saved_cs_client */;

--
-- Dumping data for table `iot_sensors`
--

LOCK TABLES `iot_sensors` WRITE;
/*!40000 ALTER TABLE `iot_sensors` DISABLE KEYS */;
/*!40000 ALTER TABLE `iot_sensors` ENABLE KEYS */;
UNLOCK TABLES;

--
-- Table structure for table `locations`
--

DROP TABLE IF EXISTS `locations`;
/*!40101 SET @saved_cs_client     = @@character_set_client */;
/*!40101 SET character_set_client = utf8 */;
CREATE TABLE `locations` (
  `location_id` int(10) unsigned NOT NULL AUTO_INCREMENT,
  `location_name_hu` varchar(45) CHARACTER SET utf8 DEFAULT NULL,
  `location_parent_id` smallint(5) unsigned NOT NULL DEFAULT '0',
  `location_name_en` varchar(45) COLLATE utf8_hungarian_ci DEFAULT NULL,
  `info_file_id1` smallint(6) unsigned DEFAULT NULL,
  `set_as_stock` tinyint(1) unsigned DEFAULT NULL,
  PRIMARY KEY (`location_id`),
  UNIQUE KEY `location_id_UNIQUE` (`location_id`),
  KEY `info_file_id1` (`info_file_id1`)
) ENGINE=InnoDB AUTO_INCREMENT=24 DEFAULT CHARSET=utf8 COLLATE=utf8_hungarian_ci;
/*!40101 SET character_set_client = @saved_cs_client */;

--
-- Dumping data for table `locations`
--

LOCK TABLES `locations` WRITE;
/*!40000 ALTER TABLE `locations` DISABLE KEYS */;
INSERT INTO `locations` VALUES (1,'HU- Gyár utca',0,'HU-Gyar str',NULL,NULL),(2,'vágó csarnokrész',10,'Slitter room',NULL,NULL),(3,'hotmelt csarnokrész',10,'hotmelt room',NULL,NULL),(4,'Szilikonozó csarnokrész',10,'ATEC room',NULL,1),(5,'HU-Fonó utca',0,'HU-Fono str.',NULL,NULL),(6,'Nagy épület',5,'Big building',NULL,NULL),(7,'Dobozüzem',5,'Box building',NULL,NULL),(8,'Polytype csarnok',6,'Polytype room',NULL,NULL),(9,'Olbrich csarnok',6,'Olbrich room',NULL,1),(10,'Épület',1,'Building',NULL,NULL),(11,'Bálázó csarnok',10,'Bale press room',NULL,NULL),(12,'Gyár műhely',11,'Gyar workshop',NULL,1),(13,'Fonó műhely',6,'Fono workshop',NULL,1),(14,'trafóház',5,'transformator house',NULL,NULL),(15,'Kazánház',6,'Boiler room',NULL,NULL),(16,'pódium',8,'podium',NULL,1),(17,'komresszor szoba',11,'compressor room',NULL,NULL),(18,'Iroda',1,'Office',NULL,NULL),(19,'földszint',18,'ground level',NULL,NULL),(20,'1. emelet',18,'Second floor',NULL,NULL),(21,'2. emelet',18,'Third floor',NULL,NULL),(22,'kazánház',21,'HVAC room',NULL,NULL),(23,'műszaki iroda',20,'technical department',NULL,1);
/*!40000 ALTER TABLE `locations` ENABLE KEYS */;
UNLOCK TABLES;

--
-- Table structure for table `main_asset_categories`
--

DROP TABLE IF EXISTS `main_asset_categories`;
/*!40101 SET @saved_cs_client     = @@character_set_client */;
/*!40101 SET character_set_client = utf8 */;
CREATE TABLE `main_asset_categories` (
  `main_asset_category_id` int(10) unsigned NOT NULL AUTO_INCREMENT,
  `main_asset_category_en` varchar(45) COLLATE utf8mb4_unicode_ci NOT NULL,
  `main_asset_category_hu` varchar(45) COLLATE utf8mb4_unicode_ci NOT NULL,
  PRIMARY KEY (`main_asset_category_id`),
  UNIQUE KEY `asset_category_id_UNIQUE` (`main_asset_category_id`),
  UNIQUE KEY `asset_category_en_UNIQUE` (`main_asset_category_en`),
  UNIQUE KEY `asset_category_hu_UNIQUE` (`main_asset_category_hu`)
) ENGINE=InnoDB AUTO_INCREMENT=6 DEFAULT CHARSET=utf8mb4 COLLATE=utf8mb4_unicode_ci;
/*!40101 SET character_set_client = @saved_cs_client */;

--
-- Dumping data for table `main_asset_categories`
--

LOCK TABLES `main_asset_categories` WRITE;
/*!40000 ALTER TABLE `main_asset_categories` DISABLE KEYS */;
INSERT INTO `main_asset_categories` VALUES (1,'Production machines','Gyártógépek'),(2,'Lifting equipments','Emelőgépek'),(3,'Auxiliary machines','Segédberendezések'),(4,'Vehicles','Járművek'),(5,'Estates','Ingatlanok');
/*!40000 ALTER TABLE `main_asset_categories` ENABLE KEYS */;
UNLOCK TABLES;

--
-- Table structure for table `manufacturers`
--

DROP TABLE IF EXISTS `manufacturers`;
/*!40101 SET @saved_cs_client     = @@character_set_client */;
/*!40101 SET character_set_client = utf8 */;
CREATE TABLE `manufacturers` (
  `manufacturer_id` int(11) NOT NULL AUTO_INCREMENT,
  `manufacturer_name` varchar(45) DEFAULT NULL,
  PRIMARY KEY (`manufacturer_id`),
  UNIQUE KEY `manufacturer_name_UNIQUE` (`manufacturer_name`)
) ENGINE=InnoDB AUTO_INCREMENT=61 DEFAULT CHARSET=utf8;
/*!40101 SET character_set_client = @saved_cs_client */;

--
-- Dumping data for table `manufacturers`
--

LOCK TABLES `manufacturers` WRITE;
/*!40000 ALTER TABLE `manufacturers` DISABLE KEYS */;
INSERT INTO `manufacturers` VALUES (17,'ABB'),(56,'Aeco'),(33,'ARI-Armaturen'),(38,'Armak'),(37,'Aventics'),(13,'Balluff'),(44,'Baumer'),(24,'BESCO'),(28,'Boge'),(32,'Bonfiglioli'),(45,'Bourns'),(31,'Brevini'),(25,'DAEWOO'),(15,'Eaton'),(46,'Elero'),(50,'Elobau'),(4,'FAG'),(6,'Fenner'),(7,'Festo'),(47,'Frigosystem'),(29,'Frimec'),(51,'Greenlux'),(20,'Grunfos'),(48,'Hyfro'),(11,'HYMO'),(22,'Jungheinrich'),(40,'Kaeser'),(35,'Kinco'),(54,'Kromschröder'),(10,'KTR'),(16,'Lenze'),(34,'Leuzer'),(19,'Lovejoy'),(53,'Maxitrol'),(41,'Movex'),(12,'Omron'),(2,'Optibelt'),(36,'Panasonic'),(14,'Parker'),(55,'Pepperl+Fuchs'),(9,'Pro-Co'),(27,'Rittal'),(60,'Rotoflux'),(43,'RS PRO'),(3,'Siemens'),(21,'SIKA'),(5,'SKF'),(8,'SMC'),(1,'TEC'),(57,'Techmark'),(26,'Thomson'),(23,'Toyota'),(59,'Univer'),(30,'Vishay'),(42,'Vivoil'),(52,'Vogel'),(18,'W+S'),(58,'WIKA'),(49,'Wilo'),(39,'Worthington');
/*!40000 ALTER TABLE `manufacturers` ENABLE KEYS */;
UNLOCK TABLES;

--
-- Table structure for table `messages`
--

DROP TABLE IF EXISTS `messages`;
/*!40101 SET @saved_cs_client     = @@character_set_client */;
/*!40101 SET character_set_client = utf8 */;
CREATE TABLE `messages` (
  `message_id` int(10) unsigned NOT NULL AUTO_INCREMENT,
  `message_en` varchar(60) COLLATE utf8mb4_unicode_ci NOT NULL,
  `unit_id` tinyint(2) unsigned DEFAULT NULL,
  PRIMARY KEY (`message_id`),
  UNIQUE KEY `message_id_UNIQUE` (`message_id`)
) ENGINE=InnoDB DEFAULT CHARSET=utf8mb4 COLLATE=utf8mb4_unicode_ci;
/*!40101 SET character_set_client = @saved_cs_client */;

--
-- Dumping data for table `messages`
--

LOCK TABLES `messages` WRITE;
/*!40000 ALTER TABLE `messages` DISABLE KEYS */;
/*!40000 ALTER TABLE `messages` ENABLE KEYS */;
UNLOCK TABLES;

--
-- Table structure for table `notifications`
--

DROP TABLE IF EXISTS `notifications`;
/*!40101 SET @saved_cs_client     = @@character_set_client */;
/*!40101 SET character_set_client = utf8 */;
CREATE TABLE `notifications` (
  `notification_id` int(11) NOT NULL AUTO_INCREMENT,
  `main_asset_id` smallint(5) unsigned NOT NULL,
  `asset_id` smallint(5) unsigned NOT NULL,
  `user_id` tinyint(3) unsigned NOT NULL,
  `priority` tinyint(3) unsigned NOT NULL,
  `notification_status` tinyint(3) unsigned NOT NULL DEFAULT '1',
  `notification_short` varchar(30) COLLATE utf8mb4_unicode_ci NOT NULL,
  `notification` varchar(500) COLLATE utf8mb4_unicode_ci NOT NULL,
  `notification_time` datetime NOT NULL DEFAULT CURRENT_TIMESTAMP,
  `notification_closing_time` datetime DEFAULT NULL,
  `notification_type` tinyint(1) NOT NULL,
  PRIMARY KEY (`notification_id`),
  UNIQUE KEY `demand_id_UNIQUE` (`notification_id`)
) ENGINE=InnoDB DEFAULT CHARSET=utf8mb4 COLLATE=utf8mb4_unicode_ci;
/*!40101 SET character_set_client = @saved_cs_client */;

--
-- Dumping data for table `notifications`
--

LOCK TABLES `notifications` WRITE;
/*!40000 ALTER TABLE `notifications` DISABLE KEYS */;
/*!40000 ALTER TABLE `notifications` ENABLE KEYS */;
UNLOCK TABLES;

--
-- Table structure for table `operator_works`
--

DROP TABLE IF EXISTS `operator_works`;
/*!40101 SET @saved_cs_client     = @@character_set_client */;
/*!40101 SET character_set_client = utf8 */;
CREATE TABLE `operator_works` (
  `operator_work_id` int(11) NOT NULL AUTO_INCREMENT,
  `operator_work_time` datetime NOT NULL,
  `operator_work` varchar(350) DEFAULT NULL,
  `main_asset_id` smallint(3) unsigned NOT NULL,
  `asset_id` smallint(3) unsigned NOT NULL,
  `operator_user_id` smallint(3) unsigned NOT NULL,
  `workrequest_id` int(10) unsigned NOT NULL,
  `deleted` bit(1) NOT NULL DEFAULT b'0',
  PRIMARY KEY (`operator_work_id`)
) ENGINE=InnoDB DEFAULT CHARSET=utf8;
/*!40101 SET character_set_client = @saved_cs_client */;

--
-- Dumping data for table `operator_works`
--

LOCK TABLES `operator_works` WRITE;
/*!40000 ALTER TABLE `operator_works` DISABLE KEYS */;
/*!40000 ALTER TABLE `operator_works` ENABLE KEYS */;
UNLOCK TABLES;

--
-- Table structure for table `partners`
--

DROP TABLE IF EXISTS `partners`;
/*!40101 SET @saved_cs_client     = @@character_set_client */;
/*!40101 SET character_set_client = utf8 */;
CREATE TABLE `partners` (
  `partner_id` int(10) unsigned NOT NULL AUTO_INCREMENT,
  `partner_name` varchar(45) NOT NULL,
  `partner_address` varchar(150) DEFAULT NULL,
  `contact1_surname` varchar(45) DEFAULT NULL,
  `contact1_firstname` varchar(45) DEFAULT NULL,
  `contact1_firstname_is_first` tinyint(1) unsigned DEFAULT NULL,
  `contact1_title` tinyint(1) DEFAULT NULL,
  `contact1_email` varchar(45) DEFAULT NULL,
  `active` tinyint(1) NOT NULL DEFAULT '1',
  `contact1_phone` varchar(15) DEFAULT NULL,
  `contact1_position` varchar(45) DEFAULT NULL,
  `partner_created` datetime NOT NULL,
  `partner_tags` varchar(200) DEFAULT NULL,
  PRIMARY KEY (`partner_id`),
  UNIQUE KEY `partner_id_UNIQUE` (`partner_id`),
  UNIQUE KEY `partner_name_UNIQUE` (`partner_name`)
) ENGINE=InnoDB AUTO_INCREMENT=12 DEFAULT CHARSET=utf8;
/*!40101 SET character_set_client = @saved_cs_client */;

--
-- Dumping data for table `partners`
--

LOCK TABLES `partners` WRITE;
/*!40000 ALTER TABLE `partners` DISABLE KEYS */;
INSERT INTO `partners` VALUES (1,'Budaval Zrt.','1222 Budapest Fonó utca 5.','','',NULL,0,'',1,'','','2019-09-10 10:58:42',NULL),(2,'Ungricht GMBH','','','',NULL,0,'',1,'','','2019-10-03 08:46:57',NULL),(3,'BESCO SRL','via Ricetto 7/A - 29010 - Roveleto di Cadeo (PC)','','',NULL,0,'',1,'','','2019-12-03 07:09:25',NULL),(4,'Luc Kft.','2500 Esztergom Schneidel József utca 50.','','',NULL,0,'',1,'','','2019-12-05 06:14:14',NULL),(5,'Vill-gas Kft.','7400 Kaposvár Pécsi u. 9.','','',NULL,0,'',1,'','','2020-01-29 14:52:59',NULL),(6,'Electrotech Kft.','2440 Százhalombatta Csenterics S. út 3/6','Bencze','Norbert',NULL,1,'norbert.bencze@electrotechweb.com',1,'+36706005235','','2020-01-30 07:05:53',NULL),(7,'RS Components','','','',NULL,0,'',1,'','','2020-02-05 07:50:43',NULL),(8,'SMC Hungary Kft.','2045 Törökbálint, Torbágy u. 15-19. ','Mike','Máriusz',NULL,1,'M.Mike@smc.hu',1,'','','2020-02-05 13:52:28',NULL),(9,'Dialcomp Kft','1131, Budapest, Kámfor utca 31','','',NULL,0,'',1,'','','2020-02-11 13:51:32',NULL),(10,'SEEPEX GmbH','','Hecskó','Tamás',NULL,1,'thecsko@seepex.com',1,'','','2020-02-12 12:44:02',NULL),(11,'Tamax Kft','','','',NULL,0,'',1,'','','2020-02-14 10:50:35',NULL);
/*!40000 ALTER TABLE `partners` ENABLE KEYS */;
UNLOCK TABLES;

--
-- Table structure for table `products`
--

DROP TABLE IF EXISTS `products`;
/*!40101 SET @saved_cs_client     = @@character_set_client */;
/*!40101 SET character_set_client = utf8 */;
CREATE TABLE `products` (
  `product_id` int(11) NOT NULL AUTO_INCREMENT,
  `category_id` tinyint(3) unsigned NOT NULL,
  `subcategory_id` tinyint(3) unsigned DEFAULT '0',
  `product_type_en` varchar(45) NOT NULL,
  `product_type_hu` varchar(45) NOT NULL,
  `product_properties_en` varchar(45) DEFAULT NULL,
  `product_properties_hu` varchar(45) DEFAULT NULL,
  `quantity_unit` tinyint(2) unsigned NOT NULL,
  `manufacturer_id` tinyint(3) unsigned DEFAULT NULL,
  `info_file_id1` smallint(6) unsigned DEFAULT NULL,
  `product_stockable` tinyint(1) unsigned NOT NULL COMMENT '1 yes\n2 yes, but the prodct is uniq (only one can be at stock)\n3 no',
  `default_stock_location_id` smallint(3) unsigned DEFAULT NULL,
  `connection_id1` smallint(3) unsigned DEFAULT NULL,
  `connection_type1` smallint(3) unsigned DEFAULT NULL,
  `connection_id2` smallint(3) unsigned DEFAULT NULL,
  `connection_type2` smallint(3) unsigned DEFAULT NULL,
  `info_file_id2` smallint(6) unsigned DEFAULT NULL,
  `min_stock_quantity` float(5,2) unsigned DEFAULT '0.00',
  `info_file_id3` smallint(6) unsigned DEFAULT NULL,
  `info_file_id4` smallint(6) unsigned DEFAULT NULL,
  `info_file_id5` smallint(6) unsigned DEFAULT NULL,
  `info_file_id6` smallint(6) unsigned DEFAULT NULL,
  PRIMARY KEY (`product_id`),
  UNIQUE KEY `product_type_UNIQUE` (`product_type_hu`),
  KEY `info_file_id1` (`info_file_id1`),
  KEY `info_file_id2` (`info_file_id2`),
  KEY `info_file_id3` (`info_file_id3`),
  KEY `info_file_id4` (`info_file_id4`),
  KEY `info_file_id5` (`info_file_id5`),
  KEY `info_file_id6` (`info_file_id6`)
) ENGINE=InnoDB AUTO_INCREMENT=128 DEFAULT CHARSET=utf8;
/*!40101 SET character_set_client = @saved_cs_client */;

--
-- Dumping data for table `products`
--

LOCK TABLES `products` WRITE;
/*!40000 ALTER TABLE `products` DISABLE KEYS */;
INSERT INTO `products` VALUES (1,1,11,'7,543TECAB5-BM MSB132M1-4','7,543TECAB5-BM MSB132M1-4','7,5kW, 1460 1/min with brake','7,5kW 1460 1/min fékes',1,1,1,1,0,NULL,NULL,NULL,NULL,NULL,0.00,NULL,NULL,NULL,NULL),(2,29,30,'HTD8M-960x30','HTD8M-960x30','z=120','z=120',1,0,NULL,1,0,NULL,NULL,NULL,NULL,NULL,0.00,NULL,NULL,NULL,NULL),(3,28,0,'HTD8M-44x30','HTD8M-44x30','z=44','z=44',1,0,NULL,1,0,NULL,NULL,NULL,NULL,NULL,0.00,NULL,NULL,NULL,NULL),(4,33,0,'TP2012-38','TP2012-38','','',1,6,NULL,1,0,NULL,NULL,NULL,NULL,NULL,0.00,NULL,NULL,NULL,NULL),(5,29,30,'HTD-D8M-2400x30','HTD-D8M-2400x30','double, z=300','dupla, z=300',1,2,NULL,1,0,NULL,NULL,NULL,NULL,NULL,0.00,NULL,NULL,NULL,NULL),(6,40,41,'EPF2110QIBPMG121','EPF2110QIBPMG121','','',1,14,6,1,0,NULL,NULL,NULL,NULL,NULL,0.00,NULL,NULL,NULL,NULL),(7,34,0,'PTFL250','PTFL250','','',1,10,4,1,0,NULL,NULL,NULL,NULL,NULL,0.00,NULL,NULL,NULL,NULL),(8,36,0,'BX10-11/6 scissor lift','BX10-11/6 ollós emelőasztal','1000kg 1700x600 table 1100mm stroke','1000kg 1700x600 asztal 1100mm löket',1,11,NULL,1,0,NULL,NULL,NULL,NULL,NULL,0.00,NULL,NULL,NULL,NULL),(9,3,4,'E2A-S08KS02-M5-B1','E2A-S08KS02-M5-B1','2mm range, PNP, NO','2mm táv., PNP, NO',1,12,2,1,0,NULL,NULL,NULL,NULL,NULL,0.00,NULL,NULL,NULL,NULL),(10,3,4,'BES516-3007-G-E4-C-PU-05','BES516-3007-G-E4-C-PU-05','1,5mm range PNP NO','1,5mm távolság PNP NO',1,13,3,1,0,NULL,NULL,NULL,NULL,NULL,0.00,NULL,NULL,NULL,NULL),(11,37,0,'Sinamics CU250S-2PN','Sinamics CU250S-2PN','','',1,3,5,1,0,NULL,NULL,NULL,NULL,NULL,0.00,NULL,NULL,NULL,NULL),(12,38,39,'PVSL05-8FHRM','PVSL05-8FHRM','8cc/rev, 120bar','8ccm/ford, 120bar',1,14,NULL,1,0,NULL,NULL,NULL,NULL,NULL,0.00,NULL,NULL,NULL,NULL),(13,1,11,'3kW-4p-100-B5-230/400V','3kW-4p-100-B5-230/400V','1450 1/rev','1450 1/min',1,0,NULL,1,0,NULL,NULL,NULL,NULL,NULL,0.00,NULL,NULL,NULL,NULL),(14,40,42,'944428Q','944428Q','10 micron','10 mikron',1,14,7,1,0,NULL,NULL,NULL,NULL,NULL,0.00,NULL,NULL,NULL,NULL),(15,40,41,'ETF310QBP2FG164','ETF310QBP2FG164','','',1,14,7,1,0,NULL,NULL,NULL,NULL,NULL,0.00,NULL,NULL,NULL,NULL),(16,40,42,'937952Q','937952Q','10 micron','10 mikron',1,14,7,1,0,NULL,NULL,NULL,NULL,NULL,0.00,NULL,NULL,NULL,NULL),(17,6,7,'YAR212-2RF','YAR212-2RF','60/110x65.1','60/110x65,1',1,5,8,1,0,NULL,NULL,NULL,NULL,NULL,0.00,NULL,NULL,NULL,NULL),(18,6,7,'62214-2RS1','62214-2RS1','70/125x31','70/125x31',1,5,9,1,0,NULL,NULL,NULL,NULL,NULL,0.00,NULL,NULL,NULL,NULL),(19,3,43,'IH580-12P0R63-01024','IH580-12P0R63-01024','','',1,18,10,1,NULL,NULL,NULL,NULL,NULL,NULL,0.00,NULL,NULL,NULL,NULL),(20,1,44,'GKS05-3SVAK12LN20','GKS05-3SVAK12LN20','','',1,16,11,1,NULL,NULL,NULL,NULL,NULL,12,0.00,NULL,NULL,NULL,NULL),(21,19,45,'L110','L110','','',1,19,13,1,NULL,NULL,NULL,NULL,NULL,NULL,0.00,NULL,NULL,NULL,NULL),(22,47,48,'55/90x10','55/90x10','','',1,5,NULL,1,NULL,NULL,NULL,NULL,NULL,NULL,0.00,NULL,NULL,NULL,NULL),(23,46,0,'EF88-KQ-(KN132.3)','EF88-KQ-(KN132.3)','','',1,3,NULL,1,NULL,NULL,NULL,NULL,NULL,NULL,0.00,NULL,NULL,NULL,NULL),(24,1,11,'1PH7105-2PF02-0BA3','1PH7105-2PF02-0BA3','','',1,3,14,1,NULL,NULL,NULL,NULL,NULL,NULL,0.00,NULL,NULL,NULL,NULL),(25,50,0,'SYSMAC CP1L','SYSMAC CP1L','','',1,0,15,1,0,NULL,NULL,NULL,NULL,NULL,0.00,NULL,NULL,NULL,NULL),(26,38,51,'CR1-21 A-A-A-E-HQQE','CR1-21 A-A-A-E-HQQE','','',1,20,17,1,0,NULL,NULL,NULL,NULL,NULL,0.00,NULL,NULL,NULL,NULL),(27,3,52,'VT1541MSDNPQA4','VT1541MSDNPQA4','','',1,21,18,1,0,NULL,NULL,NULL,NULL,NULL,0.00,NULL,NULL,NULL,NULL),(28,34,53,'RE S.p.a safety chuck','RE S.p.a befogó','','',1,0,19,1,0,NULL,NULL,NULL,NULL,NULL,0.00,NULL,NULL,NULL,NULL),(29,47,54,'115x6 NBR','115x6 NBR','70Sh','70Sh',1,0,NULL,1,0,NULL,NULL,NULL,NULL,NULL,0.00,NULL,NULL,NULL,NULL),(30,13,55,'MG07S20SXXXX-01752-02165SN0000','MG07S20SXXXX-01752-02165SN0000','','',1,26,26,1,NULL,NULL,NULL,NULL,NULL,NULL,0.00,NULL,NULL,NULL,NULL),(31,56,0,'SE8 5844.500','SE8 5844.500','','',1,27,NULL,1,NULL,NULL,NULL,NULL,NULL,NULL,0.00,NULL,NULL,NULL,NULL),(32,49,0,'SK 3240 124','SK 3240 124','','',1,27,NULL,1,NULL,NULL,NULL,NULL,NULL,NULL,0.00,NULL,NULL,NULL,NULL),(33,57,58,'OT80F4N2','OT80F4N2','','',1,17,28,1,NULL,NULL,NULL,NULL,NULL,NULL,0.00,NULL,NULL,NULL,NULL),(34,57,58,'handle OHY80J6','kar OHY80J6','','',1,17,29,1,NULL,NULL,NULL,NULL,NULL,NULL,0.00,NULL,NULL,NULL,NULL),(35,6,7,'6000-2RSH/C3GJN ','6000-2RSH/C3GJN ','','',1,5,NULL,1,NULL,NULL,NULL,NULL,NULL,NULL,0.00,NULL,NULL,NULL,NULL),(36,33,0,'TP1615-38','TP1615-38','','',1,0,NULL,1,NULL,NULL,NULL,NULL,NULL,NULL,0.00,NULL,NULL,NULL,NULL),(37,28,0,'HTD8M36x30-1615','HTD8M36x30-1615','','',1,0,NULL,1,NULL,NULL,NULL,NULL,NULL,NULL,0.00,NULL,NULL,NULL,NULL),(38,29,30,'HTD8M-1200x30','HTD8M-1200x30','','',1,2,NULL,1,NULL,NULL,NULL,NULL,NULL,NULL,0.00,NULL,NULL,NULL,NULL),(39,28,0,'HTD8M90x30-2517','HTD8M90x30-2517','','',1,0,NULL,1,NULL,NULL,NULL,NULL,NULL,NULL,0.00,NULL,NULL,NULL,NULL),(40,33,0,'TP2517-60','TP2517-60','','',1,6,NULL,1,NULL,NULL,NULL,NULL,NULL,NULL,0.00,NULL,NULL,NULL,NULL),(41,24,27,'KXL06-01S rotary','KXL06-01S forgó','','',1,8,30,1,NULL,NULL,NULL,NULL,NULL,NULL,0.00,NULL,NULL,NULL,NULL),(42,1,11,'15.043TECAB5-IE2 MS2 160L1-4','15.043TECAB5-IE2 MS2 160L1-4','','',1,1,NULL,1,NULL,NULL,NULL,NULL,NULL,NULL,0.00,NULL,NULL,NULL,NULL),(43,3,43,'IH950-24R0R63-01024','IH950-24R0R63-01024','','',1,18,NULL,1,NULL,NULL,NULL,NULL,NULL,NULL,0.00,NULL,NULL,NULL,NULL),(44,49,0,'G-160B2','G-160B2','','',1,1,NULL,1,NULL,NULL,NULL,NULL,NULL,NULL,0.00,NULL,NULL,NULL,NULL),(45,59,0,'CL7 nr:501123','CL7 nr:501123','','',1,28,65,1,NULL,NULL,NULL,NULL,NULL,NULL,0.00,NULL,NULL,NULL,NULL),(46,60,0,'MK Evo 28','MK Evo 28','','',1,29,33,1,NULL,NULL,NULL,NULL,NULL,NULL,0.00,NULL,NULL,NULL,NULL),(47,3,43,'138-0-0-103 potmeter','138-0-0-103 potmeter','','',1,30,34,1,NULL,NULL,NULL,NULL,NULL,NULL,0.00,NULL,NULL,NULL,NULL),(48,38,39,'OT200P16+OT200P22','OT200P16+OT200P22','','',1,31,NULL,1,NULL,NULL,NULL,NULL,NULL,NULL,0.00,NULL,NULL,NULL,NULL),(49,6,7,'6002-2rs','6002-2rs','','',1,5,NULL,1,NULL,NULL,NULL,NULL,NULL,NULL,0.00,NULL,NULL,NULL,NULL),(50,1,2,'ACG0060-4/01-3','ACG0060-4/01-3','','',1,14,40,1,NULL,NULL,NULL,NULL,NULL,NULL,0.00,NULL,NULL,NULL,NULL),(51,1,11,'0.37kW-4p-71-B5-230/400V','0.37kW-4p-71-B5-230/400V','','',1,0,NULL,1,NULL,NULL,NULL,NULL,NULL,NULL,0.00,NULL,NULL,NULL,NULL),(52,46,0,'VF49 P1 24F71B14 B3','VF49 P1 24F71B14 B3','','',1,32,NULL,1,NULL,NULL,NULL,NULL,NULL,NULL,0.00,NULL,NULL,NULL,NULL),(53,28,0,'HTD5M-28x15','HTD5M-28x15','','',1,0,NULL,1,NULL,NULL,NULL,NULL,NULL,NULL,0.00,NULL,NULL,NULL,NULL),(54,29,30,'HTD5M-400x15','HTD5M-400x15','','',1,2,NULL,1,NULL,NULL,NULL,NULL,NULL,NULL,0.00,NULL,NULL,NULL,NULL),(55,24,25,'MS6-EM1-1/2-S','MS6-EM1-1/2-S','','',1,7,47,1,NULL,NULL,NULL,NULL,NULL,NULL,0.00,NULL,NULL,NULL,NULL),(56,24,26,'MS6-LFR-1/2-D7-E-R-M-A5','MS6-LFR-1/2-D7-E-R-M-A5','','',1,7,48,1,0,NULL,NULL,NULL,NULL,50,0.00,NULL,NULL,NULL,NULL),(57,5,61,'OL-800-1370/2 engraved','OL-800-1370/2 raszter','','',1,0,NULL,2,NULL,1,1,NULL,NULL,NULL,0.00,NULL,NULL,NULL,NULL),(58,5,61,'OL-800-1370/1 engraved','OL-800-1370/1 raszter','dia.300mm','átm.300',1,0,NULL,2,0,1,1,NULL,NULL,NULL,0.00,NULL,NULL,NULL,NULL),(59,5,63,'OL-800-1361/3 pull','OL-800-1361/3 ellennyomó','300*1350/1005','300*1350/1005',1,0,NULL,2,NULL,2,1,NULL,NULL,NULL,0.00,NULL,NULL,NULL,NULL),(60,5,63,'OL-800-1361/1 pull','OL-800-1361/1 ellennyomó','300/1350x1005','300/1350x1005',1,0,NULL,2,9,2,1,NULL,NULL,NULL,0.00,NULL,NULL,NULL,NULL),(61,5,63,'OL-800-1361/2 pull','OL-800-1361/2 ellennyomó','300*1350/1110','300*1350/1110',1,0,NULL,2,NULL,2,1,NULL,NULL,NULL,0.00,NULL,NULL,NULL,NULL),(62,13,55,'Ari-premio-plus 2G 2,2kN','Ari-premio-plus 2G 2,2kN','','',1,33,51,1,NULL,NULL,NULL,NULL,NULL,52,0.00,NULL,NULL,NULL,NULL),(63,3,64,'RSL410-S','RSL410-S','','',1,34,53,1,NULL,NULL,NULL,NULL,NULL,NULL,0.00,NULL,NULL,NULL,NULL),(65,5,61,'OL-800-1370/3 raszter','OL-800-1370/3 raszter','dia.300mm','átm.300mm',1,0,NULL,2,NULL,1,1,NULL,NULL,NULL,0.00,NULL,NULL,NULL,NULL),(66,65,0,'MT4434TE','MT4434TE','','',1,35,54,1,NULL,NULL,NULL,NULL,NULL,55,0.00,NULL,NULL,NULL,NULL),(67,3,66,'CY-111A-P','CY-111A-P','','',1,36,72,1,NULL,NULL,NULL,NULL,NULL,NULL,0.00,NULL,NULL,NULL,NULL),(68,13,15,'0822125023','0822125023','dia. 100 x600','átm.100x600',1,37,NULL,1,NULL,NULL,NULL,NULL,NULL,NULL,0.00,NULL,NULL,NULL,NULL),(69,13,67,'R413000903','R413000903','','',1,37,58,1,NULL,NULL,NULL,NULL,NULL,NULL,0.00,NULL,NULL,NULL,NULL),(70,68,69,'SI 6301 20x32','SI 6301 20x32','','',1,38,61,1,NULL,NULL,NULL,NULL,NULL,NULL,0.00,NULL,NULL,NULL,NULL),(71,59,0,'RLR25BG10','RLR25BG10','nr:4152015010','nr:4152015010',1,39,64,2,NULL,NULL,NULL,NULL,NULL,NULL,0.00,NULL,NULL,NULL,NULL),(72,59,0,'SK26','SK26','nr.: 1073 article:1.7263.5','nr.: 1073 article:1.7263.5',1,40,63,2,NULL,NULL,NULL,NULL,NULL,NULL,0.00,NULL,NULL,NULL,NULL),(73,59,0,'CL7 nr.:5043178','CL7 nr.:5043178','','',1,28,66,2,NULL,NULL,NULL,NULL,NULL,NULL,0.00,NULL,NULL,NULL,NULL),(74,59,0,'CLF9','CLF9','nr.:5024019','nr.:5024019',1,28,67,2,NULL,NULL,NULL,NULL,NULL,NULL,0.00,NULL,NULL,NULL,NULL),(75,1,2,'SQM45.295A9','SQM45.295A9','','',1,3,68,1,NULL,NULL,NULL,NULL,NULL,NULL,0.00,NULL,NULL,NULL,NULL),(76,38,39,'PVQ13-A2R','PVQ13-A2R','13,8ccm/rev','13,8ccm/ford',1,15,69,1,NULL,NULL,NULL,NULL,NULL,NULL,0.00,NULL,NULL,NULL,NULL),(77,5,63,'ICO coater pull roll 2','ICO bevonó nyomóhenger 2','330/310x1950/1010','330/310x1950/1010',1,0,NULL,2,NULL,3,1,NULL,NULL,NULL,0.00,NULL,NULL,NULL,NULL),(78,5,63,'ICO coater pull roll 1','ICO bevonó nyomóhenger 1','330/310x1950/1010','330/310x1950/1010',1,0,70,2,NULL,3,1,NULL,NULL,NULL,0.00,NULL,NULL,NULL,NULL),(79,5,63,'SW2-02','SW2-02','','',1,0,NULL,2,NULL,NULL,NULL,NULL,NULL,NULL,0.00,NULL,NULL,NULL,NULL),(80,1,11,'1,1kW-4p-90S-B5-230/400V','1,1kW-4p-90S-B5-230/400V','','',1,0,NULL,1,NULL,NULL,NULL,NULL,NULL,NULL,0.00,NULL,NULL,NULL,NULL),(81,70,0,'SS-812-K325','SS-812-K325','','',1,41,142,1,NULL,NULL,NULL,NULL,NULL,NULL,0.00,NULL,NULL,NULL,NULL),(82,38,39,'X1P2043DZZB','X1P2043DZZB','','',1,42,NULL,1,NULL,NULL,NULL,NULL,NULL,NULL,0.00,NULL,NULL,NULL,NULL),(83,1,11,'4kW-4p-112M-B5-230/400V','4kW-4p-112M-B5-230/400V','','',1,0,NULL,1,NULL,NULL,NULL,NULL,NULL,NULL,0.00,NULL,NULL,NULL,NULL),(84,3,8,'828-5741','828-5741','','',1,43,76,1,NULL,NULL,NULL,NULL,NULL,NULL,0.00,NULL,NULL,NULL,NULL),(85,3,66,'O500.RR-11096091','O500.RR-11096091','0-8m','0-8m',1,44,77,1,NULL,NULL,NULL,NULL,NULL,NULL,0.00,NULL,NULL,NULL,NULL),(86,71,72,'6639s-446-203 ','6639s-446-203 ','20k, with center pin','20k, középleágazással',1,45,NULL,1,NULL,NULL,NULL,NULL,NULL,NULL,0.00,NULL,NULL,NULL,NULL),(87,6,7,'61808 2RS','61808 2RS','','',1,5,NULL,1,NULL,NULL,NULL,NULL,NULL,NULL,0.00,NULL,NULL,NULL,NULL),(88,13,55,'Econom 01','Econom 01','stroke::300mm, 3800N','löket:::300mm, 3800N',1,46,82,1,NULL,NULL,NULL,NULL,NULL,83,0.00,84,NULL,NULL,NULL),(89,73,74,'Aquasystem VAV 1500 ','Aquasystem VAV 1500 ','','',1,0,85,1,NULL,NULL,NULL,NULL,NULL,NULL,0.00,NULL,NULL,NULL,NULL),(90,60,0,'RACA/C30','RACA/C30','2000l/h, 11,5kW','2000l/h, 11,5kW',1,47,86,1,NULL,NULL,NULL,NULL,NULL,NULL,0.00,NULL,NULL,NULL,NULL),(91,60,0,'CWK110-DW-S','CWK110-DW-S','12.2 kW','12,2kW',1,48,87,2,NULL,NULL,NULL,NULL,NULL,NULL,0.00,NULL,NULL,NULL,NULL),(92,60,0,'SVK640/2-DW','SVK640/2-DW','69.8kW','69,8kW',1,48,88,2,NULL,NULL,NULL,NULL,NULL,NULL,0.00,NULL,NULL,NULL,NULL),(93,38,51,'MHIL904-E-3-400-50-2','MHIL904-E-3-400-50-2','14000l/h','14000l/h',1,49,89,1,NULL,NULL,NULL,NULL,NULL,NULL,0.00,NULL,NULL,NULL,NULL),(94,6,7,'6004-2RS','6004-2RS','20/42*12','20/42*12',1,5,NULL,1,NULL,NULL,NULL,NULL,NULL,NULL,0.00,NULL,NULL,NULL,NULL),(95,1,11,'0,55kW-6p-80M-B14-230/400V','0,55kW-6p-80M-B14-230/400V','930 1/min','930 1/min',1,0,NULL,1,NULL,NULL,NULL,NULL,NULL,NULL,0.00,NULL,NULL,NULL,NULL),(96,3,75,'424A11A120','424A11A120','120° 4-20mA','120° 4-20mA',1,50,132,1,NULL,NULL,NULL,NULL,NULL,NULL,0.00,NULL,NULL,NULL,NULL),(97,70,76,'12B-1','12B-1','3/4\"','3/4\"',2,0,141,1,NULL,NULL,NULL,NULL,NULL,NULL,0.00,NULL,NULL,NULL,NULL),(98,50,78,'LMV52.200B2','LMV52.200B2','','',1,3,NULL,1,NULL,NULL,NULL,NULL,NULL,NULL,0.00,NULL,NULL,NULL,NULL),(99,65,0,'AZL52.00B1','AZL52.00B1','','',1,3,NULL,1,NULL,NULL,NULL,NULL,NULL,NULL,0.00,NULL,NULL,NULL,NULL),(100,71,79,'trk2-30pvd','trk2-30pvd','COFI','COFI',1,0,NULL,1,NULL,NULL,NULL,NULL,NULL,NULL,0.00,NULL,NULL,NULL,NULL),(101,5,61,'64872 engraved','64872 raszter','','',1,0,NULL,2,NULL,1,1,NULL,NULL,NULL,0.00,NULL,NULL,NULL,NULL),(102,80,0,'DUST LED PS 2×T8/150cm','DUST LED PS 2×T8/150cm','','',1,51,146,1,NULL,NULL,NULL,NULL,NULL,NULL,0.00,NULL,NULL,NULL,NULL),(103,49,0,'for radient heater','feketesugárzóhoz','','',1,0,NULL,2,12,NULL,NULL,NULL,NULL,NULL,0.00,NULL,NULL,NULL,NULL),(104,6,7,'6308-2RS','6308-2RS','40/90x23','40/90x23',1,5,NULL,1,NULL,NULL,NULL,NULL,NULL,NULL,0.00,NULL,NULL,NULL,NULL),(105,40,41,'FBF-0101-AD10 040I 11BOM ','FBF-0101-AD10 040I 11BOM ','','',1,15,NULL,1,NULL,NULL,NULL,NULL,NULL,NULL,0.00,NULL,NULL,NULL,NULL),(106,47,81,'P-EBF-V-B01','P-EBF-V-B01','','',1,15,155,1,NULL,NULL,NULL,NULL,NULL,NULL,0.00,NULL,NULL,NULL,NULL),(107,3,4,'D-A93','D-A93','','',1,8,156,1,NULL,NULL,NULL,NULL,NULL,NULL,0.00,NULL,NULL,NULL,NULL),(108,3,4,'NBN4-12GM50-E2-V1','NBN4-12GM50-E2-V1','PNP NO 4mm','PNP NO 4mm',1,55,157,1,0,NULL,NULL,NULL,NULL,NULL,0.00,NULL,NULL,NULL,NULL),(109,1,44,'2KJ3005-1JU22-9FG1-Z EF109-LE160LD4EF-IN','2KJ3005-1JU22-9FG1-Z EF109-LE160LD4EF-IN','','',1,3,158,1,0,NULL,NULL,NULL,NULL,NULL,0.00,NULL,NULL,NULL,NULL),(110,1,44,'2KJ3005-1KL32-9FF1-Z EF109-lES180MM4EF-IN','2KJ3005-1KL32-9FF1-Z EF109-lES180MM4EF-IN','','',1,3,159,1,NULL,NULL,NULL,NULL,NULL,NULL,0.00,NULL,NULL,NULL,NULL),(111,1,44,'2KJ3503-1HJ22-9AA1-Z B49-LE132MF4EF-IN','2KJ3503-1HJ22-9AA1-Z B49-LE132MF4EF-IN','','',1,3,161,1,NULL,NULL,NULL,NULL,NULL,NULL,0.00,NULL,NULL,NULL,NULL),(112,46,0,'MH370','MH370','i=2,5','i=2,5',1,52,162,1,NULL,NULL,NULL,NULL,NULL,NULL,0.00,NULL,NULL,NULL,NULL),(113,1,2,'1PH8 163-1JD02-2BC1-Z NO.YF','1PH8 163-1JD02-2BC1-Z NO.YF','28kW 1350 1/min','28kW 1350 1/min',1,3,163,1,NULL,NULL,NULL,NULL,NULL,164,0.00,NULL,NULL,NULL,NULL),(114,40,41,'GF60M-Rp1','GF60M-Rp1','','',1,53,165,1,NULL,NULL,NULL,NULL,NULL,NULL,0.00,NULL,NULL,NULL,NULL),(115,68,69,'GDJ25R04-4','GDJ25R04-4','','',1,54,166,1,NULL,NULL,NULL,NULL,NULL,NULL,0.00,NULL,NULL,NULL,NULL),(116,3,4,'SI12SS-DC4 PNP NO+NC S','SI12SS-DC4 PNP NO+NC S','4mm','4mm',1,55,170,1,NULL,NULL,NULL,NULL,NULL,NULL,0.00,NULL,NULL,NULL,NULL),(117,3,83,'uc2000-30gm-iur2-v15','uc2000-30gm-iur2-v15','ultrasonic 80-2000mm','ultrahang 80-2000mm',1,55,171,1,0,NULL,NULL,NULL,NULL,NULL,0.00,NULL,NULL,NULL,NULL),(118,3,83,'ub2000-f42s-e5-v15','ub2000-f42s-e5-v15','ultrasonic 60-2000mm','ultrahang 60-2000mm',1,55,172,1,NULL,NULL,NULL,NULL,NULL,NULL,0.00,NULL,NULL,NULL,NULL),(119,3,8,'TMK-984-7-D-LED','TMK-984-7-D-LED','diff. 4-20mA 50kPa','diff. 4-20mA 50kPa',1,57,173,1,NULL,NULL,NULL,NULL,NULL,NULL,0.00,NULL,NULL,NULL,NULL),(120,3,8,'S-11','S-11','0,1bar 4-20mA 1\"','0,1bar 4-20mA 1\"',1,58,174,1,NULL,NULL,NULL,NULL,NULL,NULL,0.00,NULL,NULL,NULL,NULL),(121,3,83,'3RG6113-3GF00-PF','3RG6113-3GF00-PF','200-1300mm','200-1300mm',1,55,175,1,NULL,NULL,NULL,NULL,NULL,NULL,0.00,NULL,NULL,NULL,NULL),(122,3,4,'DH-20','DH-200','magnetic','mágneses',1,59,176,1,NULL,NULL,NULL,NULL,NULL,NULL,0.00,NULL,NULL,NULL,NULL),(123,1,44,'2KJ3004-1JH22-9AA1-ZE89-LE160ML6EF-IN','2KJ3004-1JH22-9AA1-ZE89-LE160ML6EF-IN','7,5kW i=1,3','7,5kW i=1,3',1,3,NULL,1,NULL,NULL,NULL,NULL,NULL,NULL,0.00,NULL,NULL,NULL,NULL),(124,68,84,'S50-1300-01R','S50-1300-01R','right hand','jobbos',1,60,177,1,NULL,NULL,NULL,NULL,NULL,NULL,0.00,NULL,NULL,NULL,NULL),(125,1,44,'2KJ3110-1KN32-9FG1-Z ZF109-LES180ZLJ4EF-IN','2KJ3110-1KN32-9FG1-Z ZF109-LES180ZLJ4EF-IN','22kW','22kW',1,3,NULL,1,NULL,NULL,NULL,NULL,NULL,NULL,0.00,NULL,NULL,NULL,NULL),(126,1,44,'2KJ3005-1JV22-9FF1-Z EF109-LE160LL6EF-IN','2KJ3005-1JV22-9FF1-Z EF109-LE160LL6EF-IN','11kW i=2,71','11kW i=2,71',1,3,NULL,1,NULL,NULL,NULL,NULL,NULL,NULL,0.00,NULL,NULL,NULL,NULL),(127,24,26,'VBA10A-F02GN','VBA10A-F02GN','booster','nyomásfokozó',1,8,182,1,NULL,NULL,NULL,NULL,NULL,NULL,0.00,NULL,NULL,NULL,NULL);
/*!40000 ALTER TABLE `products` ENABLE KEYS */;
UNLOCK TABLES;

--
-- Table structure for table `received_messages`
--

DROP TABLE IF EXISTS `received_messages`;
/*!40101 SET @saved_cs_client     = @@character_set_client */;
/*!40101 SET character_set_client = utf8 */;
CREATE TABLE `received_messages` (
  `message_id` int(11) NOT NULL AUTO_INCREMENT,
  `message_type` tinyint(2) unsigned NOT NULL,
  `received_message` smallint(4) unsigned NOT NULL,
  `sensor_id` smallint(3) unsigned NOT NULL,
  `message_time` datetime NOT NULL DEFAULT CURRENT_TIMESTAMP,
  `user_id` smallint(3) unsigned NOT NULL,
  `user_id_who_checked` smallint(3) unsigned NOT NULL DEFAULT '0',
  `checking_time` varchar(45) COLLATE utf8mb4_unicode_ci DEFAULT NULL,
  `ip` varchar(15) COLLATE utf8mb4_unicode_ci NOT NULL,
  `sensor_value` float(6,2) DEFAULT NULL,
  PRIMARY KEY (`message_id`),
  UNIQUE KEY `messages_id_UNIQUE` (`message_id`)
) ENGINE=InnoDB DEFAULT CHARSET=utf8mb4 COLLATE=utf8mb4_unicode_ci;
/*!40101 SET character_set_client = @saved_cs_client */;

--
-- Dumping data for table `received_messages`
--

LOCK TABLES `received_messages` WRITE;
/*!40000 ALTER TABLE `received_messages` DISABLE KEYS */;
/*!40000 ALTER TABLE `received_messages` ENABLE KEYS */;
UNLOCK TABLES;

--
-- Table structure for table `stock`
--

DROP TABLE IF EXISTS `stock`;
/*!40101 SET @saved_cs_client     = @@character_set_client */;
/*!40101 SET character_set_client = utf8 */;
CREATE TABLE `stock` (
  `stock_id` int(10) unsigned NOT NULL AUTO_INCREMENT,
  `product_id` smallint(4) unsigned NOT NULL,
  `product_category_id` smallint(4) unsigned NOT NULL,
  `product_subcategory_id` smallint(4) NOT NULL,
  `stock_location_id` smallint(4) unsigned NOT NULL,
  `stock_location_asset_id` smallint(4) unsigned DEFAULT NULL,
  `stock_location_partner_id` smallint(4) unsigned DEFAULT NULL,
  `stock_quantity` float(8,2) unsigned NOT NULL,
  `stock_place` varchar(45) DEFAULT NULL,
  `item_created` datetime NOT NULL,
  PRIMARY KEY (`stock_id`),
  UNIQUE KEY `stock_id_UNIQUE` (`stock_id`)
) ENGINE=InnoDB AUTO_INCREMENT=24 DEFAULT CHARSET=utf8;
/*!40101 SET character_set_client = @saved_cs_client */;

--
-- Dumping data for table `stock`
--

LOCK TABLES `stock` WRITE;
/*!40000 ALTER TABLE `stock` DISABLE KEYS */;
INSERT INTO `stock` VALUES (1,58,5,61,0,142,NULL,1.00,'','2019-09-09 14:58:41'),(2,60,5,63,9,NULL,NULL,1.00,'','2019-09-12 06:48:52'),(3,61,5,63,9,0,NULL,1.00,'','2019-09-12 06:50:46'),(4,59,5,63,0,143,NULL,1.00,'','2019-09-18 11:04:12'),(5,57,5,61,9,0,0,1.00,'','2019-09-18 11:06:13'),(6,65,5,61,9,NULL,0,1.00,'','2019-10-03 08:34:27'),(7,78,5,63,0,48,NULL,1.00,'','2019-11-20 07:15:20'),(8,77,5,63,4,NULL,0,1.00,'','2019-11-20 11:51:06'),(9,86,71,72,12,NULL,NULL,0.00,'','2019-12-03 09:49:39'),(10,103,49,0,13,NULL,0,1.00,'','2020-01-28 11:44:43'),(11,101,5,61,0,0,NULL,1.00,'','2020-01-29 09:10:26'),(12,10,3,4,23,NULL,NULL,1.00,'szenzorok','2020-02-05 07:51:52'),(13,9,3,4,23,NULL,NULL,1.00,'szenzorok','2020-02-05 13:47:58'),(14,107,57,82,23,NULL,NULL,2.00,'szenzorok','2020-02-05 13:54:58'),(15,108,3,4,23,NULL,NULL,3.00,'szenzorok','2020-02-11 10:38:45'),(16,116,3,4,23,NULL,NULL,2.00,'szenzorok','2020-02-11 13:52:01'),(17,117,3,83,23,NULL,NULL,2.00,'szenzorok','2020-02-11 14:05:05'),(18,118,3,83,23,NULL,NULL,1.00,'szenzorok','2020-02-11 14:14:00'),(19,119,3,8,23,NULL,NULL,1.00,'szenzorok','2020-02-11 14:22:43'),(20,120,3,8,23,NULL,NULL,1.00,'szenzorok','2020-02-12 10:07:50'),(21,121,3,83,23,NULL,NULL,1.00,'szenzorok','2020-02-12 10:17:35'),(22,122,3,4,23,NULL,NULL,1.00,'szenzorok','2020-02-12 10:32:48'),(23,127,24,26,12,NULL,NULL,0.00,'','2020-02-14 11:28:54');
/*!40000 ALTER TABLE `stock` ENABLE KEYS */;
UNLOCK TABLES;

--
-- Table structure for table `stock_movements`
--

DROP TABLE IF EXISTS `stock_movements`;
/*!40101 SET @saved_cs_client     = @@character_set_client */;
/*!40101 SET character_set_client = utf8 */;
CREATE TABLE `stock_movements` (
  `stock_movement_id` int(10) unsigned NOT NULL AUTO_INCREMENT,
  `to_partner_id` smallint(3) unsigned DEFAULT '0',
  `workorder_id` smallint(6) unsigned DEFAULT '0',
  `stock_movement_quantity` float(7,2) NOT NULL,
  `product_id` smallint(6) unsigned NOT NULL,
  `to_asset_id` smallint(4) unsigned DEFAULT '0',
  `from_asset_id` smallint(4) unsigned DEFAULT NULL,
  `stock_movement_time` datetime NOT NULL DEFAULT CURRENT_TIMESTAMP,
  `from_partner_id` smallint(3) unsigned DEFAULT '0',
  `from_stock_location_id` smallint(3) unsigned DEFAULT '0',
  `to_stock_location_id` smallint(3) unsigned DEFAULT '0',
  PRIMARY KEY (`stock_movement_id`),
  UNIQUE KEY `stock_movements_id_UNIQUE` (`stock_movement_id`)
) ENGINE=InnoDB AUTO_INCREMENT=70 DEFAULT CHARSET=utf8;
/*!40101 SET character_set_client = @saved_cs_client */;

--
-- Dumping data for table `stock_movements`
--

LOCK TABLES `stock_movements` WRITE;
/*!40000 ALTER TABLE `stock_movements` DISABLE KEYS */;
INSERT INTO `stock_movements` VALUES (1,0,0,1.00,58,0,NULL,'2019-09-09 14:58:42',1,0,9),(2,0,0,1.00,60,0,NULL,'2019-09-12 06:48:52',1,0,9),(3,0,0,1.00,61,0,NULL,'2019-09-12 06:50:46',1,0,9),(4,0,1,1.00,59,0,143,'2019-09-17 09:00:00',0,0,9),(5,0,1,1.00,61,143,NULL,'2019-09-17 13:00:00',0,9,0),(6,0,2,1.00,57,0,142,'2019-09-17 13:00:00',0,0,9),(7,0,2,1.00,58,142,NULL,'2019-09-17 13:00:00',0,9,0),(8,0,3,1.00,61,0,143,'2019-09-18 09:00:00',0,0,9),(9,0,3,1.00,59,143,NULL,'2019-09-18 09:00:00',0,9,0),(10,0,0,1.00,65,0,NULL,'2019-10-03 08:34:27',1,0,9),(11,2,4,1.00,57,0,NULL,'2019-10-03 08:49:40',0,9,0),(12,2,5,1.00,65,0,NULL,'2019-10-03 08:49:40',0,9,0),(13,0,6,1.00,59,0,143,'2019-10-29 11:00:00',0,0,9),(14,0,6,1.00,61,143,NULL,'2019-10-29 11:00:00',0,9,0),(15,0,7,1.00,61,0,143,'2019-10-30 13:05:00',0,0,9),(16,0,7,1.00,59,143,NULL,'2019-10-30 13:05:00',0,9,0),(17,0,0,1.00,78,0,NULL,'2019-11-20 07:15:20',1,0,4),(18,0,9,1.00,77,0,48,'2019-11-20 11:00:00',0,0,4),(19,0,9,1.00,78,48,NULL,'2019-11-20 11:00:00',0,4,0),(20,0,4,1.00,57,0,NULL,'2019-12-02 14:55:07',0,0,9),(21,0,5,1.00,65,0,NULL,'2019-12-02 14:56:00',0,0,9),(22,0,0,2.00,86,0,NULL,'2019-12-03 09:49:39',3,0,12),(23,0,12,1.00,86,150,NULL,'2019-12-03 09:50:12',0,12,0),(24,0,11,1.00,59,0,143,'2019-12-03 10:00:00',0,0,9),(25,0,11,1.00,61,143,NULL,'2019-12-03 10:00:00',0,9,0),(26,0,14,1.00,61,0,143,'2019-12-04 10:00:00',0,0,9),(27,0,14,1.00,59,143,NULL,'2019-12-04 10:00:00',0,9,0),(28,4,15,1.00,77,0,NULL,'2019-12-05 06:16:15',0,4,0),(29,4,15,1.00,77,0,NULL,'2020-01-09 06:17:24',0,4,0),(30,4,15,1.00,77,0,NULL,'2020-01-09 06:17:41',0,4,0),(31,0,15,1.00,77,0,NULL,'2020-01-09 06:18:31',0,0,4),(40,0,17,1.00,58,0,142,'2020-01-09 11:00:00',0,0,9),(41,0,17,1.00,57,142,NULL,'2020-01-09 11:00:00',0,9,0),(42,0,19,1.00,57,0,142,'2020-01-13 13:30:00',0,0,9),(43,0,19,1.00,58,142,NULL,'2020-01-13 13:30:00',0,9,0),(44,0,29,1.00,59,0,143,'2020-01-20 12:00:00',0,0,9),(45,0,29,1.00,61,143,NULL,'2020-01-20 12:00:00',0,9,0),(46,0,40,1.00,61,0,143,'2020-01-21 14:00:00',0,0,9),(47,0,40,1.00,59,143,NULL,'2020-01-21 14:00:00',0,9,0),(48,0,0,1.00,103,0,NULL,'2020-01-28 11:44:43',1,0,12),(49,0,174,1.00,103,0,NULL,'2020-01-28 12:33:36',0,0,433),(50,0,174,1.00,103,0,NULL,'2020-01-29 08:41:36',0,0,433),(51,0,181,1.00,101,0,435,'2020-01-22 14:00:00',0,0,9),(52,0,181,1.00,57,435,NULL,'2020-01-22 14:00:00',0,9,0),(53,0,225,1.00,57,0,435,'2020-01-30 12:00:00',0,0,9),(54,0,225,1.00,101,435,NULL,'2020-01-30 12:00:00',0,9,0),(55,0,0,2.00,10,0,NULL,'2020-02-05 07:51:52',7,0,23),(56,0,254,1.00,10,538,NULL,'2020-02-05 07:58:23',0,23,0),(57,0,13,1.00,86,200,NULL,'2020-02-05 11:31:30',0,12,0),(58,0,0,1.00,9,0,NULL,'2020-02-05 13:47:59',7,0,23),(59,0,0,2.00,107,0,NULL,'2020-02-05 13:54:58',8,0,23),(60,0,0,3.00,108,0,NULL,'2020-02-11 10:38:45',7,0,23),(61,0,0,2.00,116,0,NULL,'2020-02-11 13:52:01',9,0,23),(62,0,0,2.00,117,0,NULL,'2020-02-11 14:05:06',7,0,23),(63,0,0,1.00,118,0,NULL,'2020-02-11 14:14:00',7,0,23),(64,0,0,1.00,119,0,NULL,'2020-02-11 14:22:43',1,0,23),(65,0,0,1.00,120,0,NULL,'2020-02-12 10:07:50',1,0,23),(66,0,0,1.00,121,0,NULL,'2020-02-12 10:17:35',1,0,23),(67,0,0,1.00,122,0,NULL,'2020-02-12 10:32:48',1,0,23),(68,0,0,1.00,127,0,NULL,'2020-02-14 11:28:54',8,0,12),(69,0,304,1.00,127,593,NULL,'2020-02-14 11:29:16',0,12,0);
/*!40000 ALTER TABLE `stock_movements` ENABLE KEYS */;
UNLOCK TABLES;

--
-- Table structure for table `telegram_messages`
--

DROP TABLE IF EXISTS `telegram_messages`;
/*!40101 SET @saved_cs_client     = @@character_set_client */;
/*!40101 SET character_set_client = utf8 */;
CREATE TABLE `telegram_messages` (
  `message_id` int(10) unsigned NOT NULL AUTO_INCREMENT,
  `status` tinyint(1) unsigned NOT NULL DEFAULT '0',
  `user_id` smallint(3) unsigned NOT NULL,
  `sensor_id` smallint(4) unsigned NOT NULL,
  `sending_time` datetime DEFAULT NULL,
  `received_message` smallint(3) NOT NULL,
  `received_time` datetime NOT NULL DEFAULT CURRENT_TIMESTAMP,
  `sensor_value` float(6,2) DEFAULT NULL,
  `notification_id` int(10) NOT NULL DEFAULT '0',
  PRIMARY KEY (`message_id`),
  UNIQUE KEY `message_id_UNIQUE` (`message_id`)
) ENGINE=InnoDB DEFAULT CHARSET=utf8mb4 COLLATE=utf8mb4_unicode_ci;
/*!40101 SET character_set_client = @saved_cs_client */;

--
-- Dumping data for table `telegram_messages`
--

LOCK TABLES `telegram_messages` WRITE;
/*!40000 ALTER TABLE `telegram_messages` DISABLE KEYS */;
/*!40000 ALTER TABLE `telegram_messages` ENABLE KEYS */;
UNLOCK TABLES;

--
-- Table structure for table `units`
--

DROP TABLE IF EXISTS `units`;
/*!40101 SET @saved_cs_client     = @@character_set_client */;
/*!40101 SET character_set_client = utf8 */;
CREATE TABLE `units` (
  `unit_id` int(11) NOT NULL AUTO_INCREMENT,
  `unit_en` varchar(15) NOT NULL,
  `unit_hu` varchar(15) DEFAULT NULL,
  PRIMARY KEY (`unit_id`)
) ENGINE=InnoDB AUTO_INCREMENT=6 DEFAULT CHARSET=utf8;
/*!40101 SET character_set_client = @saved_cs_client */;

--
-- Dumping data for table `units`
--

LOCK TABLES `units` WRITE;
/*!40000 ALTER TABLE `units` DISABLE KEYS */;
INSERT INTO `units` VALUES (1,'pcs','db'),(2,'m','m'),(3,'kg','kg'),(4,'mm','mm'),(5,'h','óra');
/*!40000 ALTER TABLE `units` ENABLE KEYS */;
UNLOCK TABLES;

--
-- Table structure for table `user_levels`
--

DROP TABLE IF EXISTS `user_levels`;
/*!40101 SET @saved_cs_client     = @@character_set_client */;
/*!40101 SET character_set_client = utf8 */;
CREATE TABLE `user_levels` (
  `user_level_id` int(11) NOT NULL AUTO_INCREMENT,
  `user_level_en` varchar(45) CHARACTER SET utf8 NOT NULL,
  `user_level_hu` varchar(45) CHARACTER SET utf8 DEFAULT NULL,
  PRIMARY KEY (`user_level_id`)
) ENGINE=InnoDB AUTO_INCREMENT=5 DEFAULT CHARSET=utf8 COLLATE=utf8_hungarian_ci;
/*!40101 SET character_set_client = @saved_cs_client */;

--
-- Dumping data for table `user_levels`
--

LOCK TABLES `user_levels` WRITE;
/*!40000 ALTER TABLE `user_levels` DISABLE KEYS */;
INSERT INTO `user_levels` VALUES (1,'system admin','rendszeradminisztrátor'),(2,'manager','vezető'),(3,'technician','karbantartó'),(4,'operator','gépkezelő');
/*!40000 ALTER TABLE `user_levels` ENABLE KEYS */;
UNLOCK TABLES;

--
-- Table structure for table `users`
--

DROP TABLE IF EXISTS `users`;
/*!40101 SET @saved_cs_client     = @@character_set_client */;
/*!40101 SET character_set_client = utf8 */;
CREATE TABLE `users` (
  `user_id` int(10) unsigned NOT NULL AUTO_INCREMENT,
  `username` varchar(20) COLLATE utf8_hungarian_ci NOT NULL,
  `firstname` varchar(45) COLLATE utf8_hungarian_ci NOT NULL,
  `surname` varchar(45) COLLATE utf8_hungarian_ci NOT NULL,
  `firstname_is_first` tinyint(1) unsigned DEFAULT NULL,
  `password` varchar(255) CHARACTER SET utf8 NOT NULL,
  `user_level` tinyint(3) unsigned NOT NULL COMMENT '1: operator can create a work request\n',
  `user_email` varchar(45) CHARACTER SET utf8 DEFAULT NULL,
  `user_phone` varchar(14) COLLATE utf8_hungarian_ci DEFAULT NULL,
  `user_parent_id` tinyint(3) unsigned DEFAULT '0',
  `user_created` datetime NOT NULL DEFAULT '2000-01-01 12:00:00',
  `last_login` datetime NOT NULL DEFAULT '2000-01-01 12:00:00',
  `active` tinyint(1) unsigned NOT NULL,
  `ADD_WORKORDER` bit(1) NOT NULL DEFAULT b'0',
  `SEE_WORKORDERS` bit(1) NOT NULL DEFAULT b'0',
  `SEE_WORKORDER_DETAIL` bit(1) NOT NULL DEFAULT b'0',
  `MODIFY_WORKORDER` bit(1) NOT NULL DEFAULT b'0',
  `DELETE_WORKORDER` bit(1) NOT NULL DEFAULT b'0',
  `ADD_FILE_TO_WORKORDER` bit(1) NOT NULL DEFAULT b'0',
  `SEE_FILE_OF_WORKORDER` bit(1) NOT NULL DEFAULT b'0',
  `SEE_CONF_FILE_OF_WORKORDER` bit(1) NOT NULL DEFAULT b'0',
  `DELETE_FILE_OF_WORKORDER` bit(1) NOT NULL DEFAULT b'0',
  `SEE_STATS_OF_WORKORDERS` bit(1) NOT NULL DEFAULT b'0',
  `ADD_WORK` bit(1) NOT NULL DEFAULT b'0',
  `SEE_WORKS` bit(1) NOT NULL DEFAULT b'0',
  `SEE_WORK_DETAIL` bit(1) NOT NULL DEFAULT b'0',
  `MODIFY_WORK` bit(1) NOT NULL DEFAULT b'0',
  `DELETE_WORK` bit(1) NOT NULL DEFAULT b'0',
  `ADD_FILE_TO_WORK` bit(1) NOT NULL DEFAULT b'0',
  `SEE_FILE_OF_WORK` bit(1) NOT NULL DEFAULT b'0',
  `SEE_CONF_FILE_OF_WORK` bit(1) NOT NULL DEFAULT b'0',
  `DELETE_FILE_OF_WORK` bit(1) NOT NULL DEFAULT b'0',
  `SEE_STATS_OF_WORKS` bit(1) NOT NULL DEFAULT b'0',
  `ADD_WORKREQUEST` bit(1) NOT NULL DEFAULT b'0',
  `SEE_WORKREQUESTS` bit(1) NOT NULL DEFAULT b'0',
  `SEE_WORKREQUEST_DETAIL` bit(1) NOT NULL DEFAULT b'0',
  `MODIFY_WORKREQUEST` bit(1) NOT NULL DEFAULT b'0',
  `DELETE_WORKREQUEST` bit(1) NOT NULL DEFAULT b'0',
  `ADD_FILE_TO_WORKREQUEST` bit(1) NOT NULL DEFAULT b'0',
  `SEE_FILE_OF_WORKREQUEST` bit(1) NOT NULL DEFAULT b'0',
  `SEE_CONF_FILE_OF_WORKREQUEST` bit(1) NOT NULL DEFAULT b'0',
  `DELETE_FILE_OF_WORKREQUEST` bit(1) NOT NULL DEFAULT b'0',
  `SEE_STATS_OF_WORKREQUESTS` bit(1) NOT NULL DEFAULT b'0',
  `ADD_ASSET` bit(1) NOT NULL DEFAULT b'0',
  `SEE_ASSETS` bit(1) NOT NULL DEFAULT b'0',
  `SEE_ASSET_DETAIL` bit(1) NOT NULL DEFAULT b'0',
  `MODIFY_ASSET` bit(1) NOT NULL DEFAULT b'0',
  `DELETE_ASSET` bit(1) NOT NULL DEFAULT b'0',
  `ADD_FILE_TO_ASSET` bit(1) NOT NULL DEFAULT b'0',
  `SEE_FILE_OF_ASSET` bit(1) NOT NULL DEFAULT b'0',
  `SEE_CONF_FILE_OF_ASSET` bit(1) NOT NULL DEFAULT b'0',
  `DELETE_FILE_OF_ASSET` bit(1) NOT NULL DEFAULT b'0',
  `ADD_LOCATION` bit(1) NOT NULL DEFAULT b'0',
  `SEE_LOCATIONS` bit(1) NOT NULL DEFAULT b'0',
  `SEE_LOCATION_DETAIL` bit(1) NOT NULL DEFAULT b'0',
  `MODIFY_LOCATION` bit(1) NOT NULL DEFAULT b'0',
  `DELETE_LOCATION` bit(1) NOT NULL DEFAULT b'0',
  `ADD_FILE_TO_LOCATION` bit(1) NOT NULL DEFAULT b'0',
  `SEE_FILE_OF_LOCATION` bit(1) NOT NULL DEFAULT b'0',
  `SEE_CONF_FILE_OF_LOCATION` bit(1) NOT NULL DEFAULT b'0',
  `DELETE_FILE_OF_LOCATION` bit(1) NOT NULL DEFAULT b'0',
  `ADD_USER` bit(1) NOT NULL DEFAULT b'0',
  `SEE_USERS` bit(1) NOT NULL DEFAULT b'0',
  `SEE_USER_DETAIL` bit(1) NOT NULL DEFAULT b'0',
  `MODIFY_USER` bit(1) NOT NULL DEFAULT b'0',
  `DELETE_USER` bit(1) NOT NULL DEFAULT b'0',
  `ADD_FILE_TO_USER` bit(1) NOT NULL DEFAULT b'0',
  `SEE_FILE_OF_USER` bit(1) NOT NULL DEFAULT b'0',
  `SEE_CONF_FILE_OF_USER` bit(1) NOT NULL DEFAULT b'0',
  `DELETE_FILE_OF_USER` bit(1) NOT NULL DEFAULT b'0',
  `SEE_STATS_OF_USERS` bit(1) NOT NULL DEFAULT b'0',
  `PUT_PRODUCT_INTO_STOCK` bit(1) NOT NULL DEFAULT b'0',
  `TAKE_PRODUCT_FROM_STOCK` bit(1) NOT NULL DEFAULT b'0',
  `DELETE_PRODUCT` bit(1) NOT NULL DEFAULT b'0',
  `SEE_STOCK` bit(1) NOT NULL DEFAULT b'0',
  `STOCK-TAKING` bit(1) NOT NULL DEFAULT b'0',
  `SEE_PRODUCT_MOVING` bit(1) NOT NULL DEFAULT b'0',
  `ADD_CATEGORY` bit(1) NOT NULL DEFAULT b'0',
  `SEE_CATEGORY` bit(1) NOT NULL DEFAULT b'0',
  `MODIFY_CATEGORY` bit(1) NOT NULL DEFAULT b'0',
  `DELETE_CATEGORY` bit(1) NOT NULL DEFAULT b'0',
  `ADD_PRODUCT` bit(1) NOT NULL DEFAULT b'0',
  `SEE_PRODUCTS` bit(1) NOT NULL DEFAULT b'0',
  `SEE_PRODUCT_DETAIL` bit(1) NOT NULL DEFAULT b'0',
  `MODIFY_PRODUCT` bit(1) NOT NULL DEFAULT b'0',
  `ADD_FILE_TO_PRODUCT` bit(1) NOT NULL DEFAULT b'0',
  `SEE_FILE_OF_PRODUCT` bit(1) NOT NULL DEFAULT b'0',
  `SEE_CONF_FILE_OF_PRODUCT` bit(1) NOT NULL DEFAULT b'0',
  `DELETE_FILE_OF_PRODUCT` bit(1) NOT NULL DEFAULT b'0',
  `SEE_PRICES` bit(1) NOT NULL DEFAULT b'0',
  `ADD_PARTNER` bit(1) NOT NULL DEFAULT b'0',
  `SEE_PARTNERS` bit(1) NOT NULL DEFAULT b'0',
  `SEE_PARTNER_DETAIL` bit(1) NOT NULL DEFAULT b'0',
  `MODIFY_PARTNER` bit(1) NOT NULL DEFAULT b'0',
  `DELETE_PARTNER` bit(1) NOT NULL DEFAULT b'0',
  `SEE_FILE_OF_PARTNER` bit(1) NOT NULL DEFAULT b'0',
  `SEE_CONF_FILE_OF_PARTNER` bit(1) NOT NULL DEFAULT b'0',
  `DELETE_FILE_OF_PARTNER` bit(1) NOT NULL DEFAULT b'0',
  `ADD_COUNTER` bit(1) NOT NULL DEFAULT b'0',
  `SEE_COUNTER` bit(1) NOT NULL DEFAULT b'0',
  `ADD_COUNTER_VALUE` bit(1) NOT NULL DEFAULT b'0',
  `MODIFY_COUNTER_VALUE` bit(1) NOT NULL DEFAULT b'0',
  `DELETE_COUNTER` bit(1) NOT NULL DEFAULT b'0',
  `DELETE_COUNTER_VALUE` bit(1) NOT NULL DEFAULT b'0',
  `ADD_PRODUCT_WORKORDER` bit(1) NOT NULL DEFAULT b'0',
  `WRITE_MESSAGE` bit(1) NOT NULL DEFAULT b'0',
  `SEE_MESSAGE` bit(1) NOT NULL DEFAULT b'0',
  `ADD_FILE_TO_MESSAGE` bit(1) NOT NULL DEFAULT b'0',
  `SEE_FILE_OF_PRODUCT_MOVING` bit(1) NOT NULL DEFAULT b'0',
  `ADD_FILE_TO_PRODUCT_MOVING` bit(1) NOT NULL DEFAULT b'0',
  `ADD_CONNECTION_TO_ASSET` bit(1) NOT NULL DEFAULT b'0',
  `ADD_NEW_CONNECTION_TYPE` bit(1) NOT NULL DEFAULT b'0',
  `SEE_CONNECTION_TYPE` bit(1) NOT NULL DEFAULT b'0',
  `SEE_CONNECTION_OF_ASSET` bit(1) NOT NULL DEFAULT b'0',
  `SEE_CONNECTION_OF_PRODUCT` bit(1) NOT NULL DEFAULT b'0',
  `ADD_CONNECTION_TO_PRODUCT` bit(1) NOT NULL DEFAULT b'0',
  PRIMARY KEY (`user_id`),
  UNIQUE KEY `userid_UNIQUE` (`user_id`),
  UNIQUE KEY `username_UNIQUE` (`username`)
) ENGINE=InnoDB AUTO_INCREMENT=5 DEFAULT CHARSET=utf8 COLLATE=utf8_hungarian_ci;
/*!40101 SET character_set_client = @saved_cs_client */;

--
-- Dumping data for table `users`
--

LOCK TABLES `users` WRITE;
/*!40000 ALTER TABLE `users` DISABLE KEYS */;
INSERT INTO `users` VALUES (1,'antal','Antal','Veres',NULL,'$2y$10$8KxbllqxYcHpLXyF3Dz3/.kmGZ0JJv4mLJ7T.uSVVebQ71EpIeaR6',1,'veres.antal@budaval.hu',NULL,3,'2000-01-01 00:00:00','2000-01-01 00:00:00',1,_binary '',_binary '',_binary '',_binary '',_binary '',_binary '',_binary '',_binary '',_binary '',_binary '',_binary '',_binary '',_binary '',_binary '',_binary '',_binary '',_binary '',_binary '',_binary '',_binary '',_binary '',_binary '',_binary '',_binary '',_binary '',_binary '',_binary '',_binary '',_binary '',_binary '',_binary '',_binary '',_binary '',_binary '',_binary '',_binary '',_binary '',_binary '',_binary '',_binary '',_binary '',_binary '',_binary '',_binary '',_binary '',_binary '',_binary '',_binary '',_binary '',_binary '',_binary '',_binary '',_binary '',_binary '',_binary '',_binary '',_binary '',_binary '',_binary '',_binary '',_binary '',_binary '',_binary '',_binary '',_binary '',_binary '',_binary '',_binary '',_binary '',_binary '',_binary '',_binary '',_binary '',_binary '',_binary '',_binary '',_binary '',_binary '',_binary '',_binary '',_binary '',_binary '',_binary '',_binary '',_binary '',_binary '',_binary '',_binary '',_binary '',_binary '',_binary '',_binary '',_binary '',_binary '',_binary '',_binary '',_binary '',_binary '',_binary '',_binary '',_binary '',_binary '',_binary ''),(2,'Potesz','János','Potesz',NULL,'$2y$10$PeJjfppL0e5Y7ZAnM.onmuZHkTxjxLOCY6JbPUfuSh1D.hGjW8YVq',3,'potesz@budaval.hu','3620151522',1,'2000-01-01 00:00:00','2000-01-01 00:00:00',1,_binary '\0',_binary '',_binary '',_binary '\0',_binary '\0',_binary '\0',_binary '',_binary '\0',_binary '\0',_binary '\0',_binary '',_binary '',_binary '',_binary '',_binary '',_binary '',_binary '',_binary '',_binary '',_binary '',_binary '\0',_binary '',_binary '',_binary '\0',_binary '\0',_binary '\0',_binary '',_binary '\0',_binary '\0',_binary '',_binary '\0',_binary '',_binary '',_binary '\0',_binary '\0',_binary '\0',_binary '',_binary '\0',_binary '\0',_binary '\0',_binary '',_binary '',_binary '\0',_binary '\0',_binary '',_binary '',_binary '',_binary '',_binary '\0',_binary '\0',_binary '\0',_binary '\0',_binary '\0',_binary '\0',_binary '',_binary '\0',_binary '',_binary '\0',_binary '\0',_binary '',_binary '\0',_binary '',_binary '',_binary '',_binary '\0',_binary '\0',_binary '\0',_binary '\0',_binary '\0',_binary '',_binary '',_binary '\0',_binary '\0',_binary '',_binary '\0',_binary '\0',_binary '\0',_binary '\0',_binary '\0',_binary '\0',_binary '\0',_binary '',_binary '\0',_binary '\0',_binary '',_binary '\0',_binary '',_binary '',_binary '',_binary '\0',_binary '',_binary '\0',_binary '\0',_binary '\0',_binary '',_binary '\0',_binary '\0',_binary '\0',_binary '\0',_binary '\0',_binary '\0',_binary '\0',_binary '\0'),(3,'Ottó','Ottó','Gémesi',NULL,'$2y$10$1mjuKQ3G9HQp4.CnQC3SO.EehQ5mFFdW2qGuIzreV/Muhz0WA5oym',2,'gemesi.otto@budaval.hu','36309242179',0,'2019-07-16 14:25:25','2000-01-01 12:00:00',1,_binary '',_binary '',_binary '',_binary '',_binary '',_binary '',_binary '',_binary '',_binary '',_binary '',_binary '',_binary '',_binary '',_binary '',_binary '',_binary '',_binary '',_binary '',_binary '',_binary '',_binary '',_binary '',_binary '',_binary '',_binary '',_binary '',_binary '',_binary '',_binary '',_binary '',_binary '',_binary '',_binary '',_binary '',_binary '',_binary '',_binary '',_binary '',_binary '',_binary '',_binary '',_binary '',_binary '',_binary '',_binary '',_binary '',_binary '',_binary '',_binary '',_binary '',_binary '',_binary '',_binary '',_binary '',_binary '',_binary '',_binary '',_binary '',_binary '',_binary '',_binary '',_binary '',_binary '',_binary '',_binary '',_binary '',_binary '',_binary '',_binary '',_binary '',_binary '',_binary '',_binary '',_binary '',_binary '',_binary '',_binary '',_binary '',_binary '',_binary '',_binary '',_binary '',_binary '',_binary '',_binary '',_binary '',_binary '',_binary '',_binary '',_binary '',_binary '',_binary '',_binary '\0',_binary '\0',_binary '',_binary '',_binary '',_binary '',_binary '\0',_binary '\0',_binary '',_binary '',_binary ''),(4,'Jani','János','Kis',NULL,'$2y$10$9QRSWHo/m4py8m05vW0/9uWFaGYEvz0/FXC73IclKGIFvGzm5UN1W',3,'','',1,'2019-09-18 08:06:15','2000-01-01 12:00:00',1,_binary '\0',_binary '',_binary '',_binary '\0',_binary '\0',_binary '\0',_binary '\0',_binary '\0',_binary '\0',_binary '',_binary '',_binary '',_binary '',_binary '',_binary '\0',_binary '',_binary '',_binary '\0',_binary '\0',_binary '',_binary '\0',_binary '',_binary '',_binary '\0',_binary '\0',_binary '\0',_binary '\0',_binary '\0',_binary '\0',_binary '\0',_binary '\0',_binary '',_binary '',_binary '\0',_binary '\0',_binary '\0',_binary '\0',_binary '\0',_binary '\0',_binary '\0',_binary '\0',_binary '\0',_binary '\0',_binary '\0',_binary '\0',_binary '\0',_binary '\0',_binary '\0',_binary '\0',_binary '\0',_binary '\0',_binary '\0',_binary '\0',_binary '\0',_binary '\0',_binary '\0',_binary '\0',_binary '\0',_binary '\0',_binary '',_binary '\0',_binary '',_binary '',_binary '',_binary '\0',_binary '\0',_binary '\0',_binary '\0',_binary '\0',_binary '',_binary '',_binary '\0',_binary '',_binary '\0',_binary '\0',_binary '\0',_binary '\0',_binary '\0',_binary '',_binary '',_binary '\0',_binary '\0',_binary '\0',_binary '\0',_binary '\0',_binary '\0',_binary '',_binary '',_binary '',_binary '\0',_binary '\0',_binary '',_binary '\0',_binary '\0',_binary '\0',_binary '\0',_binary '\0',_binary '\0',_binary '\0',_binary '',_binary '',_binary '\0',_binary '\0');
/*!40000 ALTER TABLE `users` ENABLE KEYS */;
UNLOCK TABLES;

--
-- Table structure for table `workorder_works`
--

DROP TABLE IF EXISTS `workorder_works`;
/*!40101 SET @saved_cs_client     = @@character_set_client */;
/*!40101 SET character_set_client = utf8 */;
CREATE TABLE `workorder_works` (
  `workorder_work_id` int(11) NOT NULL AUTO_INCREMENT,
  `main_workorder_id` int(10) unsigned NOT NULL,
  `workorder_work_start_time` datetime NOT NULL,
  `workorder_work_end_time` datetime NOT NULL,
  `workorder_worktime` time(6) NOT NULL,
  `workorder_work` varchar(200) DEFAULT NULL,
  `main_asset_id` smallint(3) unsigned NOT NULL,
  `workorder_status` tinyint(2) unsigned NOT NULL,
  `workorder_user_id` smallint(3) unsigned NOT NULL,
  `workorder_id` int(10) unsigned NOT NULL,
  `workorder_partner_id` smallint(3) unsigned DEFAULT NULL,
  `asset_id` smallint(3) unsigned NOT NULL,
  PRIMARY KEY (`workorder_work_id`)
) ENGINE=InnoDB AUTO_INCREMENT=366 DEFAULT CHARSET=utf8;
/*!40101 SET character_set_client = @saved_cs_client */;

--
-- Dumping data for table `workorder_works`
--

LOCK TABLES `workorder_works` WRITE;
/*!40000 ALTER TABLE `workorder_works` DISABLE KEYS */;
INSERT INTO `workorder_works` VALUES (1,0,'2019-09-17 06:00:00','2019-09-17 09:00:00','03:00:00.000000','csere',118,5,4,1,NULL,143),(2,0,'2019-09-17 09:00:00','2019-09-17 13:00:00','04:00:00.000000','',118,5,4,2,NULL,142),(3,0,'2019-09-18 06:00:00','2019-09-18 09:00:00','03:00:00.000000','',118,5,4,3,NULL,143),(4,0,'2019-10-29 07:00:00','2019-10-29 11:00:00','04:00:00.000000','csere',118,5,1,6,NULL,143),(5,0,'2019-10-30 10:00:00','2019-10-30 13:05:00','03:05:00.000000','csere',118,5,4,7,NULL,143),(6,0,'2019-11-18 07:30:00','2019-11-18 08:00:00','00:30:00.000000','cserélve',58,5,2,8,NULL,186),(7,0,'2019-11-20 06:00:00','2019-11-20 11:00:00','05:00:00.000000','',42,5,4,9,NULL,48),(8,0,'2019-11-26 06:00:00','2019-11-26 11:00:00','05:00:00.000000','',178,5,4,10,NULL,188),(9,0,'2019-12-02 14:54:00','2019-12-02 14:54:00','00:00:00.000000','',0,5,1,4,2,0),(10,0,'2019-12-02 14:55:00','2019-12-02 14:55:00','00:00:00.000000','kész',0,5,1,5,2,0),(11,0,'2019-11-29 09:00:00','2019-11-29 10:00:00','01:00:00.000000','',150,5,1,12,NULL,198),(12,0,'2019-12-02 10:00:00','2019-12-02 11:00:00','01:00:00.000000','',150,5,2,13,NULL,200),(13,0,'2019-12-03 06:00:00','2019-12-03 10:00:00','04:00:00.000000','',118,5,4,11,NULL,143),(14,0,'2019-12-04 06:00:00','2019-12-04 10:00:00','04:00:00.000000','',118,5,4,14,NULL,143),(15,0,'2020-01-08 08:00:00','2020-01-08 10:00:00','02:00:00.000000','',1,5,4,16,NULL,232),(16,0,'2020-01-08 12:00:00','2020-01-08 13:00:00','01:00:00.000000','',233,1,4,18,NULL,236),(17,0,'2020-01-08 12:00:00','2020-01-08 13:00:00','01:00:00.000000','',233,5,1,18,NULL,236),(18,0,'2020-01-08 12:00:00','2020-01-08 13:00:00','01:00:00.000000','',233,5,2,18,NULL,236),(19,0,'2020-01-09 06:17:00','2020-01-09 06:17:00','00:00:00.000000','elkészült',0,5,1,15,4,0),(20,0,'2020-01-09 06:00:00','2020-01-09 11:00:00','05:00:00.000000','',118,5,4,17,NULL,142),(21,0,'2020-01-13 10:00:00','2020-01-13 13:30:00','03:30:00.000000','',118,5,4,19,NULL,142),(22,0,'2020-01-13 13:30:00','2020-01-13 15:00:00','01:30:00.000000','pneumatika rendszer és annak elektromos vezérlésének ellenőrzése. A hiba oka: a feltekercselő átmérő 160mm a 183mm helyett.  ',118,5,2,20,NULL,123),(23,0,'2020-01-14 08:00:00','2020-01-14 08:45:00','00:45:00.000000','',139,5,4,21,NULL,361),(24,0,'2020-01-14 06:20:00','2020-01-14 08:45:00','02:25:00.000000','armatúrák átalakítása, csere',139,5,2,21,NULL,361),(25,0,'2020-01-14 08:45:00','2020-01-14 09:30:00','00:45:00.000000','',139,5,4,24,NULL,296),(26,0,'2020-01-14 08:45:00','2020-01-14 09:30:00','00:45:00.000000','',139,5,2,24,NULL,296),(27,0,'2020-01-14 09:30:00','2020-01-14 10:15:00','00:45:00.000000','',139,5,4,22,NULL,318),(28,0,'2020-01-14 09:30:00','2020-01-14 10:15:00','00:45:00.000000','',139,5,2,22,NULL,318),(29,0,'2020-01-14 10:15:00','2020-01-14 11:00:00','00:45:00.000000','',139,5,4,23,NULL,297),(30,0,'2020-01-14 10:15:00','2020-01-14 12:00:00','01:45:00.000000','',139,5,2,23,NULL,297),(31,0,'2020-01-15 09:30:00','2020-01-15 14:00:00','04:30:00.000000','szétszerelés, tisztítás elkezdése',204,1,2,28,NULL,375),(32,0,'2020-01-16 10:00:00','2020-01-16 14:00:00','04:00:00.000000','összeszerelés, géppróba',204,5,2,28,NULL,375),(33,0,'2020-01-20 09:30:00','2020-01-20 12:00:00','02:30:00.000000','',118,5,4,29,NULL,143),(34,0,'2020-01-16 08:00:00','2020-01-16 09:30:00','01:30:00.000000','',28,5,2,26,NULL,404),(35,0,'2020-01-16 09:30:00','2020-01-16 10:00:00','00:30:00.000000','',28,5,2,27,NULL,404),(36,0,'2020-01-02 06:00:00','2020-01-02 06:10:00','00:10:00.000000','',171,5,2,30,NULL,171),(37,0,'2020-01-02 06:10:00','2020-01-02 08:00:00','01:50:00.000000','',169,5,2,31,NULL,169),(38,0,'2020-01-02 08:00:00','2020-01-02 09:00:00','01:00:00.000000','',58,5,2,32,NULL,421),(39,0,'2020-01-02 09:00:00','2020-01-02 10:00:00','01:00:00.000000','',58,5,2,34,NULL,422),(40,0,'2020-01-02 10:00:00','2020-01-02 10:15:00','00:15:00.000000','',423,5,2,36,NULL,425),(41,0,'2020-01-02 10:15:00','2020-01-02 10:30:00','00:15:00.000000','',423,5,2,37,NULL,424),(42,0,'2020-01-02 10:30:00','2020-01-02 11:15:00','00:45:00.000000','kezelőszervek rögzítése',28,5,2,38,NULL,403),(43,0,'2020-01-02 11:15:00','2020-01-02 11:30:00','00:15:00.000000','',28,5,2,39,NULL,427),(44,0,'2020-01-21 11:30:00','2020-01-21 14:00:00','02:30:00.000000','',118,5,4,40,NULL,143),(45,0,'2020-01-02 11:30:00','2020-01-02 15:00:00','03:30:00.000000','ellenőrzés, átkötés csapvízre',58,5,2,41,NULL,100),(46,0,'2020-01-06 06:00:00','2020-01-06 06:10:00','00:10:00.000000','',169,5,2,42,NULL,169),(47,0,'2020-01-06 06:10:00','2020-01-06 06:20:00','00:10:00.000000','',171,5,2,43,NULL,171),(48,0,'2020-01-06 06:20:00','2020-01-06 06:30:00','00:10:00.000000','',139,5,2,44,NULL,139),(49,0,'2020-01-06 06:30:00','2020-01-06 06:40:00','00:10:00.000000','',233,5,2,45,NULL,233),(50,0,'2020-01-06 06:40:00','2020-01-06 07:00:00','00:20:00.000000','',139,1,2,46,NULL,429),(51,0,'2020-01-06 07:00:00','2020-01-06 08:00:00','01:00:00.000000','',139,5,2,47,NULL,237),(52,0,'2020-01-06 08:00:00','2020-01-06 12:30:00','04:30:00.000000','',178,1,2,48,NULL,431),(53,0,'2020-01-06 12:30:00','2020-01-06 13:30:00','01:00:00.000000','elszívó ventilátor csere',233,5,2,49,NULL,414),(54,0,'2020-01-06 06:00:00','2020-01-06 08:00:00','02:00:00.000000','',58,5,4,50,NULL,60),(55,0,'2020-01-06 08:00:00','2020-01-06 08:45:00','00:45:00.000000','',139,5,4,51,NULL,139),(56,0,'2020-01-06 08:45:00','2020-01-06 09:30:00','00:45:00.000000','',233,5,4,52,NULL,233),(57,0,'2020-01-06 09:30:00','2020-01-06 12:00:00','02:30:00.000000','',139,5,4,47,NULL,237),(58,0,'2020-01-06 12:00:00','2020-01-06 14:00:00','02:00:00.000000','előkészítés',1,1,4,53,NULL,34),(59,0,'2020-01-08 06:00:00','2020-01-08 06:10:00','00:10:00.000000','',171,5,2,54,NULL,171),(60,0,'2020-01-07 06:10:00','2020-01-07 06:20:00','00:10:00.000000','',169,5,2,55,NULL,169),(61,0,'2020-01-07 06:20:00','2020-01-07 07:00:00','00:40:00.000000','rögzítés',139,5,2,56,NULL,432),(62,0,'2020-01-07 07:00:00','2020-01-07 07:30:00','00:30:00.000000','',58,5,2,57,NULL,428),(63,0,'2020-01-07 07:30:00','2020-01-07 08:30:00','01:00:00.000000','',139,5,2,58,NULL,216),(64,0,'2020-01-07 08:30:00','2020-01-07 10:30:00','02:00:00.000000','',139,5,2,59,NULL,433),(65,0,'2020-01-07 10:30:00','2020-01-07 14:20:00','03:50:00.000000','',178,1,2,48,NULL,431),(66,0,'2020-01-07 06:00:00','2020-01-07 06:30:00','00:30:00.000000','',28,5,4,60,NULL,391),(67,0,'2020-01-07 06:30:00','2020-01-07 13:00:00','06:30:00.000000','leszerelés szimeringek ellenőrzése, összehúzó csavarok utánhúzása, visszaszerelés',178,5,4,61,NULL,439),(68,0,'2020-01-07 13:30:00','2020-01-07 14:00:00','00:30:00.000000','',178,5,4,62,NULL,440),(69,0,'2020-01-07 06:00:00','2020-01-07 06:10:00','00:10:00.000000','',171,5,2,63,NULL,171),(70,0,'2020-01-08 06:10:00','2020-01-08 06:20:00','00:10:00.000000','',169,5,2,64,NULL,169),(71,0,'2020-01-08 06:20:00','2020-01-08 12:00:00','05:40:00.000000','',178,1,2,48,NULL,431),(72,0,'2020-01-08 13:00:00','2020-01-08 14:00:00','01:00:00.000000','új led armatúra felszerelése',139,5,2,46,NULL,429),(73,0,'2020-01-08 06:00:00','2020-01-08 08:00:00','02:00:00.000000','',178,5,4,65,NULL,437),(74,0,'2020-01-08 10:00:00','2020-01-08 12:00:00','02:00:00.000000','élezés',1,5,4,53,NULL,34),(75,0,'2020-01-08 12:00:00','2020-01-08 13:30:00','01:30:00.000000','',139,5,4,66,NULL,441),(76,0,'2020-01-08 13:30:00','2020-01-08 14:00:00','00:30:00.000000','',442,5,4,67,NULL,442),(77,0,'2020-01-09 06:00:00','2020-01-09 06:10:00','00:10:00.000000','',171,5,2,68,NULL,171),(78,0,'2020-01-09 06:10:00','2020-01-09 06:20:00','00:10:00.000000','',169,5,2,69,NULL,169),(79,0,'2020-01-09 06:20:00','2020-01-09 07:50:00','01:30:00.000000','',178,5,2,71,NULL,443),(80,0,'2020-01-09 07:50:00','2020-01-09 08:20:00','00:30:00.000000','',178,5,2,73,NULL,446),(81,0,'2020-01-09 07:50:00','2020-01-09 08:30:00','00:40:00.000000','hőkioldó visszaállítás, biztosítékcsere',178,5,2,72,NULL,444),(82,0,'2020-01-09 08:30:00','2020-01-09 09:00:00','00:30:00.000000','',178,5,2,77,NULL,445),(83,0,'2020-01-09 09:00:00','2020-01-09 11:00:00','02:00:00.000000','',447,5,2,74,NULL,448),(84,0,'2020-01-09 11:00:00','2020-01-09 12:00:00','01:00:00.000000','hőkioldó visszaállítás, beüzemelési kísérlet',118,5,2,75,NULL,449),(85,0,'2020-01-09 12:00:00','2020-01-09 14:00:00','02:00:00.000000','kábelezés, kötődoboz felszerelése',204,1,2,76,NULL,419),(86,0,'2020-01-09 11:00:00','2020-01-09 13:00:00','02:00:00.000000','',450,5,4,78,NULL,450),(87,0,'2020-01-09 13:00:00','2020-01-09 14:00:00','01:00:00.000000','',233,5,4,79,NULL,233),(88,0,'2020-01-10 06:00:00','2020-01-10 06:10:00','00:10:00.000000','',171,5,2,80,NULL,171),(89,0,'2020-01-10 06:10:00','2020-01-10 06:20:00','00:10:00.000000','',169,5,2,81,NULL,169),(90,0,'2020-01-10 06:20:00','2020-01-10 07:50:00','01:30:00.000000','',118,5,2,88,NULL,457),(91,0,'2020-01-10 07:50:00','2020-01-10 08:30:00','00:40:00.000000','',118,5,2,84,NULL,460),(92,0,'2020-01-10 08:30:00','2020-01-10 09:20:00','00:50:00.000000','',118,5,2,87,NULL,124),(93,0,'2020-01-10 09:20:00','2020-01-10 09:40:00','00:20:00.000000','',118,5,2,86,NULL,118),(94,0,'2020-01-10 09:40:00','2020-01-10 11:00:00','01:20:00.000000','',118,5,2,89,NULL,124),(95,0,'2020-01-10 11:00:00','2020-01-10 12:00:00','01:00:00.000000','keringetőszivattyú bekötése, menetzárlatos. A labor fi-reléjét kioldotta.',118,1,2,82,NULL,127),(96,0,'2020-01-10 12:00:00','2020-01-10 13:00:00','01:00:00.000000','dugalj felszerelése, próba',204,5,2,76,NULL,419),(97,0,'2020-01-10 13:00:00','2020-01-10 14:00:00','01:00:00.000000','',233,5,2,90,NULL,464),(98,0,'2020-01-10 06:00:00','2020-01-10 08:00:00','02:00:00.000000','',465,5,4,91,NULL,465),(99,0,'2020-01-10 08:00:00','2020-01-10 09:30:00','01:30:00.000000','',139,5,4,93,NULL,467),(100,0,'2020-01-10 09:30:00','2020-01-10 11:30:00','02:00:00.000000','',118,5,4,94,NULL,118),(101,0,'2020-01-10 11:30:00','2020-01-10 14:00:00','02:30:00.000000','',139,5,4,92,NULL,466),(102,0,'2020-01-13 06:00:00','2020-01-13 08:00:00','02:00:00.000000','',58,5,4,98,NULL,60),(103,0,'2020-01-13 08:00:00','2020-01-13 09:00:00','01:00:00.000000','',58,5,4,97,NULL,58),(104,0,'2020-01-13 09:00:00','2020-01-13 10:00:00','01:00:00.000000','',58,5,4,96,NULL,58),(105,0,'2020-01-13 13:00:00','2020-01-13 14:00:00','01:00:00.000000','',139,5,4,99,NULL,139),(106,0,'2020-01-14 06:00:00','2020-01-14 07:00:00','01:00:00.000000','',139,5,4,100,NULL,433),(107,0,'2020-01-14 07:00:00','2020-01-14 07:30:00','00:30:00.000000','',170,5,4,101,NULL,170),(108,0,'2020-01-14 07:30:00','2020-01-14 08:00:00','00:30:00.000000','',139,5,4,102,NULL,139),(109,0,'2020-01-14 11:30:00','2020-01-14 12:30:00','01:00:00.000000','',118,5,4,104,NULL,144),(110,0,'2020-01-14 12:30:00','2020-01-14 14:00:00','01:30:00.000000','',118,5,4,103,NULL,468),(111,0,'2020-01-13 06:00:00','2020-01-13 06:10:00','00:10:00.000000','',171,5,2,105,NULL,171),(112,0,'2020-01-13 06:10:00','2020-01-13 06:20:00','00:10:00.000000','',169,5,2,106,NULL,169),(113,0,'2020-01-13 06:20:00','2020-01-13 06:30:00','00:10:00.000000','',139,5,2,107,NULL,139),(114,0,'2020-01-13 06:30:00','2020-01-13 06:40:00','00:10:00.000000','',233,5,2,108,NULL,233),(115,0,'2020-01-14 06:00:00','2020-01-14 06:10:00','00:10:00.000000','',171,5,2,114,NULL,171),(116,0,'2020-01-14 06:10:00','2020-01-14 06:20:00','00:10:00.000000','',169,5,2,115,NULL,169),(117,0,'2020-01-14 12:00:00','2020-01-14 14:00:00','02:00:00.000000','szűrők és 2. oldal takarítás',118,1,2,116,NULL,471),(118,0,'2020-01-13 06:40:00','2020-01-13 08:00:00','01:20:00.000000','',58,5,2,110,NULL,451),(119,0,'2020-01-13 08:00:00','2020-01-13 09:30:00','01:30:00.000000','',58,5,2,111,NULL,422),(120,0,'2020-01-13 09:30:00','2020-01-13 10:00:00','00:30:00.000000','',58,5,2,112,NULL,421),(121,0,'2020-01-13 10:30:00','2020-01-13 11:00:00','00:30:00.000000','',58,5,2,113,NULL,470),(122,0,'2020-01-13 11:00:00','2020-01-13 12:00:00','01:00:00.000000','2. szekrény portalanítás',58,1,2,118,NULL,451),(123,0,'2020-01-15 06:00:00','2020-01-15 06:10:00','00:10:00.000000','',171,5,2,120,NULL,171),(124,0,'2020-01-15 06:10:00','2020-01-15 06:20:00','00:10:00.000000','',169,5,2,121,NULL,169),(125,0,'2020-01-15 06:20:00','2020-01-15 07:00:00','00:40:00.000000','kábelek ellenőrzése, rögzítése',473,5,2,119,NULL,474),(126,0,'2020-01-15 07:00:00','2020-01-15 07:20:00','00:20:00.000000','',204,5,2,123,NULL,478),(127,0,'2020-01-15 07:20:00','2020-01-15 07:20:00','00:00:00.000000','',204,5,2,124,NULL,477),(128,0,'2020-01-15 08:20:00','2020-01-15 09:00:00','00:40:00.000000','',204,5,2,125,NULL,475),(129,0,'2020-01-15 09:00:00','2020-01-15 09:30:00','00:30:00.000000','',233,5,2,126,NULL,236),(130,0,'2020-01-15 06:00:00','2020-01-15 08:00:00','02:00:00.000000','lánc felmérése',383,1,4,130,NULL,383),(131,0,'2020-01-15 08:00:00','2020-01-15 08:30:00','00:30:00.000000','',233,5,4,126,NULL,236),(132,0,'2020-01-15 08:30:00','2020-01-15 11:00:00','02:30:00.000000','burkolat újraalkotása',473,5,4,119,NULL,474),(133,0,'2020-01-15 11:00:00','2020-01-15 13:00:00','02:00:00.000000','',204,5,4,131,NULL,204),(134,0,'2020-01-15 13:00:00','2020-01-15 14:00:00','01:00:00.000000','',204,5,4,132,NULL,479),(135,0,'2020-01-16 06:00:00','2020-01-16 07:45:00','01:45:00.000000','',28,5,4,136,NULL,390),(136,0,'2020-01-16 07:45:00','2020-01-16 09:30:00','01:45:00.000000','',28,5,4,137,NULL,388),(137,0,'2020-01-16 09:30:00','2020-01-16 10:30:00','01:00:00.000000','',28,5,4,135,NULL,28),(138,0,'2020-01-16 10:30:00','2020-01-16 11:00:00','00:30:00.000000','',28,5,4,134,NULL,28),(139,0,'2020-01-16 13:30:00','2020-01-16 14:00:00','00:30:00.000000','',28,5,4,141,NULL,206),(140,0,'2020-01-16 10:30:00','2020-01-16 11:00:00','00:30:00.000000','',178,5,4,138,NULL,434),(141,0,'2020-01-16 11:00:00','2020-01-16 12:00:00','01:00:00.000000','',465,5,4,139,NULL,465),(142,0,'2020-01-16 12:00:00','2020-01-16 13:30:00','01:30:00.000000','',139,5,4,140,NULL,466),(143,0,'2020-01-16 06:00:00','2020-01-16 06:10:00','00:10:00.000000','',171,5,2,145,NULL,171),(144,0,'2020-01-16 06:10:00','2020-01-16 06:20:00','00:10:00.000000','',169,5,2,146,NULL,169),(145,0,'2020-01-16 06:20:00','2020-01-16 07:20:00','01:00:00.000000','szekrény rögzítése',28,5,2,142,NULL,480),(146,0,'2020-01-16 07:20:00','2020-01-16 08:00:00','00:40:00.000000','',28,5,2,144,NULL,427),(147,0,'2020-01-17 06:00:00','2020-01-17 06:10:00','00:10:00.000000','',171,5,2,148,NULL,171),(148,0,'2020-01-17 06:10:00','2020-01-17 06:20:00','00:10:00.000000','',169,5,2,149,NULL,169),(149,0,'2020-01-17 06:20:00','2020-01-17 07:30:00','01:10:00.000000','A PLC-be nincs bekötve',169,5,2,147,NULL,482),(150,0,'2020-01-17 07:30:00','2020-01-17 09:30:00','02:00:00.000000','',118,5,2,150,NULL,167),(151,0,'2020-01-17 09:30:00','2020-01-17 11:00:00','01:30:00.000000','cserélni kell a zárat',118,5,2,151,NULL,483),(152,0,'2020-01-17 11:00:00','2020-01-17 12:00:00','01:00:00.000000','',233,5,2,152,NULL,415),(153,0,'2020-01-17 12:00:00','2020-01-17 14:00:00','02:00:00.000000','',139,5,2,153,NULL,256),(154,0,'2020-01-20 06:00:00','2020-01-20 08:00:00','02:00:00.000000','1 db henger csapágy csere.',42,5,4,156,NULL,42),(155,0,'2020-01-20 08:00:00','2020-01-20 09:30:00','01:30:00.000000','',42,5,4,155,NULL,42),(156,0,'2020-01-20 12:00:00','2020-01-20 14:00:00','02:00:00.000000','Besco targoncák ellenőrzése',465,5,4,160,NULL,465),(157,0,'2019-12-02 07:00:00','2019-12-02 08:00:00','01:00:00.000000','feltekercselő ellenőrzése',42,5,2,157,NULL,42),(158,0,'2020-01-20 07:30:00','2020-01-20 08:30:00','01:00:00.000000','',42,5,2,159,NULL,486),(159,0,'2020-01-20 06:00:00','2020-01-20 07:30:00','01:30:00.000000','motorkábel cseréje',103,5,2,161,NULL,103),(160,0,'2020-01-20 08:30:00','2020-01-20 09:00:00','00:30:00.000000','',42,5,2,158,NULL,488),(161,0,'2020-01-20 09:00:00','2020-01-20 12:00:00','03:00:00.000000','2. oldal tisztítása, 1 törött elektróda kiszerelése',42,5,2,162,NULL,489),(162,0,'2020-01-20 12:00:00','2020-01-20 13:20:00','01:20:00.000000','motor le-és szétszerelése',233,1,2,163,NULL,413),(163,0,'2020-01-20 13:20:00','2020-01-20 13:30:00','00:10:00.000000','',171,5,2,164,NULL,171),(164,0,'2020-01-20 13:30:00','2020-01-20 14:00:00','00:30:00.000000','',169,5,2,165,NULL,169),(165,0,'2020-01-21 06:00:00','2020-01-21 06:10:00','00:10:00.000000','',169,5,2,167,NULL,169),(166,0,'2020-01-21 06:10:00','2020-01-21 06:20:00','00:10:00.000000','',171,5,2,166,NULL,171),(167,0,'2020-01-21 06:20:00','2020-01-21 08:00:00','01:40:00.000000','javított motor felszerelése ',233,5,2,163,NULL,413),(168,0,'2020-01-21 08:00:00','2020-01-21 12:00:00','04:00:00.000000','',178,5,2,168,NULL,491),(169,0,'2020-01-21 12:00:00','2020-01-21 14:00:00','02:00:00.000000','szétszerelés, mechanikusan szorul, tisztítás után jó ',496,1,2,170,NULL,497),(170,0,'2020-01-18 13:00:00','2020-01-18 14:00:00','01:00:00.000000','',171,5,1,171,NULL,174),(171,0,'2020-01-21 06:00:00','2020-01-21 08:00:00','02:00:00.000000','vezeték elbontása',171,5,4,171,NULL,174),(172,0,'2020-01-21 08:00:00','2020-01-21 11:30:00','03:30:00.000000','',178,5,4,168,NULL,491),(173,0,'2020-01-17 06:00:00','2020-01-17 08:00:00','02:00:00.000000','tartó készítése',113,1,4,172,NULL,113),(174,0,'2020-01-17 11:00:00','2020-01-17 14:00:00','03:00:00.000000','összszerelés',113,5,4,172,NULL,113),(175,0,'2020-01-17 08:00:00','2020-01-17 09:30:00','01:30:00.000000','hengerek kiszerelése tengelycsonk átszerelés',118,5,4,173,NULL,124),(176,0,'2020-01-17 09:30:00','2020-01-17 11:00:00','01:30:00.000000','',118,5,4,151,NULL,483),(177,0,'2020-01-22 06:00:00','2020-01-22 06:10:00','00:10:00.000000','',171,5,2,176,NULL,171),(178,0,'2020-01-22 06:10:00','2020-01-22 06:20:00','00:10:00.000000','',169,5,2,177,NULL,169),(179,0,'2020-01-22 06:00:00','2020-01-22 08:00:00','02:00:00.000000','próba',496,5,2,170,NULL,497),(180,0,'2020-01-22 08:00:00','2020-01-22 10:00:00','02:00:00.000000','',0,5,2,174,NULL,0),(182,0,'2020-01-22 10:00:00','2020-01-22 12:00:00','02:00:00.000000','hibakeresés',178,1,2,169,NULL,241),(183,0,'2020-01-22 12:00:00','2020-01-22 13:20:00','01:20:00.000000','',178,5,2,178,NULL,498),(184,0,'2020-01-22 13:20:00','2020-01-22 14:00:00','00:40:00.000000','',178,5,2,175,NULL,178),(185,0,'2020-01-22 06:00:00','2020-01-22 07:00:00','01:00:00.000000','',42,5,4,179,NULL,500),(186,0,'2020-01-22 07:00:00','2020-01-22 14:00:00','07:00:00.000000','',178,5,4,181,NULL,435),(187,0,'2020-01-23 06:00:00','2020-01-23 10:30:00','04:30:00.000000','',178,5,4,169,NULL,241),(188,0,'2020-01-23 10:30:00','2020-01-23 13:00:00','02:30:00.000000','',139,1,4,182,NULL,287),(189,0,'2020-01-23 13:00:00','2020-01-23 14:00:00','01:00:00.000000','',28,1,4,183,NULL,501),(190,0,'2020-01-23 13:00:00','2020-01-23 14:00:00','01:00:00.000000','',169,5,2,187,NULL,131),(191,0,'2020-01-23 06:00:00','2020-01-23 06:10:00','00:10:00.000000','',169,5,2,177,NULL,169),(192,0,'2020-01-23 06:10:00','2020-01-23 06:20:00','00:10:00.000000','',171,5,2,184,NULL,171),(193,0,'2020-01-23 06:20:00','2020-01-23 09:00:00','02:40:00.000000','',178,5,2,169,NULL,241),(194,0,'2020-01-23 09:00:00','2020-01-23 10:30:00','01:30:00.000000','12-14 motorok',178,1,2,185,NULL,437),(195,0,'2020-01-23 10:30:00','2020-01-23 12:00:00','01:30:00.000000','12-14 motorok',178,1,2,186,NULL,437),(196,0,'2020-01-23 12:00:00','2020-01-23 13:00:00','01:00:00.000000','',178,1,2,48,NULL,431),(197,0,'2020-01-24 06:00:00','2020-01-24 08:00:00','02:00:00.000000','',450,5,4,188,NULL,450),(198,0,'2020-01-24 08:00:00','2020-01-24 12:30:00','04:30:00.000000','',28,1,4,183,NULL,501),(199,0,'2020-01-24 12:30:00','2020-01-24 13:30:00','01:00:00.000000','',139,5,4,189,NULL,139),(200,0,'2020-01-24 13:30:00','2020-01-24 14:00:00','00:30:00.000000','',28,5,4,183,NULL,501),(201,0,'2020-01-24 11:30:00','2020-01-24 12:30:00','01:00:00.000000','',178,5,2,190,NULL,239),(202,0,'2020-01-24 06:00:00','2020-01-24 06:10:00','00:10:00.000000','',169,5,2,191,NULL,169),(203,0,'2020-01-24 06:10:00','2020-01-24 06:20:00','00:10:00.000000','',171,5,2,192,NULL,171),(204,0,'2020-01-24 06:20:00','2020-01-24 11:30:00','05:10:00.000000','',178,1,2,48,NULL,431),(205,0,'2020-01-24 12:30:00','2020-01-24 13:00:00','00:30:00.000000','15-16 motorok',178,5,2,185,NULL,437),(206,0,'2020-01-24 13:00:00','2020-01-24 14:00:00','01:00:00.000000','15-16 motorok',178,1,2,186,NULL,437),(207,0,'2020-01-27 06:00:00','2020-01-27 07:00:00','01:00:00.000000','',233,5,4,193,NULL,502),(208,0,'2020-01-27 07:00:00','2020-01-27 09:30:00','02:30:00.000000','szétszerelés, a tengelyirányú csúszórész kopott',58,5,4,194,NULL,504),(209,0,'2020-01-27 10:30:00','2020-01-27 11:30:00','01:00:00.000000','',233,5,4,195,NULL,415),(210,0,'2020-01-27 11:30:00','2020-01-27 12:00:00','00:30:00.000000','',118,5,4,197,NULL,118),(211,0,'2020-01-27 12:00:00','2020-01-27 14:00:00','02:00:00.000000','ajtótartó oszlop beállítása, lefúrása, zsanér felszerelése',118,1,4,196,NULL,483),(213,0,'2020-01-27 06:00:00','2020-01-27 06:10:00','00:10:00.000000','',169,5,2,205,NULL,169),(214,0,'2020-01-27 06:20:00','2020-01-27 08:30:00','02:10:00.000000','',58,5,2,118,NULL,451),(215,0,'2020-01-27 06:10:00','2020-01-27 06:20:00','00:10:00.000000','',171,5,2,206,NULL,171),(216,0,'2020-01-27 08:30:00','2020-01-27 09:30:00','01:00:00.000000','',58,5,2,204,NULL,421),(217,0,'2020-01-27 09:30:00','2020-01-27 10:30:00','01:00:00.000000','',58,5,2,207,NULL,422),(218,0,'2020-01-27 09:30:00','2020-01-27 10:30:00','01:00:00.000000','',58,5,4,203,NULL,60),(219,0,'2020-01-27 10:30:00','2020-01-27 14:00:00','03:30:00.000000','',58,5,2,208,5,470),(220,0,'2020-01-28 06:00:00','2020-01-28 07:30:00','01:30:00.000000','',233,5,4,211,NULL,506),(221,0,'2020-01-28 07:30:00','2020-01-28 08:30:00','01:00:00.000000','',118,5,4,209,NULL,120),(222,0,'2020-01-28 08:30:00','2020-01-28 10:30:00','02:00:00.000000','',118,2,4,210,NULL,126),(223,0,'2020-01-28 10:30:00','2020-01-28 13:30:00','03:00:00.000000','',118,5,4,196,NULL,483),(224,0,'2020-01-28 13:30:00','2020-01-28 16:00:00','02:30:00.000000','szétszerelés, tisztítás összeszerelés, további javítás szükséges',178,1,4,212,NULL,508),(225,0,'2020-01-29 06:00:00','2020-01-29 06:45:00','00:45:00.000000','',1,5,2,218,NULL,510),(226,0,'2020-01-29 06:45:00','2020-01-29 07:15:00','00:30:00.000000','',1,5,2,214,NULL,510),(227,0,'2020-01-29 07:45:00','2020-01-29 08:00:00','00:15:00.000000','',1,5,2,215,NULL,509),(228,0,'2020-01-29 07:15:00','2020-01-29 07:45:00','00:30:00.000000','',1,5,2,219,NULL,293),(229,0,'2020-01-29 06:00:00','2020-01-29 07:00:00','01:00:00.000000','',1,5,4,217,NULL,1),(230,0,'2020-01-29 07:00:00','2020-01-29 09:00:00','02:00:00.000000','',1,5,4,216,NULL,1),(231,0,'2020-01-29 09:30:00','2020-01-29 10:15:00','00:45:00.000000','',139,5,4,180,NULL,271),(232,0,'2020-01-29 10:15:00','2020-01-29 11:00:00','00:45:00.000000','',139,5,4,198,NULL,366),(233,0,'2020-01-29 11:00:00','2020-01-29 11:30:00','00:30:00.000000','',139,5,4,200,NULL,255),(234,0,'2020-01-29 11:30:00','2020-01-29 12:00:00','00:30:00.000000','',139,5,4,201,NULL,314),(235,0,'2020-01-29 09:30:00','2020-01-29 10:15:00','00:45:00.000000','',139,5,4,180,NULL,271),(236,0,'2020-01-29 08:00:00','2020-01-29 08:10:00','00:10:00.000000','',171,5,2,222,NULL,171),(237,0,'2020-01-29 08:10:00','2020-01-29 08:20:00','00:10:00.000000','',169,5,2,223,NULL,169),(238,0,'2020-01-29 08:20:00','2020-01-29 10:15:00','01:55:00.000000','',139,5,2,180,NULL,271),(239,0,'2020-01-29 10:15:00','2020-01-29 11:00:00','00:45:00.000000','',139,5,2,198,NULL,366),(240,0,'2020-01-29 11:00:00','2020-01-29 11:30:00','00:30:00.000000','',139,5,2,200,NULL,255),(241,0,'2020-01-29 11:30:00','2020-01-29 12:00:00','00:30:00.000000','',139,5,2,201,NULL,314),(242,0,'2020-01-29 12:00:00','2020-01-29 14:00:00','02:00:00.000000','hibakeresés, piros feltekercselő motor  oldali pofa szenzorát megtörték, csere',118,5,2,224,NULL,123),(243,0,'2020-01-30 06:00:00','2020-01-30 12:00:00','06:00:00.000000','',178,5,4,225,NULL,435),(244,0,'2020-01-30 12:00:00','2020-01-30 14:00:00','02:00:00.000000','',465,5,4,226,NULL,465),(245,0,'2020-01-30 06:00:00','2020-01-30 06:10:00','00:10:00.000000','',171,5,2,231,NULL,171),(246,0,'2020-01-30 06:10:00','2020-01-30 06:20:00','00:10:00.000000','',169,5,2,230,NULL,169),(247,0,'2020-01-30 06:20:00','2020-01-30 08:00:00','01:40:00.000000','',178,5,2,232,NULL,443),(248,0,'2020-01-30 08:00:00','2020-01-30 10:30:00','02:30:00.000000','',517,5,2,229,NULL,517),(249,0,'2020-01-30 10:00:00','2020-01-30 10:30:00','00:30:00.000000','előkészítés',178,1,2,233,NULL,516),(250,0,'2020-01-30 10:30:00','2020-01-30 11:00:00','00:30:00.000000','ellenőrzés, izzócsere',423,5,2,235,NULL,424),(251,0,'2020-01-30 11:00:00','2020-01-30 12:30:00','01:30:00.000000','',58,5,2,236,NULL,518),(252,0,'2020-01-30 12:30:00','2020-01-30 14:00:00','01:30:00.000000','megszűnt gépvilágítás csatlakozó elbontás',178,1,2,48,NULL,431),(253,0,'2020-01-31 06:00:00','2020-01-31 14:00:00','08:00:00.000000','',139,5,4,237,NULL,216),(254,0,'2020-01-31 06:00:00','2020-01-31 11:30:00','05:30:00.000000','',139,5,2,237,NULL,216),(255,0,'2020-01-31 11:30:00','2020-01-31 13:30:00','02:00:00.000000','védőcsövek felszerelése',178,1,2,233,NULL,516),(256,0,'2020-02-03 06:00:00','2020-02-03 06:10:00','00:10:00.000000','',169,5,2,240,NULL,169),(257,0,'2020-02-03 06:10:00','2020-02-03 06:20:00','00:10:00.000000','',171,5,2,239,NULL,171),(258,0,'2020-02-03 06:20:00','2020-02-03 06:30:00','00:10:00.000000','',233,5,2,241,NULL,233),(259,0,'2020-02-03 06:30:00','2020-02-03 06:40:00','00:10:00.000000','',139,5,2,238,NULL,139),(260,0,'2020-02-03 06:40:00','2020-02-03 09:00:00','02:20:00.000000','alsókés érzékelő meghibásodott->csere az Alpha3-ból ',28,5,2,242,NULL,29),(261,0,'2020-02-03 09:00:00','2020-02-03 10:00:00','01:00:00.000000','',169,1,2,243,NULL,131),(262,0,'2020-02-03 11:30:00','2020-02-03 13:30:00','02:00:00.000000','billentés kézikapcsolója szétesett, cseréje szükséges',150,1,2,227,NULL,150),(263,0,'2020-02-03 06:00:00','2020-02-03 07:00:00','01:00:00.000000','1db vezetőhenger csapágyazása.',42,5,4,244,NULL,42),(264,0,'2020-02-03 07:00:00','2020-02-03 07:45:00','00:45:00.000000','',233,5,4,246,NULL,233),(265,0,'2020-02-03 07:45:00','2020-02-03 08:30:00','00:45:00.000000','',139,5,4,245,NULL,139),(266,0,'2020-02-03 08:30:00','2020-02-03 11:30:00','03:00:00.000000','',139,5,4,247,NULL,519),(267,0,'2020-02-03 11:30:00','2020-02-03 12:45:00','01:15:00.000000','',423,5,4,220,NULL,513),(268,0,'2020-02-03 12:45:00','2020-02-03 14:00:00','01:15:00.000000','',28,5,4,221,NULL,206),(269,0,'2020-02-04 06:00:00','2020-02-04 06:10:00','00:10:00.000000','',169,5,2,251,NULL,169),(270,0,'2020-02-04 06:10:00','2020-02-04 06:20:00','00:10:00.000000','',171,5,2,252,NULL,171),(271,0,'2020-02-04 06:20:00','2020-02-04 06:40:00','00:20:00.000000','megszorult a hamukihordó csiga:hőkioldó visszaállítás',169,1,2,243,NULL,131),(272,0,'2020-02-04 06:40:00','2020-02-04 07:20:00','00:40:00.000000','izzócsere',178,5,2,250,NULL,532),(273,0,'2020-02-04 07:30:00','2020-02-04 14:00:00','06:30:00.000000','armatúrák felszerelése, kábelezés, bekötés',178,1,2,233,NULL,516),(274,0,'2020-02-05 06:00:00','2020-02-05 06:10:00','00:10:00.000000','',171,5,2,256,NULL,171),(275,0,'2020-02-05 06:10:00','2020-02-05 06:20:00','00:10:00.000000','',169,5,2,257,NULL,169),(276,0,'2020-02-05 06:40:00','2020-02-05 07:30:00','00:50:00.000000','ellenőrzés',169,1,2,243,NULL,131),(277,0,'2020-02-05 07:30:00','2020-02-05 09:00:00','01:30:00.000000','bekötés, próba',178,5,2,233,NULL,516),(278,0,'2020-02-05 09:00:00','2020-02-05 12:00:00','03:00:00.000000','16-os motor tisztítás, kefecsere',178,5,2,186,NULL,437),(279,0,'2020-02-05 12:00:00','2020-02-05 13:00:00','01:00:00.000000','',1,5,2,254,NULL,538),(280,0,'2020-02-05 13:00:00','2020-02-05 14:00:00','01:00:00.000000','gép állj, layon fel-le csere',1,5,2,253,NULL,292),(281,0,'2020-02-05 06:00:00','2020-02-05 06:30:00','00:30:00.000000','',42,5,4,258,NULL,541),(282,0,'2020-02-05 06:30:00','2020-02-05 08:00:00','01:30:00.000000','lánccsere',383,1,4,130,NULL,383),(283,0,'2020-02-05 08:00:00','2020-02-05 11:00:00','03:00:00.000000','ütközőbak készítése és felszerelése',1,5,4,228,NULL,26),(284,0,'2020-02-05 11:00:00','2020-02-05 12:30:00','01:30:00.000000','',178,5,4,249,NULL,522),(285,0,'2020-02-05 12:30:00','2020-02-05 14:00:00','01:30:00.000000','szétszerelés, hézagolás, összeszerelés',178,5,4,259,NULL,522),(286,0,'2020-01-30 07:00:00','2020-01-30 07:20:00','00:20:00.000000','kiszerelés',1,1,1,260,NULL,218),(287,0,'2020-02-06 12:00:00','2020-02-06 13:00:00','01:00:00.000000','felszerelés, programfeltöltés, próba',1,5,1,260,NULL,218),(288,0,'2020-02-06 06:00:00','2020-02-06 06:10:00','00:10:00.000000','',169,5,2,261,NULL,169),(289,0,'2020-02-06 06:10:00','2020-02-06 06:20:00','00:10:00.000000','',171,5,2,262,NULL,171),(290,0,'2020-02-06 06:20:00','2020-02-06 07:20:00','01:00:00.000000','',233,5,2,263,NULL,557),(291,0,'2020-02-06 07:20:00','2020-02-06 10:30:00','03:10:00.000000','',204,5,2,248,NULL,479),(292,0,'2020-02-06 10:30:00','2020-02-06 12:00:00','01:30:00.000000','',204,5,2,129,NULL,477),(293,0,'2020-02-06 12:00:00','2020-02-06 13:00:00','01:00:00.000000','',204,5,2,264,NULL,476),(294,0,'2020-02-06 13:00:00','2020-02-06 14:00:00','01:00:00.000000','',204,5,2,265,NULL,205),(295,0,'2020-02-06 06:00:00','2020-02-06 09:00:00','03:00:00.000000','',178,5,4,266,NULL,521),(296,0,'2020-02-06 09:00:00','2020-02-06 11:00:00','02:00:00.000000','',233,5,4,267,NULL,561),(297,0,'2020-02-06 11:00:00','2020-02-06 14:00:00','03:00:00.000000','',139,1,4,268,NULL,433),(298,0,'2020-02-07 06:00:00','2020-02-07 07:00:00','01:00:00.000000','',139,5,4,268,NULL,433),(299,0,'2020-02-07 07:00:00','2020-02-07 08:00:00','01:00:00.000000','',423,5,4,271,NULL,423),(300,0,'2020-02-07 08:00:00','2020-02-07 08:30:00','00:30:00.000000','',169,5,4,273,NULL,562),(301,0,'2020-02-07 08:30:00','2020-02-07 09:15:00','00:45:00.000000','',423,5,4,270,NULL,543),(302,0,'2020-02-07 09:15:00','2020-02-07 11:00:00','01:45:00.000000','',423,5,4,275,NULL,563),(303,0,'2020-02-07 11:00:00','2020-02-07 13:00:00','02:00:00.000000','',139,5,4,274,NULL,216),(304,0,'2020-02-07 13:00:00','2020-02-07 14:00:00','01:00:00.000000','',423,5,4,272,NULL,423),(305,0,'2020-02-07 06:00:00','2020-02-07 06:10:00','00:10:00.000000','',169,5,2,276,NULL,169),(306,0,'2020-02-07 06:10:00','2020-02-07 06:20:00','00:10:00.000000','',171,5,2,277,NULL,171),(307,0,'2020-02-07 06:20:00','2020-02-07 10:00:00','03:40:00.000000','',118,5,2,117,NULL,463),(308,0,'2020-02-07 10:00:00','2020-02-07 14:00:00','04:00:00.000000','',118,5,2,85,NULL,463),(309,0,'2020-02-10 06:00:00','2020-02-10 06:20:00','00:20:00.000000','',139,5,2,279,NULL,139),(310,0,'2020-02-10 06:20:00','2020-02-10 08:00:00','01:40:00.000000','',58,5,2,280,NULL,566),(311,0,'2020-02-10 08:00:00','2020-02-10 08:30:00','00:30:00.000000','',58,5,1,282,NULL,184),(312,0,'2020-02-10 08:00:00','2020-02-10 08:40:00','00:40:00.000000','felmérés',233,1,2,283,NULL,575),(313,0,'2020-02-10 08:40:00','2020-02-10 14:00:00','05:20:00.000000','beállításokat kikapcsoláskor elfelejti, kontakthibák a tápnyákon és a bekapcsolón',204,1,2,278,NULL,375),(314,0,'2020-02-11 06:00:00','2020-02-11 06:10:00','00:10:00.000000','',169,5,2,285,NULL,169),(315,0,'2020-02-11 06:10:00','2020-02-11 06:20:00','00:10:00.000000','',171,5,2,284,NULL,171),(316,0,'2020-02-11 06:20:00','2020-02-11 07:30:00','01:10:00.000000','szelep és elvezetőcső tisztítása',178,5,2,255,NULL,540),(317,0,'2020-02-11 07:30:00','2020-02-11 08:30:00','01:00:00.000000','',233,5,2,283,NULL,575),(318,0,'2020-02-11 08:30:00','2020-02-11 09:00:00','00:30:00.000000','érzékelők beállítása, próba',496,5,2,286,NULL,576),(319,0,'2020-02-11 09:00:00','2020-02-11 10:15:00','01:15:00.000000','',204,5,2,287,NULL,375),(320,0,'2020-02-11 10:15:00','2020-02-11 10:30:00','00:15:00.000000','ideiglenes beállítás',204,1,2,278,NULL,375),(321,0,'2020-02-11 10:30:00','2020-02-11 11:00:00','00:30:00.000000','hibakeresés',178,1,2,288,NULL,445),(322,0,'2020-02-11 11:00:00','2020-02-11 12:00:00','01:00:00.000000','',118,5,2,290,NULL,457),(323,0,'2020-02-11 12:00:00','2020-02-11 12:15:00','00:15:00.000000','',118,5,2,291,NULL,460),(324,0,'2020-02-11 12:15:00','2020-02-11 12:30:00','00:15:00.000000','',118,5,2,292,NULL,118),(325,0,'2020-02-11 12:30:00','2020-02-11 13:30:00','01:00:00.000000','billentőkapcsoló cseréje',150,1,2,227,NULL,150),(326,0,'2020-02-11 13:30:00','2020-02-11 14:00:00','00:30:00.000000','huzatérzékelő ellenőrzése, laza csatlakozások rögzítése',178,5,2,288,NULL,445),(327,0,'2020-02-10 06:00:00','2020-02-10 07:00:00','01:00:00.000000','',58,5,4,293,NULL,60),(328,0,'2020-02-10 07:30:00','2020-02-10 08:00:00','00:30:00.000000','',58,5,4,295,NULL,577),(329,0,'2020-02-10 07:00:00','2020-02-10 07:30:00','00:30:00.000000','utánállítás',58,5,4,298,NULL,581),(330,0,'2020-02-10 08:00:00','2020-02-10 11:00:00','03:00:00.000000','',178,5,4,297,10,578),(331,0,'2020-02-10 11:00:00','2020-02-10 14:00:00','03:00:00.000000','',178,5,4,296,10,579),(332,0,'2020-02-11 06:00:00','2020-02-11 08:00:00','02:00:00.000000','',178,5,4,296,0,579),(333,0,'2020-02-11 08:00:00','2020-02-11 10:30:00','02:30:00.000000','',139,5,4,299,NULL,433),(334,0,'2020-02-11 10:30:00','2020-02-11 11:00:00','00:30:00.000000','beüzemelés',178,5,4,296,10,579),(335,0,'2020-02-11 11:00:00','2020-02-11 14:00:00','03:00:00.000000','',450,5,4,300,NULL,450),(336,0,'2020-02-13 06:45:00','2020-02-13 07:15:00','00:30:00.000000','szétszerelés-> cserélni kell',42,3,1,304,NULL,593),(337,0,'2020-02-14 10:00:00','2020-02-14 10:15:00','00:15:00.000000','cserélve',42,5,1,304,NULL,593),(338,0,'2020-02-12 06:00:00','2020-02-12 06:10:00','00:10:00.000000','',169,5,2,307,NULL,169),(339,0,'2020-02-12 06:10:00','2020-02-12 06:20:00','00:10:00.000000','',171,5,2,306,NULL,171),(340,0,'2020-02-12 06:20:00','2020-02-12 06:50:00','00:30:00.000000','',118,5,2,311,NULL,597),(341,0,'2020-02-12 06:50:00','2020-02-12 07:20:00','00:30:00.000000','',118,5,2,312,NULL,583),(342,0,'2020-02-12 07:20:00','2020-02-12 07:50:00','00:30:00.000000','',118,5,2,313,NULL,582),(343,0,'2020-02-12 07:50:00','2020-02-12 08:20:00','00:30:00.000000','',118,5,2,314,NULL,119),(344,0,'2020-02-12 08:20:00','2020-02-12 09:20:00','01:00:00.000000','',118,5,2,315,NULL,463),(345,0,'2020-02-12 09:20:00','2020-02-12 11:00:00','01:40:00.000000','',118,5,2,316,NULL,124),(346,0,'2020-02-12 11:00:00','2020-02-12 13:00:00','02:00:00.000000','Mindkét oldal tisztítása.',118,5,2,116,NULL,471),(347,0,'2020-02-12 13:00:00','2020-02-12 14:00:00','01:00:00.000000','Memóriavezérlő, beállítás, próba.',204,5,2,278,NULL,375),(348,0,'2020-02-13 06:00:00','2020-02-13 06:10:00','00:10:00.000000','',171,5,2,322,NULL,171),(349,0,'2020-02-13 06:10:00','2020-02-13 06:20:00','00:10:00.000000','',169,5,2,323,NULL,169),(350,0,'2020-02-13 06:20:00','2020-02-13 06:40:00','00:20:00.000000','',496,5,2,308,NULL,576),(351,0,'2020-02-13 06:40:00','2020-02-13 08:30:00','01:50:00.000000','',42,5,2,309,NULL,42),(352,0,'2020-02-13 08:30:00','2020-02-13 09:30:00','01:00:00.000000','Ellenörizni kell a csöveket',178,1,2,310,NULL,596),(353,0,'2020-02-13 09:30:00','2020-02-13 14:00:00','04:30:00.000000','Régi kapu elbontása, új beemelése.',233,1,2,305,0,595),(354,0,'2020-02-12 06:00:00','2020-02-12 08:00:00','02:00:00.000000','',178,5,4,324,NULL,434),(355,0,'2020-02-12 08:00:00','2020-02-12 08:15:00','00:15:00.000000','',118,5,4,317,NULL,121),(356,0,'2020-02-12 08:15:00','2020-02-12 08:30:00','00:15:00.000000','',118,5,4,318,NULL,122),(357,0,'2020-02-12 08:30:00','2020-02-12 08:45:00','00:15:00.000000','',118,5,4,319,NULL,123),(358,0,'2020-02-12 08:45:00','2020-02-12 09:15:00','00:30:00.000000','',118,5,4,320,NULL,460),(359,0,'2020-02-12 09:15:00','2020-02-12 09:45:00','00:30:00.000000','',118,5,4,325,NULL,118),(360,0,'2020-02-12 09:45:00','2020-02-12 13:00:00','03:15:00.000000','',118,5,4,289,NULL,546),(361,0,'2020-02-12 13:00:00','2020-02-12 14:00:00','01:00:00.000000','',118,5,4,321,NULL,144),(362,0,'2020-02-13 06:00:00','2020-02-13 08:00:00','02:00:00.000000','',465,5,4,326,NULL,465),(363,0,'2020-02-13 08:00:00','2020-02-13 10:30:00','02:30:00.000000','',118,5,4,327,NULL,144),(364,0,'2020-02-13 10:30:00','2020-02-13 12:00:00','01:30:00.000000','',233,5,4,328,NULL,557),(365,0,'2020-02-13 12:00:00','2020-02-13 14:00:00','02:00:00.000000','',139,5,4,329,NULL,433);
/*!40000 ALTER TABLE `workorder_works` ENABLE KEYS */;
UNLOCK TABLES;

--
-- Table structure for table `workorders`
--

DROP TABLE IF EXISTS `workorders`;
/*!40101 SET @saved_cs_client     = @@character_set_client */;
/*!40101 SET character_set_client = utf8 */;
CREATE TABLE `workorders` (
  `workorder_id` int(11) unsigned NOT NULL AUTO_INCREMENT,
  `main_workorder_id` int(11) unsigned DEFAULT NULL,
  `main_asset_id` smallint(3) unsigned DEFAULT NULL,
  `asset_id` smallint(3) unsigned DEFAULT NULL,
  `user_id` tinyint(3) unsigned DEFAULT NULL,
  `workorder_short` varchar(45) DEFAULT NULL,
  `workorder` varchar(500) DEFAULT NULL,
  `priority` tinyint(1) unsigned NOT NULL,
  `request_type` tinyint(2) unsigned NOT NULL,
  `workorder_time` datetime NOT NULL,
  `workorder_status` tinyint(2) unsigned NOT NULL DEFAULT '0' COMMENT 'workrequest_status:\n0. new \n1. assigned to an employee\n2.ongoing \n3. the work has been done',
  `workrequest_id` int(11) unsigned NOT NULL,
  `employee_id1` tinyint(1) unsigned NOT NULL DEFAULT '0',
  `employee_id2` tinyint(1) unsigned NOT NULL DEFAULT '0',
  `employee_id3` tinyint(1) unsigned NOT NULL DEFAULT '0',
  `employee_id4` tinyint(1) unsigned NOT NULL DEFAULT '0',
  `location_id` smallint(3) unsigned DEFAULT NULL,
  `main_location_id` smallint(3) DEFAULT NULL,
  `replace_to_product_id` smallint(5) unsigned DEFAULT NULL,
  `workorder_partner_id` smallint(3) unsigned DEFAULT '0',
  `workorder_partner_supervisor_user_id` smallint(3) unsigned DEFAULT NULL,
  `orig_asset_product_id` smallint(5) unsigned DEFAULT NULL,
  `orig_stock_location_id` smallint(3) unsigned DEFAULT NULL,
  `product_id_to_refurbish` smallint(5) unsigned DEFAULT NULL,
  `workorder_deadline` date DEFAULT NULL,
  PRIMARY KEY (`workorder_id`),
  UNIQUE KEY `workorder_id_UNIQUE` (`workorder_id`)
) ENGINE=InnoDB AUTO_INCREMENT=330 DEFAULT CHARSET=utf8;
/*!40101 SET character_set_client = @saved_cs_client */;

--
-- Dumping data for table `workorders`
--

LOCK TABLES `workorders` WRITE;
/*!40000 ALTER TABLE `workorders` DISABLE KEYS */;
INSERT INTO `workorders` VALUES (1,0,118,143,1,'csere','',3,4,'2019-09-18 11:03:09',5,1,0,0,0,1,0,0,61,0,NULL,59,NULL,NULL,NULL),(2,0,118,142,1,'csere','csere',3,4,'2019-09-18 11:05:20',5,2,0,0,0,1,0,0,58,0,NULL,57,NULL,NULL,NULL),(3,0,118,143,1,'csere','',3,4,'2019-09-18 11:07:59',5,3,0,0,0,1,0,0,59,0,NULL,61,NULL,NULL,NULL),(4,0,0,0,1,'újra raszterezés','',3,2,'2019-10-03 08:49:40',5,4,0,0,0,0,0,0,0,2,1,NULL,9,57,NULL),(5,0,0,0,1,'újra raszterezés','',3,2,'2019-10-03 08:49:40',5,5,0,0,0,0,0,0,0,2,1,NULL,9,65,NULL),(6,0,118,143,1,'csere','csere',3,4,'2019-10-29 09:54:34',5,6,0,0,0,1,0,0,61,0,NULL,59,NULL,0,NULL),(7,0,118,143,1,'csere','csere',3,4,'2019-10-29 14:45:46',5,7,0,0,0,1,0,0,59,0,NULL,61,NULL,0,NULL),(8,0,58,186,1,'cserélni','cserélni',3,1,'2019-11-20 08:24:11',5,8,0,1,0,0,0,0,0,0,NULL,NULL,NULL,0,NULL),(9,NULL,42,48,1,'csere','csere',3,1,'2019-11-20 08:29:08',5,0,0,0,0,1,NULL,NULL,78,0,0,77,NULL,NULL,NULL),(10,NULL,178,188,1,'SW2-02 henger beépítése','SW2-02 henger beépítése',3,1,'2019-11-28 08:02:58',5,0,0,0,0,1,NULL,NULL,0,0,0,NULL,NULL,NULL,NULL),(11,0,118,143,1,'csere','csere',3,4,'2019-12-02 14:58:38',5,9,0,0,0,1,0,0,61,0,NULL,59,NULL,0,NULL),(12,NULL,150,198,1,'potméter csere','',3,2,'2019-12-03 06:37:57',5,0,1,0,0,0,NULL,NULL,0,0,0,NULL,NULL,NULL,NULL),(13,NULL,150,200,1,'csere','',3,2,'2019-12-03 10:01:17',5,0,0,1,0,0,NULL,NULL,0,0,0,NULL,NULL,NULL,NULL),(14,0,118,143,1,'csere','',3,4,'2019-12-03 14:19:48',5,10,0,0,0,1,0,0,59,0,NULL,61,NULL,0,NULL),(15,0,0,0,1,'köszörülés','',3,1,'2019-12-05 06:16:15',5,11,0,0,0,0,0,0,0,4,1,NULL,4,77,NULL),(16,NULL,1,232,3,'Csapágycsere','',1,2,'2020-01-08 13:18:33',5,0,0,0,0,1,NULL,NULL,0,0,0,NULL,NULL,NULL,NULL),(17,NULL,118,142,3,'Henger csere','',3,1,'2020-01-08 13:28:54',5,0,0,0,0,1,NULL,NULL,57,0,0,58,NULL,NULL,NULL),(18,NULL,233,236,3,'Kapu javítás','',1,2,'2020-01-08 13:47:21',5,0,0,1,0,1,NULL,NULL,0,0,0,NULL,NULL,NULL,NULL),(19,NULL,118,142,1,'csere','',3,4,'2020-01-13 11:17:39',5,0,0,0,0,1,NULL,NULL,58,0,0,57,NULL,NULL,NULL),(20,NULL,118,123,1,'hibakeresés: szakad a pálya','',1,2,'2020-01-13 13:57:37',5,0,0,1,0,0,NULL,NULL,0,0,0,NULL,NULL,NULL,NULL),(21,0,139,361,1,'javítás','',2,2,'2020-01-14 13:04:03',5,13,0,1,0,1,0,0,0,0,NULL,NULL,NULL,0,NULL),(22,0,139,318,1,'javítás','',2,2,'2020-01-14 13:04:50',5,21,0,1,0,1,0,0,0,0,0,NULL,NULL,0,NULL),(23,0,139,297,1,'javítás','',2,2,'2020-01-14 13:04:51',5,19,0,1,0,1,0,0,0,0,0,NULL,NULL,0,NULL),(24,0,139,296,1,'javítás','',2,2,'2020-01-14 13:04:51',5,18,0,1,0,1,0,0,0,0,0,NULL,NULL,0,NULL),(25,25,28,0,1,'','',3,2,'2020-01-16 10:10:02',5,0,0,1,0,0,0,0,0,0,NULL,NULL,NULL,0,NULL),(26,25,28,404,1,'vész nyugtázógomb csere','',3,2,'2020-01-16 10:10:02',5,25,0,1,0,0,0,0,0,0,NULL,NULL,NULL,0,NULL),(27,25,28,404,1,'stop gomb csere','',3,2,'2020-01-16 10:10:02',5,24,0,1,0,0,0,0,0,0,NULL,NULL,NULL,0,NULL),(28,0,204,375,1,'fegyverzetek tisztítása','1. Külső burkolat eltávolítása. 2. Fegyverzetek átkötése (ne essenek ki). 2. Pneumatika henger rúdjának lekötése. 3. Leeresztés, tisztítás.',3,1,'2020-01-16 12:35:16',5,26,0,1,0,0,0,0,0,0,0,NULL,NULL,0,NULL),(29,0,118,143,1,'csere  01.20','',3,4,'2020-01-20 09:56:41',5,12,0,0,0,1,0,0,61,0,NULL,59,NULL,0,NULL),(30,0,171,171,1,'ellenörzés','Worthington, Kaeser és Boge kompresszorok és hűtveszárítók szemrevételezése.',3,1,'2020-01-21 11:58:10',5,29,0,1,0,0,0,0,0,0,NULL,NULL,NULL,0,NULL),(31,0,169,169,1,'ellenörzés','Vízlágyító, bálakazán, Polytype gázkazán, gyorgőzfejlesztő és azok vezetékeinek külső szemrevételezése. Táptartály vízszintellenőrzése a Polytype csarnokban.',2,1,'2020-01-21 11:58:20',5,28,0,1,0,0,0,0,0,0,0,NULL,NULL,0,NULL),(32,33,58,421,1,'ellenörzés','Vezérlőpanelek szemrevételezése, vészgombok működöképességének ellenőrzése',3,1,'2020-01-21 12:03:34',5,30,0,1,0,0,0,0,0,0,NULL,NULL,NULL,0,NULL),(33,33,58,0,1,'','',3,1,'2020-01-21 12:06:54',5,0,0,1,0,0,0,0,0,0,NULL,NULL,NULL,0,NULL),(34,33,58,422,1,'ellenörzés','pneumatika rendszer tömítettségének, ellenőrzése, egyes részegységek szemrevételezése',3,1,'2020-01-21 12:06:54',5,31,0,1,0,0,0,0,0,0,NULL,NULL,NULL,0,NULL),(35,35,423,0,1,'','',3,1,'2020-01-21 13:03:54',5,0,0,1,0,0,0,0,0,0,NULL,NULL,NULL,0,NULL),(36,35,423,425,1,'ellenörzés','pneumatika rendszer tömítettségének, ellenőrzése, egyes részegységek szemrevételezése',3,1,'2020-01-21 13:03:54',5,33,0,1,0,0,0,0,0,0,NULL,NULL,NULL,0,NULL),(37,35,423,424,1,'ellenörzés','Kezelőpanelek működtető elemeinek szemrevételezése, vészgombok működésének ellenőrzése',3,1,'2020-01-21 14:38:53',5,32,0,1,0,0,0,0,0,0,NULL,NULL,NULL,0,NULL),(38,0,28,403,1,'ellenörzés','Kezelőpanelek működtető elemeinek szemrevételezése, vészgombok működésének ellenőrzése',3,1,'2020-01-21 14:57:56',5,34,0,1,0,0,0,0,0,0,NULL,NULL,NULL,0,NULL),(39,0,28,427,1,'ellenörzés','pneumatika rendszer tömítettségének, ellenőrzése, egyes részegységek szemrevételezése',3,1,'2020-01-21 15:11:46',5,35,0,1,0,0,0,0,0,0,NULL,NULL,NULL,0,NULL),(40,NULL,118,143,1,'csere','',3,4,'2020-01-21 15:16:52',5,0,0,0,0,1,NULL,NULL,59,0,0,61,NULL,NULL,NULL),(41,NULL,58,100,1,'ellenőrzés','',3,2,'2020-01-22 06:26:43',5,0,0,1,0,0,NULL,NULL,0,0,0,NULL,NULL,NULL,NULL),(42,0,169,169,1,'ellenörzés','Vízlágyító, bálakazán, Polytype gázkazán, gyorgőzfejlesztő és azok vezetékeinek külső szemrevételezése. Táptartály vízszintellenőrzése a Polytype csarnokban.',3,1,'2020-01-22 06:30:35',5,28,0,1,0,0,0,0,0,0,NULL,NULL,NULL,0,NULL),(43,0,171,171,1,'ellenörzés','Worthington, Kaeser és Boge kompresszorok és hűtveszárítók szemrevételezése.',3,1,'2020-01-22 06:30:43',5,29,0,1,0,0,0,0,0,0,NULL,NULL,NULL,0,NULL),(44,0,139,139,1,'gépóraállások leolvasása','',3,4,'2020-01-22 13:28:33',5,37,0,1,0,0,0,0,0,0,NULL,NULL,NULL,0,NULL),(45,0,233,233,1,'gépóraállások leolvasása','',3,4,'2020-01-22 13:28:39',5,36,0,1,0,0,0,0,0,0,NULL,NULL,NULL,0,NULL),(46,NULL,139,429,1,'fénycsőcsere','',2,1,'2020-01-22 13:32:56',5,0,0,1,0,0,NULL,NULL,0,0,0,NULL,NULL,NULL,NULL),(47,NULL,139,237,1,'hajtómű javítása','',1,2,'2020-01-22 13:34:50',5,0,0,1,0,1,NULL,NULL,0,0,0,NULL,NULL,NULL,NULL),(48,70,178,431,1,'megszűnt dolgok visszabontása','',3,1,'2020-01-22 13:37:31',3,0,0,1,0,0,NULL,NULL,0,0,0,NULL,NULL,NULL,NULL),(49,NULL,233,414,1,'ellenőrzés','',3,2,'2020-01-22 13:39:14',5,0,0,1,0,0,NULL,NULL,0,0,0,NULL,NULL,NULL,NULL),(50,0,58,60,1,'vezetőhengerek ellenörzése','Csapágyak ellenőrzése, szükség szerint cseréje.',3,1,'2020-01-22 13:47:18',5,38,0,0,0,1,0,0,0,0,NULL,NULL,NULL,0,NULL),(51,0,139,139,1,'energiaórák leolvasása','',3,4,'2020-01-22 13:47:28',5,40,0,0,0,1,0,0,0,0,NULL,NULL,NULL,0,NULL),(52,0,233,233,1,'energiaórák leolvasása','',3,4,'2020-01-22 13:47:34',5,39,0,0,0,1,0,0,0,0,NULL,NULL,NULL,0,NULL),(53,0,1,34,1,'felsőkések élezése','',3,1,'2020-01-22 13:51:36',5,41,0,0,0,1,0,0,0,0,NULL,NULL,NULL,0,NULL),(54,0,171,171,1,'ellenörzés','Worthington, Kaeser és Boge kompresszorok és hűtveszárítók szemrevételezése.',3,1,'2020-01-22 13:56:59',5,29,0,1,0,0,0,0,0,0,NULL,NULL,NULL,0,NULL),(55,0,169,169,1,'ellenörzés','Vízlágyító, bálakazán, Polytype gázkazán, gyorgőzfejlesztő és azok vezetékeinek külső szemrevételezése. Táptartály vízszintellenőrzése a Polytype csarnokban.',3,1,'2020-01-22 13:57:25',5,28,0,1,0,0,0,0,0,0,NULL,NULL,NULL,0,NULL),(56,NULL,139,432,1,'kapcsoló javítása','',2,1,'2020-01-22 14:00:00',5,0,0,1,0,0,NULL,NULL,0,0,0,NULL,NULL,NULL,NULL),(57,NULL,58,428,1,'fénycsőcsere','',3,1,'2020-01-22 14:02:05',5,0,0,1,0,0,NULL,NULL,0,0,0,NULL,NULL,NULL,NULL),(58,NULL,139,216,1,'anyagok rendezése','tartalékalkatrészek rendszerezése',2,1,'2020-01-22 14:03:29',5,0,0,1,0,0,NULL,NULL,0,0,0,NULL,NULL,NULL,NULL),(59,NULL,139,433,1,'rendszerezés','elektromos anyagok rendezése, takarítás',2,1,'2020-01-22 14:05:46',5,0,0,1,0,0,NULL,NULL,0,0,0,NULL,NULL,NULL,NULL),(60,NULL,28,391,1,'segédcsőtengely leszerelése','',1,4,'2020-01-23 07:34:02',5,0,0,0,0,1,NULL,NULL,0,0,0,NULL,NULL,NULL,NULL),(61,NULL,178,439,1,'ellenőrzés','ellenőrzés olajszivárgás miatt',2,1,'2020-01-23 08:07:20',5,0,0,0,0,0,NULL,NULL,0,0,0,NULL,NULL,NULL,NULL),(62,NULL,178,440,1,'takarítás','kármentő takarítása',2,1,'2020-01-23 08:13:19',5,0,0,0,0,1,NULL,NULL,0,0,0,NULL,NULL,NULL,NULL),(63,0,171,171,1,'ellenörzés','Worthington, Kaeser és Boge kompresszorok és hűtveszárítók szemrevételezése.',3,1,'2020-01-23 12:34:45',5,29,0,1,0,0,0,0,0,0,NULL,NULL,NULL,0,NULL),(64,0,169,169,1,'ellenörzés','Vízlágyító, bálakazán, Polytype gázkazán, gyorgőzfejlesztő és azok vezetékeinek külső szemrevételezése. Táptartály vízszintellenőrzése a Polytype csarnokban.',3,1,'2020-01-23 12:34:59',5,28,0,1,0,0,0,0,0,0,NULL,NULL,NULL,0,NULL),(65,NULL,178,437,1,'olajszintek ellenőrzése','',2,1,'2020-01-23 12:54:38',5,0,0,0,0,1,NULL,NULL,0,0,0,NULL,NULL,NULL,NULL),(66,NULL,139,441,1,'belementek -> javítani','',2,2,'2020-01-23 13:00:57',5,0,0,0,0,1,NULL,NULL,0,0,0,NULL,NULL,NULL,NULL),(67,NULL,442,442,1,'tisztítás','',2,1,'2020-01-23 13:03:40',5,0,0,0,0,1,NULL,NULL,0,0,0,NULL,NULL,NULL,NULL),(68,0,171,171,1,'ellenörzés','Worthington, Kaeser és Boge kompresszorok és hűtveszárítók szemrevételezése.',3,1,'2020-01-23 14:19:18',5,29,0,1,0,0,0,0,0,0,NULL,NULL,NULL,0,NULL),(69,0,169,169,1,'ellenörzés','Vízlágyító, bálakazán, Polytype gázkazán, gyorgőzfejlesztő és azok vezetékeinek külső szemrevételezése. Táptartály vízszintellenőrzése a Polytype csarnokban.',3,1,'2020-01-23 14:19:28',5,28,0,1,0,0,0,0,0,0,NULL,NULL,NULL,0,NULL),(70,70,178,0,1,'','',3,1,'2020-01-24 06:05:18',2,0,0,1,0,1,0,0,0,0,NULL,NULL,NULL,0,NULL),(71,70,178,443,1,'szekrényszűrők tisztítás','szekrényszűrők ',3,1,'2020-01-24 06:05:18',5,42,0,1,0,0,0,0,0,0,NULL,NULL,NULL,0,NULL),(72,NULL,178,444,1,'hibakeresés-javítás: megszorult','',1,1,'2020-01-24 06:07:38',5,0,0,1,0,0,NULL,NULL,0,0,0,NULL,NULL,NULL,NULL),(73,NULL,178,446,1,'visszaállítás','',1,2,'2020-01-24 06:10:53',5,0,0,1,0,0,NULL,NULL,0,0,0,NULL,NULL,NULL,NULL),(74,0,447,448,1,'ellenörzés, tisztítás','Hőcserélő tisztítása, vízszint ellenőrzése, esetleges vízszivárgások felderítése.',3,1,'2020-01-24 06:17:06',5,43,0,1,0,0,0,0,0,0,NULL,NULL,NULL,0,NULL),(75,NULL,118,449,1,'beüzemelés','szélvízellátás kipróbálása ',3,4,'2020-01-24 06:22:44',5,0,0,1,0,0,NULL,NULL,0,0,0,NULL,NULL,NULL,NULL),(76,NULL,204,419,1,'új dugalj felszerelése','dugalj kiépítése a stecklámpához',2,3,'2020-01-24 06:24:45',5,0,0,1,0,0,NULL,NULL,0,0,0,NULL,NULL,NULL,NULL),(77,NULL,178,445,1,'indítás','zavarjelek törlése, indítás',1,4,'2020-01-24 06:37:06',5,0,0,1,0,0,NULL,NULL,0,0,0,NULL,NULL,NULL,NULL),(78,0,450,450,1,'desztillált víz feltöltés','',3,1,'2020-01-24 08:25:08',5,44,0,0,0,1,0,0,0,0,NULL,NULL,NULL,0,NULL),(79,NULL,233,233,1,'spaniferek javítása','',2,4,'2020-01-24 08:51:07',5,0,0,0,0,0,NULL,NULL,0,0,0,NULL,NULL,NULL,NULL),(80,0,171,171,1,'ellenörzés','Worthington, Kaeser és Boge kompresszorok és hűtveszárítók szemrevételezése.',3,1,'2020-01-24 08:54:44',5,29,0,1,0,0,0,0,0,0,NULL,NULL,NULL,0,NULL),(81,0,169,169,1,'ellenörzés','Vízlágyító, bálakazán, Polytype gázkazán, gyorgőzfejlesztő és azok vezetékeinek külső szemrevételezése. Táptartály vízszintellenőrzése a Polytype csarnokban.',3,1,'2020-01-24 08:54:52',5,28,0,1,0,0,0,0,0,0,NULL,NULL,NULL,0,NULL),(82,NULL,118,127,1,'szélvízszivattyú próbája','',2,3,'2020-01-24 11:04:18',3,0,0,1,0,0,NULL,NULL,0,0,0,NULL,NULL,NULL,NULL),(83,83,118,0,1,'','',3,1,'2020-01-24 11:05:57',5,0,0,1,0,1,0,0,0,0,NULL,NULL,NULL,0,NULL),(84,83,118,460,1,'szenzorok tisztítása','',3,1,'2020-01-24 11:05:57',5,49,0,1,0,0,0,0,0,0,NULL,NULL,NULL,0,NULL),(85,83,118,463,1,'klímák karbantartása','',2,1,'2020-01-24 11:05:57',5,48,0,1,0,0,0,0,0,0,0,NULL,NULL,0,NULL),(86,83,118,118,1,'ffénysorompók tisztítása','',3,1,'2020-01-24 11:05:57',5,47,0,1,0,0,0,0,0,0,NULL,NULL,NULL,0,NULL),(87,83,118,124,1,'gázégők ellenőrzése','➢ Teljes gázégő rendszer tisztítása (szennyeződés, por) száraz ruhával, vagy porszívóval.\r\n➢ Szivárgásjelző spray-vel a csővezetékek és gazégő szivárgásmentességének ellenőrzése.\r\n➢ A teljes égőrendszer sérülésmentességének ellenőrzése szemrevételezéssel.\r\n➢ A vezérlőszekrény és hozzá tartozó kábelek épségének ellenőrzése.\r\n➢ A rudazat állapotának ellenőrzése (szervomotor és gázszelep között).',3,1,'2020-01-24 11:05:57',5,46,0,1,0,0,0,0,0,0,NULL,NULL,NULL,0,NULL),(88,83,118,457,1,'tisztítás','Meech antisztatizáló (10 db) tisztítása. Az emitter tűk legegyszerűbben fogkefével tisztíthatók, szüksége estén izopropilén alkohollal nedvesített ruha is használható. Ha a LED nem a zölden világít rajta, hanem a piros villog, akkor elszennyeződött és tisztítás szükséges.',3,1,'2020-01-24 11:05:57',5,45,0,1,0,0,0,0,0,0,NULL,NULL,NULL,0,NULL),(89,83,118,124,1,'Gázszűrők tisztítása','',3,1,'2020-01-24 11:17:51',5,50,0,1,0,0,0,0,0,0,NULL,NULL,NULL,0,NULL),(90,NULL,233,464,1,'takarítás','',2,1,'2020-01-24 11:30:52',5,0,0,1,0,0,NULL,NULL,0,0,0,NULL,NULL,NULL,NULL),(91,0,465,465,1,'desztillált víz feltöltés','',3,1,'2020-01-24 11:43:55',5,51,0,0,0,1,0,0,0,0,NULL,NULL,NULL,0,NULL),(92,NULL,139,466,1,'takarítás','',2,1,'2020-01-24 11:46:52',5,0,0,0,0,1,NULL,NULL,0,0,0,NULL,NULL,NULL,NULL),(93,NULL,139,467,1,'hősugárzó cseréje','',2,1,'2020-01-24 11:48:37',5,0,0,0,0,1,NULL,NULL,0,0,0,NULL,NULL,NULL,NULL),(94,83,118,118,1,'kenési pontok zsírzása','',3,1,'2020-01-24 11:50:43',5,52,0,0,0,1,0,0,0,0,NULL,NULL,NULL,0,NULL),(95,95,58,0,1,'','',3,1,'2020-01-24 12:33:53',5,0,0,0,0,1,0,0,0,0,NULL,NULL,NULL,0,NULL),(96,95,58,58,1,'kenési pontok zsírzása','',3,1,'2020-01-24 12:33:53',5,54,0,0,0,1,0,0,0,0,NULL,NULL,NULL,0,NULL),(97,95,58,58,1,'ellenőrzés','Hajtóművek olajszintjének ellenőrzése, szükség esetén feltöltésük. \r\nHajtószíjak állapotának és feszességének ellenőrzése a fel- és letekercselőknél, vákuumhengernél és az elszívó ventilátornál. \r\nForgó átvezetők (vízfejek) ellenőrzése, csöpögés esetén cseréjük.\r\nExpanziós tengelyek és befogófejek ellenőrzése.',3,1,'2020-01-24 12:33:53',5,53,0,0,0,1,0,0,0,0,NULL,NULL,NULL,0,NULL),(98,95,58,60,1,'vezetőhengerek ellenörzése','Csapágyak ellenőrzése, szükség szerint cseréje.',3,1,'2020-01-24 12:34:19',5,38,0,0,0,1,0,0,0,0,NULL,NULL,NULL,0,NULL),(99,NULL,139,139,1,'spaniferek végtelenítése','',2,4,'2020-01-24 12:37:25',5,0,0,0,0,1,NULL,NULL,0,0,0,NULL,NULL,NULL,NULL),(100,NULL,139,433,1,'takarítás','',3,1,'2020-01-25 13:29:24',5,0,0,0,0,1,NULL,NULL,0,0,0,NULL,NULL,NULL,NULL),(101,NULL,170,170,1,'olajos víz hordócsere','',2,1,'2020-01-25 13:30:29',5,0,0,0,0,1,NULL,NULL,0,0,0,NULL,NULL,NULL,NULL),(102,NULL,139,139,1,'spaniferek végtelenítése','',1,4,'2020-01-25 13:31:17',5,0,0,0,0,1,NULL,NULL,0,0,0,NULL,NULL,NULL,NULL),(103,83,118,468,1,'szűrőbetétek tisztítása','',3,1,'2020-01-25 13:42:48',5,56,0,0,0,1,0,0,0,0,NULL,NULL,NULL,0,NULL),(104,83,118,144,1,'kondenzszűrő tisztítása','',3,1,'2020-01-25 13:42:48',5,55,0,0,0,1,0,0,0,0,NULL,NULL,NULL,0,NULL),(105,0,171,171,1,'ellenörzés','Worthington, Kaeser és Boge kompresszorok és hűtveszárítók szemrevételezése.',3,1,'2020-01-25 15:39:33',5,29,0,1,0,0,0,0,0,0,NULL,NULL,NULL,0,NULL),(106,0,169,169,1,'ellenörzés','Vízlágyító, bálakazán, Polytype gázkazán, gyorgőzfejlesztő és azok vezetékeinek külső szemrevételezése. Táptartály vízszintellenőrzése a Polytype csarnokban.',3,1,'2020-01-25 15:39:48',5,28,0,1,0,0,0,0,0,0,NULL,NULL,NULL,0,NULL),(107,0,139,139,1,'gépóraállások leolvasása','',3,4,'2020-01-25 15:40:06',5,37,0,1,0,0,0,0,0,0,NULL,NULL,NULL,0,NULL),(108,0,233,233,1,'gépóraállások leolvasása','',3,4,'2020-01-25 15:40:15',5,36,0,1,0,0,0,0,0,0,NULL,NULL,NULL,0,NULL),(109,109,58,0,1,'','',3,1,'2020-01-25 15:41:21',5,0,0,1,0,0,0,0,0,0,NULL,NULL,NULL,0,NULL),(110,109,58,451,1,'szekrényszűrők tisztítás','',3,1,'2020-01-25 15:41:21',5,57,0,1,0,0,0,0,0,0,NULL,NULL,NULL,0,NULL),(111,109,58,422,1,'ellenörzés','pneumatika rendszer tömítettségének, ellenőrzése, egyes részegységek szemrevételezése',3,1,'2020-01-25 15:41:22',5,31,0,1,0,0,0,0,0,0,NULL,NULL,NULL,0,NULL),(112,109,58,421,1,'ellenörzés','Vezérlőpanelek szemrevételezése, vészgombok működöképességének ellenőrzése',3,1,'2020-01-25 15:41:22',5,30,0,1,0,0,0,0,0,0,NULL,NULL,NULL,0,NULL),(113,109,58,470,1,'ellenőrzés','külső szemrevételezés, lángérzékelők hűtőlevegő csövének ellenőrzése',3,1,'2020-01-25 15:56:02',5,58,0,1,0,0,0,0,0,0,NULL,NULL,NULL,0,NULL),(114,0,171,171,1,'ellenörzés','Worthington, Kaeser és Boge kompresszorok és hűtveszárítók szemrevételezése.',3,1,'2020-01-26 08:34:48',5,29,0,1,0,0,0,0,0,0,NULL,NULL,NULL,0,NULL),(115,0,169,169,1,'ellenörzés','Vízlágyító, bálakazán, Polytype gázkazán, gyorgőzfejlesztő és azok vezetékeinek külső szemrevételezése. Táptartály vízszintellenőrzése a Polytype csarnokban.',3,1,'2020-01-26 08:43:16',5,28,0,1,0,0,0,0,0,0,NULL,NULL,NULL,0,NULL),(116,83,118,471,1,'tisztítás','Koronakezelő befúvó ventilátor szűrőjének tisztítása, szükség esetén cseréje.\r\n• Koronakezelő kerámia elektródáinak tisztítása. \r\n• Koronakezelő vezérlőszekrény ventilátor szűrőinek tisztítása. ',3,1,'2020-01-26 08:54:34',5,59,0,1,0,0,0,0,0,0,NULL,NULL,NULL,0,NULL),(117,83,118,463,1,'ellenőrzés','Kezelőpanelek működtető elemeinek szemrevételezése, vészgombok működésének ellenőrzése',3,1,'2020-01-26 09:32:19',5,60,0,1,0,0,0,0,0,0,0,NULL,NULL,0,NULL),(118,202,58,451,1,'portalanítás','',3,1,'2020-01-26 09:46:16',5,61,0,1,0,0,0,0,0,0,NULL,NULL,NULL,0,NULL),(119,NULL,473,474,1,'javítás','belementek-> ellenőrzés, javítás',1,2,'2020-01-27 07:18:35',5,0,0,1,0,1,NULL,NULL,0,0,0,NULL,NULL,NULL,NULL),(120,0,171,171,1,'ellenörzés','Worthington, Kaeser és Boge kompresszorok és hűtveszárítók szemrevételezése.',3,1,'2020-01-27 07:19:29',5,29,0,1,0,0,0,0,0,0,NULL,NULL,NULL,0,NULL),(121,0,169,169,1,'ellenörzés','Vízlágyító, bálakazán, Polytype gázkazán, gyorgőzfejlesztő és azok vezetékeinek külső szemrevételezése. Táptartály vízszintellenőrzése a Polytype csarnokban.',3,1,'2020-01-27 07:19:38',5,28,0,1,0,0,0,0,0,0,NULL,NULL,NULL,0,NULL),(122,122,204,0,1,'','',3,1,'2020-01-27 07:40:06',5,0,0,1,0,0,0,0,0,0,NULL,NULL,NULL,0,NULL),(123,122,204,478,1,'ellenőrzés','jelzőlámpák kezelőszervek ellenőrzése, vészgombok, kötélkapcsolók próbája',3,1,'2020-01-27 07:40:06',5,63,0,1,0,0,0,0,0,0,NULL,NULL,NULL,0,NULL),(124,122,204,477,1,'szekrényszűrők tisztítása','',3,1,'2020-01-27 07:40:06',5,62,0,1,0,0,0,0,0,0,NULL,NULL,NULL,0,NULL),(125,122,204,475,1,'ellenörzés','Ellenőrizze a kondenzátum elvezetést és szükség esetén tisztítsa meg a bemeneti szűrőt.\r\nlevegőszivárgások felderítése',3,1,'2020-01-27 07:46:11',5,64,0,1,0,0,0,0,0,0,NULL,NULL,NULL,0,NULL),(126,NULL,233,236,1,'belementek -> javítani','',1,2,'2020-01-27 07:50:27',5,0,0,1,0,1,NULL,NULL,0,0,0,NULL,NULL,NULL,NULL),(128,128,204,0,1,'','',3,1,'2020-01-27 07:51:37',5,0,0,1,0,1,0,0,0,0,NULL,NULL,NULL,0,NULL),(129,128,204,477,1,'portalanítás','',3,1,'2020-01-27 07:51:37',5,65,0,1,0,0,0,0,0,0,NULL,NULL,NULL,0,NULL),(130,0,383,383,1,'ellenörzés','általános mechanikai ellenőrzés',3,1,'2020-01-27 08:42:45',3,66,0,0,0,1,0,0,0,0,NULL,NULL,NULL,0,NULL),(131,128,204,204,1,'kenési pontok zsírzása','Kenje meg a letekercselők és feltekercselő a tekercstartó karok vezetőit orsóit általános\r\nolajjal.\r\nKenje meg a letekercselők és feltekercselő csapjait, amelyre a tekercstartó kúp rögzítve van\r\n(Zsír 1 kategóriából a Shell Super Grease G2).\r\nKenje meg a letekercselők és feltekercselő (Zsír 1) golyós csapágyait zsírzó pumpával zsírzó\r\nszemen keresztül.\r\nKenje meg általános olajjal a bevonó vezetősínjeit, amely a bevonó kocsi behelyezésére szolgál.',3,1,'2020-01-27 09:00:03',5,68,0,0,0,1,0,0,0,0,NULL,NULL,NULL,0,NULL),(132,128,204,479,1,'szűrők tisztítása','szűrők tisztítása, szükség szerint cseréje',3,1,'2020-01-27 09:00:03',5,67,0,0,0,1,0,0,0,0,NULL,NULL,NULL,0,NULL),(133,133,28,0,1,'','',3,1,'2020-01-27 09:08:45',5,0,0,0,0,1,0,0,0,0,NULL,NULL,NULL,0,NULL),(134,133,28,28,1,'kenési pontok zsírzása','l',3,1,'2020-01-27 09:08:45',5,71,0,0,0,1,0,0,0,0,NULL,NULL,NULL,0,NULL),(135,133,28,28,1,'hajtószíjak ellenőrzése','',3,1,'2020-01-27 09:08:45',5,70,0,0,0,1,0,0,0,0,NULL,NULL,NULL,0,NULL),(136,133,28,390,1,'karbantartás','szétszerelés, tisztítás, csúszóléc cseréje szükség szerint, összeszerelés',3,1,'2020-01-27 09:08:45',5,69,0,0,0,1,0,0,0,0,NULL,NULL,NULL,0,NULL),(137,133,28,388,1,'karbantartás','szétszerelés, tisztítás, csúszóléc cseréje szükség szerint, összeszerelés',3,1,'2020-01-27 09:08:45',5,27,0,0,0,1,0,0,0,0,NULL,NULL,NULL,0,NULL),(138,NULL,178,434,1,'kaparópengék készítése','',2,1,'2020-01-27 09:12:26',5,0,0,0,0,1,NULL,NULL,0,0,0,NULL,NULL,NULL,NULL),(139,0,465,465,1,'desztillált víz feltöltés','',3,1,'2020-01-27 09:13:04',5,51,0,0,0,1,0,0,0,0,NULL,NULL,NULL,0,NULL),(140,NULL,139,466,1,'takarítás','',2,1,'2020-01-27 09:14:01',5,0,0,0,0,1,NULL,NULL,0,0,0,NULL,NULL,NULL,NULL),(141,NULL,28,206,1,'csapágyazás','',3,1,'2020-01-27 09:53:43',5,0,0,0,0,1,NULL,NULL,0,0,0,NULL,NULL,NULL,NULL),(142,143,28,480,1,'szűrők tisztítása','',3,1,'2020-01-27 10:01:29',5,72,0,1,0,0,0,0,0,0,NULL,NULL,NULL,0,NULL),(143,143,28,0,1,'','',3,1,'2020-01-27 10:01:49',5,0,0,1,0,0,0,0,0,0,NULL,NULL,NULL,0,NULL),(144,143,28,427,1,'ellenörzés','pneumatika rendszer tömítettségének, ellenőrzése, egyes részegységek szemrevételezése',3,1,'2020-01-27 10:01:49',5,35,0,1,0,0,0,0,0,0,NULL,NULL,NULL,0,NULL),(145,0,171,171,1,'ellenörzés','Worthington, Kaeser és Boge kompresszorok és hűtveszárítók szemrevételezése.',3,1,'2020-01-27 10:02:05',5,29,0,1,0,0,0,0,0,0,NULL,NULL,NULL,0,NULL),(146,0,169,169,1,'ellenörzés','Vízlágyító, bálakazán, Polytype gázkazán, gyorgőzfejlesztő és azok vezetékeinek külső szemrevételezése. Táptartály vízszintellenőrzése a Polytype csarnokban.',3,1,'2020-01-27 10:02:16',5,28,0,1,0,0,0,0,0,0,NULL,NULL,NULL,0,NULL),(147,NULL,169,482,1,'érzékelő visszakötése','',3,2,'2020-01-27 10:51:12',5,0,0,1,0,0,NULL,NULL,0,0,0,NULL,NULL,NULL,NULL),(148,0,171,171,1,'ellenörzés','Worthington, Kaeser és Boge kompresszorok és hűtveszárítók szemrevételezése.',3,1,'2020-01-27 10:51:48',5,29,0,1,0,0,0,0,0,0,NULL,NULL,NULL,0,NULL),(149,0,169,169,1,'ellenörzés','Vízlágyító, bálakazán, Polytype gázkazán, gyorgőzfejlesztő és azok vezetékeinek külső szemrevételezése. Táptartály vízszintellenőrzése a Polytype csarnokban.',3,1,'2020-01-27 10:51:52',5,28,0,1,0,0,0,0,0,0,NULL,NULL,NULL,0,NULL),(150,NULL,118,167,1,'csere, próba','',2,2,'2020-01-27 10:55:36',5,0,0,1,0,0,NULL,NULL,0,0,0,NULL,NULL,NULL,NULL),(151,NULL,118,483,1,'ajtó ellenőrzés','',2,1,'2020-01-27 10:57:32',5,0,0,0,0,1,NULL,NULL,0,0,0,NULL,NULL,NULL,NULL),(152,NULL,233,415,1,'megszűnt kábel elbontása','',3,1,'2020-01-27 10:59:52',5,0,0,1,0,0,NULL,NULL,0,0,0,NULL,NULL,NULL,NULL),(153,NULL,139,256,1,'fénycsőcsere','',2,1,'2020-01-27 11:26:47',5,0,0,1,0,0,NULL,NULL,0,0,0,NULL,NULL,NULL,NULL),(154,154,42,0,1,'','',3,1,'2020-01-27 14:37:19',5,0,0,0,0,1,0,0,0,0,NULL,NULL,NULL,0,NULL),(155,154,42,42,1,'kenési pontok zsírzása','zsírzópontok, \"S\" hengerek fogaskerekei',3,1,'2020-01-27 14:37:19',5,77,0,0,0,1,0,0,0,0,NULL,NULL,NULL,0,NULL),(156,154,42,42,1,'vezetőhengerek ellenőrzése','',3,1,'2020-01-27 14:37:19',5,76,0,0,0,1,0,0,0,0,NULL,NULL,NULL,0,NULL),(157,154,42,42,1,'feszességmérők kalibrálása','',3,1,'2020-01-27 14:37:56',5,78,0,1,0,0,0,0,0,0,NULL,NULL,NULL,0,NULL),(158,154,42,488,1,'klímák tisztítása','+Szellőzőventilátorok szűrőinek tisztítása',3,1,'2020-01-27 14:37:56',5,75,0,1,0,0,0,0,0,0,NULL,NULL,NULL,0,NULL),(159,154,42,486,1,'ellenörzés','Tömítettség ellenőrzése (csatlakozások, pneumatikus vezetékek épsége) \r\nEllenőrizze a kondenzátum elvezetést és tisztítsa meg a bemeneti szűrőt a felhordóműnél és letekercselőnél (csavarja ki az edényt és fújja ki sűrített levegővel, szükség esetén cserélje a szűrőt). (ICO gép a kasírozónál, Valco, hordómelegítők, puffer tartály, IST)',3,1,'2020-01-27 14:37:56',5,74,0,1,0,0,0,0,0,0,NULL,NULL,NULL,0,NULL),(160,0,465,465,1,'desztillált víz feltöltés','',3,1,'2020-01-27 14:44:16',5,51,0,0,0,1,0,0,0,0,NULL,NULL,NULL,0,NULL),(161,NULL,103,103,1,'belementek -> javítani','',1,2,'2020-01-27 14:48:49',5,0,0,1,0,0,NULL,NULL,0,0,0,NULL,NULL,NULL,NULL),(162,154,42,489,1,'ellenőrzés, tisztítás','',3,1,'2020-01-27 14:50:25',5,79,0,1,0,0,0,0,0,0,NULL,NULL,NULL,0,NULL),(163,NULL,233,413,1,'ellenőrzés','',2,1,'2020-01-27 14:57:05',5,0,0,1,0,0,NULL,NULL,0,0,0,NULL,NULL,NULL,NULL),(164,0,171,171,1,'ellenörzés','Worthington, Kaeser és Boge kompresszorok és hűtveszárítók szemrevételezése.',3,1,'2020-01-27 14:58:51',5,29,0,1,0,0,0,0,0,0,NULL,NULL,NULL,0,NULL),(165,0,169,169,1,'ellenörzés','Vízlágyító, bálakazán, Polytype gázkazán, gyorgőzfejlesztő és azok vezetékeinek külső szemrevételezése. Táptartály vízszintellenőrzése a Polytype csarnokban.',3,1,'2020-01-27 14:58:59',5,28,0,1,0,0,0,0,0,0,NULL,NULL,NULL,0,NULL),(166,0,171,171,1,'ellenörzés','Worthington, Kaeser és Boge kompresszorok és hűtveszárítók szemrevételezése.',3,1,'2020-01-27 15:04:41',5,29,0,1,0,0,0,0,0,0,NULL,NULL,NULL,0,NULL),(167,0,169,169,1,'ellenörzés','Vízlágyító, bálakazán, Polytype gázkazán, gyorgőzfejlesztő és azok vezetékeinek külső szemrevételezése. Táptartály vízszintellenőrzése a Polytype csarnokban.',3,1,'2020-01-27 15:04:49',5,28,0,1,0,0,0,0,0,0,NULL,NULL,NULL,0,NULL),(168,NULL,178,491,1,'javítás','',3,2,'2020-01-27 15:07:35',5,0,0,1,0,1,NULL,NULL,0,0,0,NULL,NULL,NULL,NULL),(169,NULL,178,241,1,'javítás','',3,1,'2020-01-27 15:08:18',5,0,0,1,0,1,NULL,NULL,0,0,0,NULL,NULL,NULL,NULL),(170,NULL,496,497,1,'javítás','lassan forog',1,2,'2020-01-27 15:12:51',5,0,0,1,0,0,NULL,NULL,0,0,0,NULL,NULL,NULL,NULL),(171,NULL,171,174,1,'ideiglenes vezeték kiépítése','áramszünet miatt (?) behalt a kompresszor',1,2,'2020-01-28 06:36:34',5,0,1,0,0,1,NULL,NULL,0,0,0,NULL,NULL,NULL,NULL),(172,NULL,113,113,1,'rögzítés','',3,3,'2020-01-28 11:29:16',5,0,0,0,0,1,NULL,NULL,0,0,0,NULL,NULL,NULL,NULL),(173,NULL,118,124,1,'szívóasztal hengerek átnézése','',1,3,'2020-01-28 11:30:38',5,0,0,0,0,1,NULL,NULL,0,0,0,NULL,NULL,NULL,NULL),(174,0,0,0,1,'csapágycsere','',0,2,'2020-01-28 11:45:28',5,80,0,1,0,0,0,0,0,0,NULL,NULL,433,103,NULL),(175,NULL,178,178,1,'adatkábel készítése','',3,3,'2020-01-28 11:46:15',5,0,0,1,0,0,NULL,NULL,0,0,0,NULL,NULL,NULL,NULL),(176,0,171,171,1,'ellenörzés','Worthington, Kaeser és Boge kompresszorok és hűtveszárítók szemrevételezése.',3,1,'2020-01-28 11:46:50',5,29,0,1,0,0,0,0,0,0,NULL,NULL,NULL,0,NULL),(177,0,169,169,1,'ellenörzés','Vízlágyító, bálakazán, Polytype gázkazán, gyorgőzfejlesztő és azok vezetékeinek külső szemrevételezése. Táptartály vízszintellenőrzése a Polytype csarnokban.',3,1,'2020-01-28 11:46:58',5,28,0,1,0,0,0,0,0,0,NULL,NULL,NULL,0,NULL),(178,NULL,178,498,1,'huzatkapcsolók ellenőrzése','',2,1,'2020-01-29 08:48:50',5,0,0,1,0,0,NULL,NULL,0,0,0,NULL,NULL,NULL,NULL),(179,NULL,42,500,1,'hajtóműtartó bak javítása','',1,2,'2020-01-29 08:53:24',5,0,0,0,0,1,NULL,NULL,0,0,0,NULL,NULL,NULL,NULL),(180,NULL,139,271,1,'javítás','',3,1,'2020-01-29 09:06:04',5,0,0,1,0,1,NULL,NULL,0,0,0,NULL,NULL,NULL,NULL),(181,NULL,178,435,1,'csere','',2,4,'2020-01-29 09:10:03',5,0,0,0,0,1,NULL,NULL,57,0,0,101,NULL,NULL,NULL),(182,NULL,139,287,1,'képek felrakása','',3,1,'2020-01-29 09:12:11',3,0,0,0,0,1,NULL,NULL,0,0,0,NULL,NULL,NULL,NULL),(183,NULL,28,501,1,'élezés','',3,1,'2020-01-29 09:25:12',5,0,0,0,0,1,NULL,NULL,0,0,0,NULL,NULL,NULL,NULL),(184,0,171,171,1,'ellenörzés','Worthington, Kaeser és Boge kompresszorok és hűtveszárítók szemrevételezése.',3,1,'2020-01-29 09:26:16',5,29,0,1,0,0,0,0,0,0,NULL,NULL,NULL,0,NULL),(185,70,178,437,1,'szűrők tisztítása','',3,1,'2020-01-29 09:38:14',5,82,0,1,0,0,0,0,0,0,NULL,NULL,NULL,0,NULL),(186,70,178,437,1,'villanymotorok ellenőrzése','kommutátorok, szénkefék állapotfelmérése',3,1,'2020-01-29 09:38:14',5,81,0,1,0,0,0,0,0,0,NULL,NULL,NULL,0,NULL),(187,NULL,169,131,1,'megszorult->bálaigazítás','',1,4,'2020-01-29 09:39:17',5,0,0,1,0,0,NULL,NULL,0,0,0,NULL,NULL,NULL,NULL),(188,0,450,450,1,'desztillált víz feltöltés','',3,1,'2020-01-29 09:44:27',5,44,0,0,0,1,0,0,0,0,NULL,NULL,NULL,0,NULL),(189,NULL,139,139,1,'spaniferek végtelenítése','',1,4,'2020-01-29 09:45:24',5,0,0,0,0,1,NULL,NULL,0,0,0,NULL,NULL,NULL,NULL),(190,NULL,178,239,1,'ellenőrzés','Robival',1,1,'2020-01-29 09:49:40',5,0,0,1,0,0,NULL,NULL,0,0,0,NULL,NULL,NULL,NULL),(191,0,169,169,1,'ellenörzés','Vízlágyító, bálakazán, Polytype gázkazán, gyorgőzfejlesztő és azok vezetékeinek külső szemrevételezése. Táptartály vízszintellenőrzése a Polytype csarnokban.',3,1,'2020-01-29 09:50:55',5,28,0,1,0,0,0,0,0,0,NULL,NULL,NULL,0,NULL),(192,0,171,171,1,'ellenörzés','Worthington, Kaeser és Boge kompresszorok és hűtveszárítók szemrevételezése.',3,1,'2020-01-29 09:51:05',5,29,0,1,0,0,0,0,0,0,NULL,NULL,NULL,0,NULL),(193,NULL,233,502,1,'vízfolyás elhárítása','gyorsgőzfejlesztőnél menő tüzivíz vezeték',1,1,'2020-01-29 09:58:11',5,0,0,0,0,1,NULL,NULL,0,0,0,NULL,NULL,NULL,NULL),(194,NULL,58,504,1,'ellenőrzés','',3,1,'2020-01-29 10:19:48',5,0,0,0,0,1,NULL,NULL,0,0,0,NULL,NULL,NULL,NULL),(195,NULL,233,415,1,'targonca kihúzása a sárból','',1,4,'2020-01-29 10:32:05',5,0,0,0,0,1,NULL,NULL,0,0,0,NULL,NULL,NULL,NULL),(196,NULL,118,483,1,'belső ajtó készítése','a feltekercselőhöz',3,3,'2020-01-29 10:33:30',5,0,0,0,0,1,NULL,NULL,0,0,0,NULL,NULL,NULL,NULL),(197,83,118,118,1,'kenési pontok zsírzása','Koronakezelő lineáris csapágyainak zsírzása 1 -2 g zsír/csapágy\r\nTisztítsa meg a golyós kocsik sínjeit, zsírozza meg a golyós kocsikat. (Lakatos) Felhordó: nyomóhenger mozgatás, golyós kocsik (4 db), ellennyomóhenger golyós kocsik (2db), felhordófej mozgatás (2db). Kasírozó: gumihenger mozgatás, golyós kocsik (4 db). Letekercselő: nyomóhenger mozgatás, golyós kocsik (4 db).\r\n',3,1,'2020-01-29 10:58:22',5,52,0,0,0,1,0,0,0,0,NULL,NULL,NULL,0,NULL),(198,199,139,366,1,'javítás','',2,2,'2020-01-29 11:17:19',5,15,0,1,0,1,0,0,0,0,NULL,NULL,NULL,0,NULL),(199,199,139,0,1,'','',2,2,'2020-01-29 11:21:36',5,0,0,1,0,1,0,0,0,0,NULL,NULL,NULL,0,NULL),(200,199,139,255,1,'javítás','',2,2,'2020-01-29 11:21:36',5,23,0,1,0,1,0,0,0,0,NULL,NULL,NULL,0,NULL),(201,199,139,314,1,'javítás','',2,2,'2020-01-29 11:21:36',5,20,0,1,0,1,0,0,0,0,NULL,NULL,NULL,0,NULL),(202,202,58,0,1,'','',3,1,'2020-01-29 13:26:55',5,0,0,1,0,1,0,0,0,0,NULL,NULL,NULL,0,NULL),(203,202,58,60,1,'vezetőhengerek ellenörzése','Csapágyak ellenőrzése, szükség szerint cseréje.',3,1,'2020-01-29 13:26:55',5,38,0,0,0,1,0,0,0,0,NULL,NULL,NULL,0,NULL),(204,202,58,421,1,'ellenörzés','Vezérlőpanelek szemrevételezése, vészgombok működöképességének ellenőrzése',3,1,'2020-01-29 13:27:35',5,30,0,1,0,0,0,0,0,0,NULL,NULL,NULL,0,NULL),(205,0,169,169,1,'ellenörzés','Vízlágyító, bálakazán, Polytype gázkazán, gyorgőzfejlesztő és azok vezetékeinek külső szemrevételezése. Táptartály vízszintellenőrzése a Polytype csarnokban.',3,1,'2020-01-29 13:28:04',5,28,0,1,0,0,0,0,0,0,NULL,NULL,NULL,0,NULL),(206,0,171,171,1,'ellenörzés','Worthington, Kaeser és Boge kompresszorok és hűtveszárítók szemrevételezése.',3,1,'2020-01-29 13:28:11',5,29,0,1,0,0,0,0,0,0,NULL,NULL,NULL,0,NULL),(207,202,58,422,1,'ellenörzés','pneumatika rendszer tömítettségének, ellenőrzése, egyes részegységek szemrevételezése',3,1,'2020-01-29 14:48:24',5,31,0,1,0,0,0,0,0,0,NULL,NULL,NULL,0,NULL),(208,NULL,58,470,1,'éves karbantartás','',3,1,'2020-01-29 14:54:06',5,0,0,1,0,0,NULL,NULL,0,5,2,NULL,NULL,NULL,NULL),(209,NULL,118,120,1,'kerekek megemelése','',3,3,'2020-01-29 14:58:30',5,0,0,0,0,1,NULL,NULL,0,0,0,NULL,NULL,NULL,NULL),(210,NULL,118,126,1,'tisztítás','kifúvatás a ventilátorral, további megbontás szükséges',2,1,'2020-01-29 14:59:54',2,0,0,0,0,1,NULL,NULL,0,0,0,NULL,NULL,NULL,NULL),(211,NULL,233,506,1,'csapok felszerelése','',2,3,'2020-01-29 15:02:28',5,0,0,0,0,1,NULL,NULL,0,0,0,NULL,NULL,NULL,NULL),(212,NULL,178,508,1,'megszorult->javítás','',1,2,'2020-01-29 15:10:54',3,0,0,0,0,1,NULL,NULL,0,0,0,NULL,NULL,NULL,NULL),(213,213,1,0,1,'','',3,1,'2020-01-30 12:07:03',5,0,0,1,0,1,0,0,0,0,NULL,NULL,NULL,0,NULL),(214,213,1,510,1,'szűrők tisztítása','',3,1,'2020-01-30 12:07:03',5,87,0,1,0,0,0,0,0,0,NULL,NULL,NULL,0,NULL),(215,213,1,509,1,'ellenőrzés','pneumatika rendszer tömítettségének, ellenőrzése, egyes részegységek szemrevételezése',3,1,'2020-01-30 12:07:03',5,86,0,1,0,0,0,0,0,0,NULL,NULL,NULL,0,NULL),(216,213,1,1,1,'hajtószíjak ellenőrzése','feszesség, állapot ellenőrzése',3,1,'2020-01-30 12:07:14',5,84,0,0,0,1,0,0,0,0,NULL,NULL,NULL,0,NULL),(217,213,1,1,1,'tisztítás, kenés','lineáris csapágyak tisztítása, kenés',3,1,'2020-01-30 12:07:14',5,83,0,0,0,1,0,0,0,0,NULL,NULL,NULL,0,NULL),(218,213,1,510,1,'portalanítás','',3,1,'2020-01-30 13:08:44',5,88,0,1,0,0,0,0,0,0,NULL,NULL,NULL,0,NULL),(219,213,1,293,1,'ellenörzés','Kezelőpanelek működtető elemeinek szemrevételezése, vészgombok működésének ellenőrzése',3,1,'2020-01-30 13:15:55',5,85,0,1,0,0,0,0,0,0,NULL,NULL,NULL,0,NULL),(220,234,423,513,1,'élezés','',3,1,'2020-01-30 14:36:20',5,0,0,0,0,1,NULL,NULL,0,0,0,NULL,NULL,NULL,NULL),(221,NULL,28,206,1,'élezés','',3,1,'2020-01-30 14:37:00',5,0,0,0,0,1,NULL,NULL,0,0,0,NULL,NULL,NULL,NULL),(222,0,171,171,1,'ellenörzés','Worthington, Kaeser és Boge kompresszorok és hűtveszárítók szemrevételezése.',3,1,'2020-01-30 15:01:33',5,29,0,1,0,0,0,0,0,0,NULL,NULL,NULL,0,NULL),(223,0,169,169,1,'ellenörzés','Vízlágyító, bálakazán, Polytype gázkazán, gyorgőzfejlesztő és azok vezetékeinek külső szemrevételezése. Táptartály vízszintellenőrzése a Polytype csarnokban.',3,1,'2020-01-30 15:05:51',5,28,0,1,0,0,0,0,0,0,NULL,NULL,NULL,0,NULL),(224,NULL,118,123,1,'hibakeresés: leállt a gép','',1,2,'2020-01-30 15:12:50',5,0,0,1,0,0,NULL,NULL,0,0,0,NULL,NULL,NULL,NULL),(225,NULL,178,435,1,'csere','',2,4,'2020-01-31 06:06:39',5,0,0,0,0,1,NULL,NULL,101,0,0,101,NULL,NULL,NULL),(226,0,465,465,1,'desztillált víz feltöltés','',3,1,'2020-01-31 06:12:52',5,51,0,0,0,1,0,0,0,0,NULL,NULL,NULL,0,NULL),(227,NULL,150,150,1,'hibakeresés: nem billent','',2,1,'2020-01-31 10:45:32',3,0,0,1,0,0,NULL,NULL,0,0,0,NULL,NULL,NULL,NULL),(228,NULL,1,26,1,'ütköző felszerelése','',2,1,'2020-01-31 12:38:57',5,0,0,0,0,1,NULL,NULL,0,0,0,NULL,NULL,NULL,NULL),(229,0,517,517,1,'ellenörzés','általános karbantartás',3,1,'2020-01-31 12:41:20',5,89,0,1,0,0,0,0,0,0,NULL,NULL,NULL,0,NULL),(230,0,169,169,1,'ellenörzés','Vízlágyító, bálakazán, Polytype gázkazán, gyorgőzfejlesztő és azok vezetékeinek külső szemrevételezése. Táptartály vízszintellenőrzése a Polytype csarnokban.',3,1,'2020-01-31 12:41:55',5,28,0,1,0,0,0,0,0,0,NULL,NULL,NULL,0,NULL),(231,0,171,171,1,'ellenörzés','Worthington, Kaeser és Boge kompresszorok és hűtveszárítók szemrevételezése.',3,1,'2020-01-31 12:42:04',5,29,0,1,0,0,0,0,0,0,NULL,NULL,NULL,0,NULL),(232,NULL,178,443,1,'vészköri relé javítása','',3,1,'2020-01-31 12:43:50',5,0,0,1,0,0,NULL,NULL,0,0,0,NULL,NULL,NULL,NULL),(233,NULL,178,516,1,'gépvilágítás bővítése','',3,3,'2020-01-31 12:47:58',5,0,0,1,0,0,NULL,NULL,0,0,0,NULL,NULL,NULL,NULL),(234,234,423,0,1,'','',3,1,'2020-01-31 12:49:11',5,0,0,1,0,0,0,0,0,0,NULL,NULL,NULL,0,NULL),(235,234,423,424,1,'ellenörzés','Kezelőpanelek működtető elemeinek szemrevételezése, vészgombok működésének ellenőrzése',3,1,'2020-01-31 12:49:11',5,32,0,1,0,0,0,0,0,0,NULL,NULL,NULL,0,NULL),(236,NULL,58,518,1,'hangjelzés javítása','',1,2,'2020-01-31 12:50:52',5,0,0,1,0,0,NULL,NULL,0,0,0,NULL,NULL,NULL,NULL),(237,NULL,139,216,1,'alkatrészek elpakolása','Alkatrészek rendszerezése, fóliázása és elhelyezése a sátorban.',3,3,'2020-02-04 06:08:47',5,0,0,1,0,1,NULL,NULL,0,0,0,NULL,NULL,NULL,NULL),(238,0,139,139,1,'gépóraállások leolvasása','',3,4,'2020-02-04 08:40:18',5,37,0,1,0,0,0,0,0,0,NULL,NULL,NULL,0,NULL),(239,0,171,171,1,'ellenörzés','Worthington, Kaeser és Boge kompresszorok és hűtveszárítók szemrevételezése.',3,1,'2020-02-04 08:40:43',5,29,0,1,0,0,0,0,0,0,NULL,NULL,NULL,0,NULL),(240,0,169,169,1,'ellenörzés','Vízlágyító, bálakazán, Polytype gázkazán, gyorgőzfejlesztő és azok vezetékeinek külső szemrevételezése. Táptartály vízszintellenőrzése a Polytype csarnokban.',3,1,'2020-02-04 08:41:02',5,28,0,1,0,0,0,0,0,0,NULL,NULL,NULL,0,NULL),(241,0,233,233,1,'gépóraállások leolvasása','',3,4,'2020-02-04 08:41:34',5,36,0,1,0,0,0,0,0,0,NULL,NULL,NULL,0,NULL),(242,NULL,28,29,1,'hibakeresés: nem megy','',1,1,'2020-02-04 08:43:02',5,0,0,1,0,0,NULL,NULL,0,0,0,NULL,NULL,NULL,NULL),(243,NULL,169,131,1,'indítás','',1,4,'2020-02-04 08:55:58',3,0,0,1,0,0,NULL,NULL,0,0,0,NULL,NULL,NULL,NULL),(244,0,42,42,1,'vezetőhengerek ellenőrzése','',3,1,'2020-02-04 08:59:25',5,76,0,0,0,1,0,0,0,0,NULL,NULL,NULL,0,NULL),(245,0,139,139,1,'energiaórák leolvasása','',3,4,'2020-02-04 09:02:27',5,40,0,0,0,1,0,0,0,0,NULL,NULL,NULL,0,NULL),(246,0,233,233,1,'energiaórák leolvasása','',3,4,'2020-02-04 09:02:36',5,39,0,0,0,1,0,0,0,0,NULL,NULL,NULL,0,NULL),(247,NULL,139,519,1,'csapágycsere','vízszintes mozgást segítő csapágyak közül a bal oldali eltörött',1,2,'2020-02-04 09:07:10',5,0,0,0,0,1,NULL,NULL,0,0,0,NULL,NULL,NULL,NULL),(248,128,204,479,1,'szűrők tisztítása','szűrők tisztítása, szükség szerint cseréje',3,1,'2020-02-04 09:19:06',5,67,0,1,0,0,0,0,0,0,0,NULL,NULL,0,NULL),(249,NULL,178,522,1,'karok egyenesbe hozása','',2,1,'2020-02-04 11:50:05',5,0,0,0,0,1,NULL,NULL,0,0,0,NULL,NULL,NULL,NULL),(250,NULL,178,532,1,'javítás a 2-es présnél','',2,1,'2020-02-05 06:22:14',5,0,0,1,0,0,NULL,NULL,0,0,0,NULL,NULL,NULL,NULL),(251,0,169,169,1,'ellenörzés','Vízlágyító, bálakazán, Polytype gázkazán, gyorgőzfejlesztő és azok vezetékeinek külső szemrevételezése. Táptartály vízszintellenőrzése a Polytype csarnokban.',3,1,'2020-02-05 06:23:21',5,28,0,1,0,0,0,0,0,0,NULL,NULL,NULL,0,NULL),(252,0,171,171,1,'ellenörzés','Worthington, Kaeser és Boge kompresszorok és hűtveszárítók szemrevételezése.',3,1,'2020-02-05 06:23:49',5,29,0,1,0,0,0,0,0,0,NULL,NULL,NULL,0,NULL),(253,NULL,1,292,1,'kapcsolók cseréje','simítóhenger fel-le, gép állj kontaktok cseréje',2,1,'2020-02-05 07:20:56',5,0,0,1,0,0,NULL,NULL,0,0,0,NULL,NULL,NULL,NULL),(254,NULL,1,538,1,'beszerelés','',2,1,'2020-02-05 07:57:59',5,0,0,1,0,0,NULL,NULL,0,0,0,NULL,NULL,NULL,NULL),(255,NULL,178,540,1,'ellenőrzés','',3,1,'2020-02-06 11:54:39',5,0,0,1,0,0,NULL,NULL,0,0,0,NULL,NULL,NULL,NULL),(256,0,171,171,1,'ellenörzés','Worthington, Kaeser és Boge kompresszorok és hűtveszárítók szemrevételezése.',3,1,'2020-02-06 13:47:01',5,29,0,1,0,0,0,0,0,0,NULL,NULL,NULL,0,NULL),(257,0,169,169,1,'ellenörzés','Vízlágyító, bálakazán, Polytype gázkazán, gyorgőzfejlesztő és azok vezetékeinek külső szemrevételezése. Táptartály vízszintellenőrzése a Polytype csarnokban.',3,1,'2020-02-06 14:29:11',5,28,0,1,0,0,0,0,0,0,NULL,NULL,NULL,0,NULL),(258,NULL,42,541,1,'csere','',1,1,'2020-02-06 15:03:37',5,0,0,0,0,1,NULL,NULL,0,0,0,NULL,NULL,NULL,NULL),(259,70,178,522,1,'befogópofák ellenőrzése','ellenőrzés, szükség szerint hézagolás',3,1,'2020-02-06 15:07:56',5,92,0,0,0,1,0,0,0,0,NULL,NULL,NULL,0,NULL),(260,0,1,218,1,'betörték ->csere','',1,2,'2020-02-06 15:12:57',5,98,1,0,0,0,0,0,0,0,NULL,NULL,NULL,0,NULL),(261,0,169,169,1,'ellenörzés','Vízlágyító, bálakazán, Polytype gázkazán, gyorgőzfejlesztő és azok vezetékeinek külső szemrevételezése. Táptartály vízszintellenőrzése a Polytype csarnokban.',3,1,'2020-02-07 12:20:25',5,28,0,1,0,0,0,0,0,0,NULL,NULL,NULL,0,NULL),(262,0,171,171,1,'ellenörzés','Worthington, Kaeser és Boge kompresszorok és hűtveszárítók szemrevételezése.',3,1,'2020-02-07 12:20:43',5,29,0,1,0,0,0,0,0,0,NULL,NULL,NULL,0,NULL),(263,NULL,233,557,1,'levegőcsatlakozás kiépítése','a hűtőgép  és a szekrények tisztításához',3,1,'2020-02-07 12:27:08',5,0,0,1,0,0,NULL,NULL,0,0,0,NULL,NULL,NULL,NULL),(264,NULL,204,476,1,'kábelek rögzítése','',3,1,'2020-02-07 12:35:35',5,0,0,1,0,0,NULL,NULL,0,0,0,NULL,NULL,NULL,NULL),(265,128,204,205,1,'tisztítás','hőcserélő tisztítása',3,1,'2020-02-07 12:41:03',5,106,0,1,0,0,0,0,0,0,NULL,NULL,NULL,0,NULL),(266,70,178,521,1,'befogópofák ellenőrzése','',3,1,'2020-02-10 08:11:49',5,107,0,0,0,1,0,0,0,0,NULL,NULL,NULL,0,NULL),(267,NULL,233,561,1,'vízfeltöltés','',2,1,'2020-02-10 08:14:12',5,0,0,0,0,1,NULL,NULL,0,0,0,NULL,NULL,NULL,NULL),(268,NULL,139,433,1,'alkatrészek elpakolása','',3,1,'2020-02-10 08:16:01',5,0,0,0,0,1,NULL,NULL,0,0,0,NULL,NULL,NULL,NULL),(269,269,423,0,1,'','',3,1,'2020-02-10 08:17:09',5,0,0,0,0,1,0,0,0,0,NULL,NULL,NULL,0,NULL),(270,269,423,543,1,'tisztítás','szétszerelés, tisztítás, csúszóléc cseréje szükség szerint, összeszerelés',3,1,'2020-02-10 08:17:09',5,101,0,0,0,1,0,0,0,0,NULL,NULL,NULL,0,NULL),(271,269,423,423,1,'hajtószíjak ellenőrzése','',3,1,'2020-02-10 08:17:09',5,100,0,0,0,1,0,0,0,0,NULL,NULL,NULL,0,NULL),(272,269,423,423,1,'kenési pontok zsírzása','',3,1,'2020-02-10 08:17:09',5,99,0,0,0,1,0,0,0,0,NULL,NULL,NULL,0,NULL),(273,NULL,169,562,1,'szivárog>tömítéscsere','',1,2,'2020-02-10 08:19:42',5,0,0,0,0,1,NULL,NULL,0,0,0,NULL,NULL,NULL,NULL),(274,NULL,139,216,1,'polcáttelepítés','',3,4,'2020-02-10 08:20:46',5,0,0,0,0,1,NULL,NULL,0,0,0,NULL,NULL,NULL,NULL),(275,269,423,563,1,'tisztítás','szétszerelés, tisztítás, csúszóléc cseréje szükség szerint, összeszerelés',3,1,'2020-02-10 08:30:59',5,108,0,0,0,1,0,0,0,0,NULL,NULL,NULL,0,NULL),(276,0,169,169,1,'ellenörzés','Vízlágyító, bálakazán, Polytype gázkazán, gyorgőzfejlesztő és azok vezetékeinek külső szemrevételezése. Táptartály vízszintellenőrzése a Polytype csarnokban.',3,1,'2020-02-10 08:37:03',5,28,0,1,0,0,0,0,0,0,NULL,NULL,NULL,0,NULL),(277,0,171,171,1,'ellenörzés','Worthington, Kaeser és Boge kompresszorok és hűtveszárítók szemrevételezése.',3,1,'2020-02-10 08:37:18',5,29,0,1,0,0,0,0,0,0,NULL,NULL,NULL,0,NULL),(278,NULL,204,375,1,'hibakeresés: nem megy','bekapcsoláskor: \"memoria?\" felirat',1,1,'2020-02-10 12:06:29',5,0,0,1,0,0,NULL,NULL,0,0,0,NULL,NULL,NULL,NULL),(279,0,139,139,1,'gépóraállások leolvasása','',3,4,'2020-02-12 06:35:40',5,37,0,1,0,0,0,0,0,0,NULL,NULL,NULL,0,NULL),(280,281,58,566,1,'ellenörzés','időnként leáll: \"No flam at the end of...\", + AZL hiba\r\ngyújtóelektródát ellenőrizni, tisztítani, árnyékolásokat ellenőrizni ',2,1,'2020-02-12 06:40:26',5,112,0,1,0,0,0,0,0,0,NULL,NULL,NULL,0,NULL),(281,281,58,0,1,'','',2,1,'2020-02-12 06:41:55',5,0,1,0,0,0,0,0,0,0,NULL,NULL,NULL,0,NULL),(282,281,58,184,1,'ellenörzés','lassan melegszik fel, állítani kell a gázszelep max. csavarján',2,1,'2020-02-12 06:41:55',5,113,1,0,0,0,0,0,0,0,NULL,NULL,NULL,0,NULL),(283,0,233,575,1,'levegőcsatlakozás kiépítése','a labor hotmelt géphez',3,1,'2020-02-12 06:45:35',5,114,0,1,0,0,0,0,0,0,NULL,NULL,NULL,0,NULL),(284,0,171,171,1,'ellenörzés','Worthington, Kaeser és Boge kompresszorok és hűtveszárítók szemrevételezése.',3,1,'2020-02-12 06:51:23',5,29,0,1,0,0,0,0,0,0,NULL,NULL,NULL,0,NULL),(285,0,169,169,1,'ellenörzés','Vízlágyító, bálakazán, Polytype gázkazán, gyorgőzfejlesztő és azok vezetékeinek külső szemrevételezése. Táptartály vízszintellenőrzése a Polytype csarnokban.',3,1,'2020-02-12 06:51:37',5,28,0,1,0,0,0,0,0,0,NULL,NULL,NULL,0,NULL),(286,NULL,496,576,1,'számláló ellenőrzés','',1,2,'2020-02-12 06:53:49',5,0,0,1,0,0,NULL,NULL,0,0,0,NULL,NULL,NULL,NULL),(287,NULL,204,375,1,'elektródák rögzítése','',3,1,'2020-02-12 06:55:03',5,0,0,0,0,0,NULL,NULL,0,0,0,NULL,NULL,NULL,NULL),(288,NULL,178,445,1,'leáll->javítás','',1,2,'2020-02-12 06:56:53',5,0,0,1,0,0,NULL,NULL,0,0,0,NULL,NULL,NULL,NULL),(289,83,118,546,1,'tisztítás, zsírzás','NEFF gyártmányú orsós hajtóművek orsóiról a régi zsír eltávolítása és friss zsírral való ellátása. (Hűtőszakasz 4 db, Szárítók 6 db, Felhordó 2 db) Zsírtípus: NEFF Grease 2 / MOL Liton 2M',3,1,'2020-02-12 07:03:56',5,104,0,0,0,1,0,0,0,0,NULL,NULL,NULL,0,NULL),(290,83,118,457,1,'tisztítás','Meech antisztatizáló (10 db) tisztítása. Az emitter tűk legegyszerűbben fogkefével tisztíthatók, szüksége estén izopropilén alkohollal nedvesített ruha is használható. Ha a LED nem a zölden világít rajta, hanem a piros villog, akkor elszennyeződött és tisztítás szükséges.',3,1,'2020-02-12 07:04:27',5,45,0,1,0,0,0,0,0,0,NULL,NULL,NULL,0,NULL),(291,83,118,460,1,'szenzorok tisztítása','',3,1,'2020-02-12 07:05:25',5,49,0,1,0,0,0,0,0,0,NULL,NULL,NULL,0,NULL),(292,83,118,118,1,'fénysorompók tisztítása','',3,1,'2020-02-12 07:05:25',5,47,0,1,0,0,0,0,0,0,NULL,NULL,NULL,0,NULL),(293,294,58,60,1,'vezetőhengerek ellenörzése','Csapágyak ellenőrzése, szükség szerint cseréje.',3,1,'2020-02-12 12:34:40',5,38,0,0,0,1,0,0,0,0,NULL,NULL,NULL,0,NULL),(294,294,58,0,1,'','',3,1,'2020-02-12 12:37:23',5,0,0,0,0,1,0,0,0,0,NULL,NULL,NULL,0,NULL),(295,294,58,577,1,'szíjfeszesség ellenőrzése','',3,1,'2020-02-12 12:37:24',5,115,0,0,0,1,0,0,0,0,NULL,NULL,NULL,0,NULL),(296,70,178,579,1,'általános karbantartás','',3,1,'2020-02-12 12:46:21',5,117,0,0,0,1,0,0,0,10,4,NULL,NULL,0,NULL),(297,70,178,578,1,'általános karbantartás','',3,1,'2020-02-12 12:46:21',5,116,0,0,0,1,0,0,0,10,4,NULL,NULL,0,NULL),(298,0,58,581,1,'ékszíj ellenőrzése','',3,1,'2020-02-12 12:54:09',5,118,0,0,0,1,0,0,0,0,NULL,NULL,NULL,0,NULL),(299,NULL,139,433,1,'kések, hengerek előkészítése','szállításra, prágai Alpha kések, Alpha3 layon',3,1,'2020-02-12 13:00:07',5,0,0,0,0,1,NULL,NULL,0,0,0,NULL,NULL,NULL,NULL),(300,0,450,450,1,'desztillált víz feltöltés','',3,1,'2020-02-12 13:02:44',5,44,0,0,0,1,0,0,0,0,NULL,NULL,NULL,0,NULL),(302,NULL,118,594,1,'csere','Csere flecsiszolt változatura',3,1,'2020-02-14 09:39:12',2,0,0,0,0,1,NULL,NULL,0,0,0,NULL,NULL,NULL,NULL),(303,NULL,103,103,1,'Hibakeresés:nem megy','Automatában',1,1,'2020-02-14 09:43:25',2,0,0,0,0,0,NULL,NULL,0,0,0,NULL,NULL,NULL,NULL),(304,0,42,593,1,'ellenőrzés','',2,2,'2020-02-14 11:23:52',5,122,1,0,0,0,0,0,0,0,NULL,NULL,NULL,0,NULL),(305,0,233,595,1,'csere','',3,3,'2020-02-14 12:06:08',3,123,0,1,0,0,0,0,0,11,2,NULL,NULL,0,NULL),(306,0,171,171,1,'ellenörzés','Worthington, Kaeser és Boge kompresszorok és hűtveszárítók szemrevételezése.',3,1,'2020-02-14 12:13:59',5,29,0,1,0,0,0,0,0,0,NULL,NULL,NULL,0,NULL),(307,0,169,169,1,'ellenörzés','Vízlágyító, bálakazán, Polytype gázkazán, gyorgőzfejlesztő és azok vezetékeinek külső szemrevételezése. Táptartály vízszintellenőrzése a Polytype csarnokban.',3,1,'2020-02-14 12:14:09',5,28,0,1,0,0,0,0,0,0,NULL,NULL,NULL,0,NULL),(308,NULL,496,576,1,'számláló ellenőrzés','',1,1,'2020-02-14 12:15:22',5,0,0,1,0,0,NULL,NULL,0,0,0,NULL,NULL,NULL,NULL),(309,0,42,42,1,'feszességmérők kalibrálása','',3,1,'2020-02-14 12:15:53',5,78,0,1,0,0,0,0,0,0,NULL,NULL,NULL,0,NULL),(310,NULL,178,596,1,'ellenőrzés','',1,1,'2020-02-14 12:17:40',3,0,0,1,0,0,NULL,NULL,0,0,0,NULL,NULL,NULL,NULL),(311,83,118,597,1,'ellenörzés','szűrők, levegőszivárgások ellenőrzése',3,1,'2020-02-14 12:22:10',5,126,0,1,0,0,0,0,0,0,NULL,NULL,NULL,0,NULL),(312,83,118,583,1,'ellenörzés','szűrők, levegőszivárgások ellenőrzése',3,1,'2020-02-14 12:22:10',5,120,0,1,0,0,0,0,0,0,NULL,NULL,NULL,0,NULL),(313,83,118,582,1,'ellenörzés','szűrők, levegőszivárgások ellenőrzése',3,1,'2020-02-14 12:22:10',5,119,0,1,0,0,0,0,0,0,NULL,NULL,NULL,0,NULL),(314,83,118,119,1,'ellenőrzés','szűrők, levegőszivárgások ellenőrzése',3,1,'2020-02-14 12:22:10',5,102,0,1,0,0,0,0,0,0,NULL,NULL,NULL,0,NULL),(315,83,118,463,1,'ellenőrzés','Kezelőpanelek működtető elemeinek szemrevételezése, vészgombok működésének ellenőrzése',3,1,'2020-02-14 12:23:32',5,60,0,1,0,0,0,0,0,0,NULL,NULL,NULL,0,NULL),(316,83,118,124,1,'gázégők ellenőrzése','➢ Teljes gázégő rendszer tisztítása (szennyeződés, por) száraz ruhával, vagy porszívóval.\r\n➢ Szivárgásjelző spray-vel a csővezetékek és gazégő szivárgásmentességének ellenőrzése.\r\n➢ A teljes égőrendszer sérülésmentességének ellenőrzése szemrevételezéssel.\r\n➢ A vezérlőszekrény és hozzá tartozó kábelek épségének ellenőrzése.\r\n➢ A rudazat állapotának ellenőrzése (szervomotor és gázszelep között).',3,1,'2020-02-14 12:23:32',5,46,0,1,0,0,0,0,0,0,NULL,NULL,NULL,0,NULL),(317,83,118,121,1,'befogópofák ellenőrzése','',3,1,'2020-02-14 12:24:09',5,111,0,0,0,1,0,0,0,0,NULL,NULL,NULL,0,NULL),(318,83,118,122,1,'befogópofák ellenőrzése','',3,1,'2020-02-14 12:24:10',5,110,0,0,0,1,0,0,0,0,NULL,NULL,NULL,0,NULL),(319,83,118,123,1,'befogópofák ellenőrzése','',3,1,'2020-02-14 12:24:10',5,109,0,0,0,1,0,0,0,0,NULL,NULL,NULL,0,NULL),(320,83,118,460,1,'kenés','billenőkeret csúszóelemeinek tisztítása, kenése',3,1,'2020-02-14 12:24:10',5,105,0,0,0,1,0,0,0,0,NULL,NULL,NULL,0,NULL),(321,83,118,144,1,'kondenzszűrő tisztítása','',3,1,'2020-02-14 12:24:10',5,55,0,0,0,1,0,0,0,0,NULL,NULL,NULL,0,NULL),(322,0,171,171,1,'ellenörzés','Worthington, Kaeser és Boge kompresszorok és hűtveszárítók szemrevételezése.',3,1,'2020-02-15 13:51:43',5,29,0,1,0,0,0,0,0,0,NULL,NULL,NULL,0,NULL),(323,0,169,169,1,'ellenörzés','Vízlágyító, bálakazán, Polytype gázkazán, gyorgőzfejlesztő és azok vezetékeinek külső szemrevételezése. Táptartály vízszintellenőrzése a Polytype csarnokban.',3,1,'2020-02-15 13:52:00',5,28,0,1,0,0,0,0,0,0,NULL,NULL,NULL,0,NULL),(324,NULL,178,434,1,'csíkos szerszám összeszerelése','',1,4,'2020-02-15 14:11:48',5,0,0,0,0,1,NULL,NULL,0,0,0,NULL,NULL,NULL,NULL),(325,83,118,118,1,'kenési pontok zsírzása','Koronakezelő lineáris csapágyainak zsírzása 1 -2 g zsír/csapágy\r\nTisztítsa meg a golyós kocsik sínjeit, zsírozza meg a golyós kocsikat. (Lakatos) Felhordó: nyomóhenger mozgatás, golyós kocsik (4 db), ellennyomóhenger golyós kocsik (2db), felhordófej mozgatás (2db). Kasírozó: gumihenger mozgatás, golyós kocsik (4 db). Letekercselő: nyomóhenger mozgatás, golyós kocsik (4 db).\r\n',3,1,'2020-02-15 14:22:27',5,52,0,0,0,1,0,0,0,0,NULL,NULL,NULL,0,NULL),(326,0,465,465,1,'desztillált víz feltöltés','',3,1,'2020-02-15 14:29:37',5,51,0,0,0,1,0,0,0,0,NULL,NULL,NULL,0,NULL),(327,NULL,118,144,1,'kondenzleeresztő kivezetése','',3,3,'2020-02-15 14:31:06',5,0,0,0,0,1,NULL,NULL,0,0,0,NULL,NULL,NULL,NULL),(328,NULL,233,557,1,'mosóvízrendszer átalakítása','locsolócsövek cseréje ipari tömlőkre, gyorcsatlakozókra',3,3,'2020-02-15 14:33:40',5,0,0,0,0,1,NULL,NULL,0,0,0,NULL,NULL,NULL,NULL),(329,NULL,139,433,1,'megsérült falat javítani','',3,2,'2020-02-15 14:34:48',5,0,0,0,0,1,NULL,NULL,0,0,0,NULL,NULL,NULL,NULL);
/*!40000 ALTER TABLE `workorders` ENABLE KEYS */;
UNLOCK TABLES;

--
-- Table structure for table `workrequests`
--

DROP TABLE IF EXISTS `workrequests`;
/*!40101 SET @saved_cs_client     = @@character_set_client */;
/*!40101 SET character_set_client = utf8 */;
CREATE TABLE `workrequests` (
  `workrequest_id` int(11) NOT NULL AUTO_INCREMENT,
  `asset_id` smallint(5) unsigned DEFAULT NULL,
  `main_asset_id` smallint(5) unsigned DEFAULT NULL,
  `workrequest_time` datetime NOT NULL,
  `priority` tinyint(3) unsigned DEFAULT NULL,
  `user_id` tinyint(3) unsigned NOT NULL,
  `workrequest` varchar(500) NOT NULL,
  `workrequest_status` tinyint(4) NOT NULL DEFAULT '1' COMMENT 'workrequest_status:\n1. new or a repetitive maintenance which is necessary again\n2. a workorder has already created\n3. the work has been done',
  `service_interval_date` smallint(5) unsigned DEFAULT NULL,
  `service_interval_hours` smallint(5) unsigned DEFAULT NULL,
  `service_interval_mileage` smallint(5) unsigned DEFAULT NULL,
  `workrequest_short` varchar(30) NOT NULL,
  `repetitive` tinyint(3) unsigned NOT NULL,
  `request_type` tinyint(1) unsigned NOT NULL,
  `last_ready_date` date DEFAULT NULL,
  `last_workorder_id` tinyint(4) unsigned DEFAULT NULL,
  `location_id` tinyint(4) unsigned DEFAULT NULL,
  `main_location_id` tinyint(4) unsigned DEFAULT NULL,
  `replace_to_product_id` smallint(5) unsigned DEFAULT NULL,
  `counter_id` smallint(3) unsigned DEFAULT NULL,
  `product_id_to_refurbish` smallint(5) unsigned DEFAULT NULL,
  `on_the first_day` varchar(45) DEFAULT NULL,
  PRIMARY KEY (`workrequest_id`),
  UNIQUE KEY `workrequest_id_UNIQUE` (`workrequest_id`)
) ENGINE=InnoDB AUTO_INCREMENT=127 DEFAULT CHARSET=utf8;
/*!40101 SET character_set_client = @saved_cs_client */;

--
-- Dumping data for table `workrequests`
--

LOCK TABLES `workrequests` WRITE;
/*!40000 ALTER TABLE `workrequests` DISABLE KEYS */;
INSERT INTO `workrequests` VALUES (1,143,118,'2019-09-18 08:08:08',1,1,'',3,0,0,0,'csere',0,4,'2019-09-17',NULL,NULL,NULL,61,0,NULL,NULL),(2,142,118,'2019-09-18 11:05:01',1,1,'csere',3,0,0,0,'csere',0,1,'2019-09-17',NULL,NULL,NULL,58,0,NULL,NULL),(3,143,118,'2019-09-18 11:07:44',1,1,'',3,0,0,0,'csere',0,4,'2019-09-18',NULL,NULL,NULL,59,0,NULL,NULL),(4,0,0,'2019-10-03 08:47:30',0,1,'',3,0,0,0,'újra raszterezés',0,2,'2019-12-02',NULL,NULL,NULL,0,0,57,NULL),(5,0,0,'2019-10-03 08:49:18',0,1,'',3,0,0,0,'újra raszterezés',0,2,'2019-12-02',NULL,NULL,NULL,0,0,65,NULL),(6,143,118,'2019-10-29 09:54:22',1,1,'csere',3,0,0,0,'csere',0,4,'2019-10-29',NULL,NULL,NULL,61,0,0,NULL),(7,143,118,'2019-10-29 14:45:33',1,1,'csere',3,0,0,0,'csere',0,4,'2019-10-30',NULL,NULL,NULL,59,0,0,NULL),(8,185,58,'2019-11-20 08:23:59',1,1,'cserélni',3,0,0,0,'cserélni',0,1,'2019-11-18',NULL,NULL,NULL,0,0,0,NULL),(9,143,118,'2019-12-02 14:58:08',1,1,'csere',3,0,0,0,'csere',0,4,'2019-12-03',NULL,NULL,NULL,61,0,0,NULL),(10,143,118,'2019-12-03 14:19:36',1,1,'',3,0,0,0,'csere',0,4,'2019-12-04',NULL,NULL,NULL,59,0,0,NULL),(11,0,0,'2019-12-05 06:15:50',0,1,'',3,0,0,0,'köszörülés',0,1,'2020-01-09',NULL,NULL,NULL,0,0,77,NULL),(12,143,118,'2020-01-08 11:56:56',1,1,'',3,0,0,0,'csere  01.20',0,4,'2020-01-20',NULL,NULL,NULL,61,0,0,NULL),(13,361,139,'2020-01-14 10:09:18',2,1,'',3,0,0,0,'javítás',0,2,'2020-01-14',NULL,NULL,NULL,0,0,0,NULL),(14,363,139,'2020-01-14 10:10:10',2,1,'',1,0,0,0,'javítás',0,2,NULL,NULL,NULL,NULL,0,0,0,NULL),(15,366,139,'2020-01-14 11:18:29',2,1,'',3,0,0,0,'javítás',0,2,'2020-01-29',NULL,NULL,NULL,0,0,0,NULL),(16,358,139,'2020-01-14 11:19:18',2,1,'',1,0,0,0,'javítás',0,2,NULL,NULL,NULL,NULL,0,0,0,NULL),(17,349,139,'2020-01-14 11:20:03',2,1,'',1,0,0,0,'javítás',0,2,NULL,NULL,NULL,NULL,0,0,0,NULL),(18,296,139,'2020-01-14 11:21:11',2,1,'',3,0,0,0,'javítás',0,2,'2020-01-14',NULL,NULL,NULL,0,0,0,NULL),(19,297,139,'2020-01-14 11:22:04',2,1,'',3,0,0,0,'javítás',0,2,'2020-01-14',NULL,NULL,NULL,0,0,0,NULL),(20,314,139,'2020-01-14 11:22:37',2,1,'',3,0,0,0,'javítás',0,2,'2020-01-29',NULL,NULL,NULL,0,0,0,NULL),(21,318,139,'2020-01-14 11:23:31',2,1,'',3,0,0,0,'javítás',0,2,'2020-01-14',NULL,NULL,NULL,0,0,0,NULL),(22,268,139,'2020-01-14 11:24:27',2,1,'',1,0,0,0,'javítás',0,2,NULL,NULL,NULL,NULL,0,0,0,NULL),(23,255,139,'2020-01-14 11:25:08',2,1,'',3,0,0,0,'javítás',0,2,'2020-01-29',NULL,NULL,NULL,0,0,0,NULL),(24,404,28,'2020-01-16 10:07:24',1,1,'',3,0,0,0,'stop gomb csere',0,2,'2020-01-16',NULL,NULL,NULL,0,0,0,NULL),(25,404,28,'2020-01-16 10:09:37',1,1,'',3,0,0,0,'vész nyugtázógomb csere',0,2,'2020-01-16',NULL,NULL,NULL,0,0,0,NULL),(26,375,204,'2020-01-16 12:34:19',3,1,'1. Külső burkolat eltávolítása. 2. Fegyverzetek átkötése (ne essenek ki). 2. Pneumatika henger rúdjának lekötése. 3. Leeresztés, tisztítás.',3,90,0,0,'fegyverzetek tisztítása',1,1,'2020-01-16',NULL,NULL,NULL,0,0,0,NULL),(27,388,28,'2020-01-16 14:36:06',3,1,'szétszerelés, tisztítás, csúszóléc cseréje szükség szerint, összeszerelés',1,30,0,0,'karbantartás',1,1,'2020-01-16',NULL,NULL,NULL,0,0,0,NULL),(28,169,169,'2020-01-21 11:53:13',3,1,'Vízlágyító, bálakazán, Polytype gázkazán, gyorgőzfejlesztő és azok vezetékeinek külső szemrevételezése. Táptartály vízszintellenőrzése a Polytype csarnokban.',1,1,0,0,'ellenörzés',1,1,'2020-02-13',NULL,NULL,NULL,0,0,0,NULL),(29,171,171,'2020-01-21 11:56:35',3,1,'Worthington, Kaeser és Boge kompresszorok és hűtveszárítók szemrevételezése.',1,1,0,0,'ellenörzés',1,1,'2020-02-13',NULL,NULL,NULL,0,0,0,NULL),(30,421,58,'2020-01-21 12:03:26',3,1,'Vezérlőpanelek szemrevételezése, vészgombok működöképességének ellenőrzése',3,30,0,0,'ellenörzés',1,1,'2020-01-27',NULL,NULL,NULL,0,0,0,NULL),(31,422,58,'2020-01-21 12:06:28',3,1,'pneumatika rendszer tömítettségének, ellenőrzése, egyes részegységek szemrevételezése',3,30,0,0,'ellenörzés',1,1,'2020-01-27',NULL,NULL,NULL,0,0,0,NULL),(32,424,423,'2020-01-21 12:15:56',3,1,'Kezelőpanelek működtető elemeinek szemrevételezése, vészgombok működésének ellenőrzése',3,30,0,0,'ellenörzés',1,1,'2020-01-30',NULL,NULL,NULL,0,0,0,NULL),(33,425,423,'2020-01-21 12:18:39',3,1,'pneumatika rendszer tömítettségének, ellenőrzése, egyes részegységek szemrevételezése',1,30,0,0,'ellenörzés',1,1,'2020-01-02',NULL,NULL,NULL,0,0,0,NULL),(34,403,28,'2020-01-21 14:56:13',3,1,'Kezelőpanelek működtető elemeinek szemrevételezése, vészgombok működésének ellenőrzése',1,30,0,0,'ellenörzés',1,1,'2020-01-02',NULL,NULL,NULL,0,0,0,NULL),(35,427,28,'2020-01-21 15:04:57',3,1,'pneumatika rendszer tömítettségének, ellenőrzése, egyes részegységek szemrevételezése',1,30,0,0,'ellenörzés',1,1,'2020-01-16',NULL,NULL,NULL,0,0,0,NULL),(36,233,233,'2020-01-22 13:27:47',3,1,'',1,7,0,0,'gépóraállások leolvasása',1,4,'2020-02-03',NULL,NULL,NULL,0,0,0,NULL),(37,139,139,'2020-01-22 13:28:22',3,1,'',3,7,0,0,'gépóraállások leolvasása',1,4,'2020-02-10',NULL,NULL,NULL,0,0,0,NULL),(38,60,58,'2020-01-22 13:42:42',3,1,'Csapágyak ellenőrzése, szükség szerint cseréje.',3,30,0,0,'vezetőhengerek ellenörzése',1,1,'2020-02-10',NULL,NULL,NULL,0,0,0,NULL),(39,233,233,'2020-01-22 13:44:10',3,1,'',3,30,0,0,'energiaórák leolvasása',1,4,'2020-02-03',NULL,NULL,NULL,0,0,0,NULL),(40,139,139,'2020-01-22 13:44:40',3,1,'',3,30,0,0,'energiaórák leolvasása',1,4,'2020-02-03',NULL,NULL,NULL,0,0,0,NULL),(41,34,1,'2020-01-22 13:51:24',3,1,'',3,0,0,0,'felsőkések élezése',0,1,'2020-01-08',NULL,NULL,NULL,0,0,0,NULL),(42,443,178,'2020-01-23 15:18:27',3,1,'szekrényszűrők ',1,30,0,0,'szekrényszűrők tisztítás',1,1,'2020-01-09',NULL,NULL,NULL,0,0,0,NULL),(43,448,447,'2020-01-24 06:16:54',3,1,'Hőcserélő tisztítása, vízszint ellenőrzése, esetleges vízszivárgások felderítése.',1,30,0,0,'ellenörzés, tisztítás',1,1,'2020-01-09',NULL,NULL,NULL,0,0,0,NULL),(44,450,450,'2020-01-24 08:24:56',3,1,'',3,14,0,0,'desztillált víz feltöltés',1,1,'2020-02-11',NULL,NULL,NULL,0,0,0,NULL),(45,457,118,'2020-01-24 09:00:34',3,1,'Meech antisztatizáló (10 db) tisztítása. Az emitter tűk legegyszerűbben fogkefével tisztíthatók, szüksége estén izopropilén alkohollal nedvesített ruha is használható. Ha a LED nem a zölden világít rajta, hanem a piros villog, akkor elszennyeződött és tisztítás szükséges.',3,30,0,0,'tisztítás',1,1,'2020-02-11',NULL,NULL,NULL,0,0,0,NULL),(46,124,118,'2020-01-24 10:34:31',3,1,'➢ Teljes gázégő rendszer tisztítása (szennyeződés, por) száraz ruhával, vagy porszívóval.\r\n➢ Szivárgásjelző spray-vel a csővezetékek és gazégő szivárgásmentességének ellenőrzése.\r\n➢ A teljes égőrendszer sérülésmentességének ellenőrzése szemrevételezéssel.\r\n➢ A vezérlőszekrény és hozzá tartozó kábelek épségének ellenőrzése.\r\n➢ A rudazat állapotának ellenőrzése (szervomotor és gázszelep között).',3,30,0,0,'gázégők ellenőrzése',1,1,'2020-02-12',NULL,NULL,NULL,0,0,0,NULL),(47,118,118,'2020-01-24 10:58:50',3,1,'',3,30,0,0,'fénysorompók tisztítása',1,1,'2020-02-11',NULL,NULL,NULL,0,0,0,NULL),(48,463,118,'2020-01-24 11:01:06',3,1,'',3,60,0,0,'klímák tisztítása',1,1,'2020-02-07',NULL,NULL,NULL,0,0,0,NULL),(49,460,118,'2020-01-24 11:03:07',3,1,'',3,30,0,0,'szenzorok tisztítása',1,1,'2020-02-11',NULL,NULL,NULL,0,0,0,NULL),(50,124,118,'2020-01-24 11:17:29',3,1,'',3,365,0,0,'Gázszűrők tisztítása',1,1,'2020-01-10',NULL,NULL,NULL,0,0,0,NULL),(51,465,465,'2020-01-24 11:43:13',3,1,'',3,14,0,0,'desztillált víz feltöltés',1,1,'2020-02-13',NULL,NULL,NULL,0,0,0,NULL),(52,118,118,'2020-01-24 11:45:36',3,1,'Koronakezelő lineáris csapágyainak zsírzása 1 -2 g zsír/csapágy\r\nTisztítsa meg a golyós kocsik sínjeit, zsírozza meg a golyós kocsikat. (Lakatos) Felhordó: nyomóhenger mozgatás, golyós kocsik (4 db), ellennyomóhenger golyós kocsik (2db), felhordófej mozgatás (2db). Kasírozó: gumihenger mozgatás, golyós kocsik (4 db). Letekercselő: nyomóhenger mozgatás, golyós kocsik (4 db).\r\n',3,30,0,0,'kenési pontok zsírzása',1,1,'2020-02-12',NULL,NULL,NULL,0,0,0,NULL),(53,58,58,'2020-01-24 12:25:58',3,1,'Hajtóművek olajszintjének ellenőrzése, szükség esetén feltöltésük. \r\nHajtószíjak állapotának és feszességének ellenőrzése a fel- és letekercselőknél, vákuumhengernél és az elszívó ventilátornál. \r\nForgó átvezetők (vízfejek) ellenőrzése, csöpögés esetén cseréjük.\r\nExpanziós tengelyek és befogófejek ellenőrzése.',1,30,0,0,'ellenőrzés',1,1,'2020-01-13',NULL,NULL,NULL,0,0,0,NULL),(54,58,58,'2020-01-24 12:33:20',3,1,'',3,90,0,0,'kenési pontok zsírzása',1,1,'2020-01-13',NULL,NULL,NULL,0,0,0,NULL),(55,144,118,'2020-01-25 13:39:26',3,1,'',3,30,0,0,'kondenzszűrő tisztítása',1,1,'2020-02-12',NULL,NULL,NULL,0,0,0,NULL),(56,468,118,'2020-01-25 13:42:25',3,1,'',3,180,0,0,'szűrőbetétek tisztítása',1,1,'2020-01-14',NULL,NULL,NULL,0,0,0,NULL),(57,451,58,'2020-01-25 14:45:47',3,1,'',3,60,0,0,'szekrényszűrők tisztítás',1,1,'2020-01-13',NULL,NULL,NULL,0,0,0,NULL),(58,470,58,'2020-01-25 15:55:19',3,1,'külső szemrevételezés, lángérzékelők hűtőlevegő csövének ellenőrzése',1,30,0,0,'ellenőrzés',1,1,'2020-01-13',NULL,NULL,NULL,0,0,0,NULL),(59,471,118,'2020-01-26 08:54:09',3,1,'Koronakezelő befúvó ventilátor szűrőjének tisztítása, szükség esetén cseréje.\r\n• Koronakezelő kerámia elektródáinak tisztítása. \r\n• Koronakezelő vezérlőszekrény ventilátor szűrőinek tisztítása. ',3,60,0,0,'tisztítás',1,1,'2020-02-12',NULL,NULL,NULL,0,0,0,NULL),(60,463,118,'2020-01-26 09:32:08',3,1,'Kezelőpanelek működtető elemeinek szemrevételezése, vészgombok működésének ellenőrzése',3,30,0,0,'ellenőrzés',1,1,'2020-02-12',NULL,NULL,NULL,0,0,0,NULL),(61,451,58,'2020-01-26 09:46:03',3,1,'',3,180,0,0,'portalanítás',1,1,'2020-01-27',NULL,NULL,NULL,0,0,0,NULL),(62,477,204,'2020-01-27 07:37:46',3,1,'',3,60,0,0,'szekrényszűrők tisztítása',1,1,'2020-01-15',NULL,NULL,NULL,0,0,0,NULL),(63,478,204,'2020-01-27 07:39:55',3,1,'jelzőlámpák kezelőszervek ellenőrzése, vészgombok, kötélkapcsolók próbája',1,30,0,0,'ellenőrzés',1,1,'2020-01-15',NULL,NULL,NULL,0,0,0,NULL),(64,475,204,'2020-01-27 07:44:52',3,1,'Ellenőrizze a kondenzátum elvezetést és szükség esetén tisztítsa meg a bemeneti szűrőt.\r\nlevegőszivárgások felderítése',1,30,0,0,'ellenörzés',1,1,'2020-01-15',NULL,NULL,NULL,0,0,0,NULL),(65,477,204,'2020-01-27 07:45:48',3,1,'',3,180,0,0,'portalanítás',1,1,'2020-02-06',NULL,NULL,NULL,0,0,0,NULL),(66,383,383,'2020-01-27 08:42:38',3,1,'általános mechanikai ellenőrzés',2,90,0,0,'ellenörzés',1,1,NULL,NULL,NULL,NULL,0,0,0,NULL),(67,479,204,'2020-01-27 08:57:24',3,1,'szűrők tisztítása, szükség szerint cseréje',3,30,0,0,'szűrők tisztítása',1,1,'2020-02-06',NULL,NULL,NULL,0,0,0,NULL),(68,204,204,'2020-01-27 08:59:43',3,1,'Kenje meg a letekercselők és feltekercselő a tekercstartó karok vezetőit orsóit általános\r\nolajjal.\r\nKenje meg a letekercselők és feltekercselő csapjait, amelyre a tekercstartó kúp rögzítve van\r\n(Zsír 1 kategóriából a Shell Super Grease G2).\r\nKenje meg a letekercselők és feltekercselő (Zsír 1) golyós csapágyait zsírzó pumpával zsírzó\r\nszemen keresztül.\r\nKenje meg általános olajjal a bevonó vezetősínjeit, amely a bevonó kocsi behelyezésére szolgál.',1,30,0,0,'kenési pontok zsírzása',1,1,'2020-01-15',NULL,NULL,NULL,0,0,0,NULL),(69,390,28,'2020-01-27 09:03:31',3,1,'szétszerelés, tisztítás, csúszóléc cseréje szükség szerint, összeszerelés',1,30,0,0,'karbantartás',1,1,'2020-01-16',NULL,NULL,NULL,0,0,0,NULL),(70,28,28,'2020-01-27 09:06:08',3,1,'',3,90,0,0,'hajtószíjak ellenőrzése',1,1,'2020-01-16',NULL,NULL,NULL,0,0,0,NULL),(71,28,28,'2020-01-27 09:08:24',3,1,'l',1,30,0,0,'kenési pontok zsírzása',1,1,'2020-01-16',NULL,NULL,NULL,0,0,0,NULL),(72,480,28,'2020-01-27 10:00:34',3,1,'',1,30,0,0,'szűrők tisztítása',1,1,'2020-01-16',NULL,NULL,NULL,0,0,0,NULL),(73,485,178,'2020-01-27 12:42:37',2,1,'',1,0,0,0,'köszörülni kell',0,1,NULL,NULL,NULL,NULL,0,0,0,NULL),(74,486,42,'2020-01-27 14:28:44',3,1,'Tömítettség ellenőrzése (csatlakozások, pneumatikus vezetékek épsége) \r\nEllenőrizze a kondenzátum elvezetést és tisztítsa meg a bemeneti szűrőt a felhordóműnél és letekercselőnél (csavarja ki az edényt és fújja ki sűrített levegővel, szükség esetén cserélje a szűrőt). (ICO gép a kasírozónál, Valco, hordómelegítők, puffer tartály, IST)',3,30,0,0,'ellenörzés',1,1,'2020-01-20',NULL,NULL,NULL,0,0,0,NULL),(75,488,42,'2020-01-27 14:31:03',3,1,'+Szellőzőventilátorok szűrőinek tisztítása',3,90,0,0,'klímák tisztítása',1,1,'2020-01-20',NULL,NULL,NULL,0,0,0,NULL),(76,42,42,'2020-01-27 14:34:02',3,1,'',3,30,0,0,'vezetőhengerek ellenőrzése',1,1,'2020-02-03',NULL,NULL,NULL,0,0,0,NULL),(77,42,42,'2020-01-27 14:35:49',3,1,'zsírzópontok, \"S\" hengerek fogaskerekei',3,30,0,0,'kenési pontok zsírzása',1,1,'2020-01-20',NULL,NULL,NULL,0,0,0,NULL),(78,42,42,'2020-01-27 14:36:50',3,1,'',3,365,0,0,'feszességmérők kalibrálása',1,1,'2020-02-13',NULL,NULL,NULL,0,0,0,NULL),(79,489,42,'2020-01-27 14:50:13',3,1,'',3,90,0,0,'ellenőrzés, tisztítás',1,1,'2020-01-20',NULL,NULL,NULL,0,0,0,NULL),(80,0,0,'2020-01-28 11:45:10',0,1,'',3,0,0,0,'csapágycsere',0,2,'2020-01-22',NULL,NULL,NULL,0,0,103,NULL),(81,437,178,'2020-01-29 09:34:23',3,1,'kommutátorok, szénkefék állapotfelmérése, levegővel való tisztítás',3,30,0,0,'villanymotorok ellenőrzése',1,1,'2020-02-05',NULL,NULL,NULL,0,0,0,NULL),(82,437,178,'2020-01-29 09:38:03',3,1,'',3,30,0,0,'szűrők tisztítása',1,1,'2020-01-24',NULL,NULL,NULL,0,0,0,NULL),(83,1,1,'2020-01-30 11:54:13',3,1,'lineáris csapágyak tisztítása, kenés',3,30,0,0,'tisztítás, kenés',1,1,'2020-01-29',NULL,NULL,NULL,0,0,0,NULL),(84,1,1,'2020-01-30 11:55:31',3,1,'feszesség, állapot ellenőrzése',3,90,0,0,'hajtószíjak ellenőrzése',1,1,'2020-01-29',NULL,NULL,NULL,0,0,0,NULL),(85,293,1,'2020-01-30 11:57:07',3,1,'Kezelőpanelek működtető elemeinek szemrevételezése, vészgombok működésének ellenőrzése',3,30,0,0,'ellenörzés',1,1,'2020-01-29',NULL,NULL,NULL,0,0,0,NULL),(86,509,1,'2020-01-30 11:58:37',3,1,'pneumatika rendszer tömítettségének, ellenőrzése, egyes részegységek szemrevételezése',3,30,0,0,'ellenőrzés',1,1,'2020-01-29',NULL,NULL,NULL,0,0,0,NULL),(87,510,1,'2020-01-30 11:59:38',3,1,'',3,30,0,0,'szűrők tisztítása',1,1,'2020-01-29',NULL,NULL,NULL,0,0,0,NULL),(88,510,1,'2020-01-30 13:08:10',3,1,'',3,60,0,0,'portalanítás',1,1,'2020-01-29',NULL,NULL,NULL,0,0,0,NULL),(89,517,517,'2020-01-31 11:41:54',3,1,'általános karbantartás',3,180,0,0,'ellenörzés',1,1,'2020-01-30',NULL,NULL,NULL,0,0,0,NULL),(90,428,58,'2020-02-04 11:44:39',3,1,'',1,0,0,0,'a szilikontartály fölé',0,3,NULL,NULL,NULL,NULL,0,0,0,NULL),(91,182,178,'2020-02-04 11:46:04',3,1,'',1,0,0,0,'csere',0,1,NULL,NULL,NULL,NULL,0,0,0,NULL),(92,522,178,'2020-02-04 11:54:24',3,1,'ellenőrzés, szükség szerint hézagolás',3,30,0,0,'befogópofák ellenőrzése',1,1,'2020-02-05',NULL,NULL,NULL,0,0,0,NULL),(93,531,171,'2020-02-04 14:38:39',3,1,'hőcserélő kifúvása',1,14,0,0,'tisztítás',1,1,NULL,NULL,NULL,NULL,0,0,0,NULL),(94,155,170,'2020-02-04 14:39:38',3,1,'sűrített levegővel való kifúvás',1,14,0,0,'tisztítás',1,1,NULL,NULL,NULL,NULL,0,0,0,NULL),(95,100,58,'2020-02-04 14:41:16',3,1,'hőcserélő levegővel való kifúvása',1,30,0,0,'tisztítás',1,1,NULL,NULL,NULL,NULL,0,0,0,NULL),(96,518,58,'2020-02-04 14:42:07',3,1,'hőcserélő levegővel való kifúvása',1,30,0,0,'tisztítás',1,1,NULL,NULL,NULL,NULL,0,0,0,NULL),(97,535,233,'2020-02-05 07:26:59',3,1,'új ipari 230V dugalj kiépítése a fedő letekercselőhöz',1,0,0,0,'új felszerelése',0,3,NULL,NULL,NULL,NULL,0,0,0,NULL),(98,218,1,'2020-02-06 15:12:51',1,1,'',3,0,0,0,'betörték ->csere',0,2,'2020-02-06',NULL,NULL,NULL,0,0,0,NULL),(99,423,423,'2020-02-07 06:05:01',3,1,'',3,30,0,0,'kenési pontok zsírzása',1,1,'2020-02-07',NULL,NULL,NULL,0,0,0,NULL),(100,423,423,'2020-02-07 06:05:27',3,1,'',3,90,0,0,'hajtószíjak ellenőrzése',1,1,'2020-02-07',NULL,NULL,NULL,0,0,0,NULL),(101,543,423,'2020-02-07 06:08:31',3,1,'szétszerelés, tisztítás, csúszóléc cseréje szükség szerint, összeszerelés',3,30,0,0,'tisztítás',1,1,'2020-02-07',NULL,NULL,NULL,0,0,0,NULL),(102,119,118,'2020-02-07 07:44:25',3,1,'szűrők, levegőszivárgások ellenőrzése',3,30,0,0,'ellenőrzés',1,1,'2020-02-12',NULL,NULL,NULL,0,0,0,NULL),(103,545,118,'2020-02-07 07:53:06',3,1,'NDC mérőfejek tisztítása, lágy szöszmentes ruhával,\r\nlineáris csapágyainak kiszerelése a mérőhídból, azok megtisztítása, és újra zsírozása\r\nlineáris csapágytengelyek tisztítása zsírtalanítóval nedvesített papírkendővel\r\n',1,180,0,0,'ellenőrzés tisztítás',1,1,NULL,NULL,NULL,NULL,0,0,0,NULL),(104,546,118,'2020-02-07 07:57:51',3,1,'NEFF gyártmányú orsós hajtóművek orsóiról a régi zsír eltávolítása és friss zsírral való ellátása. (Hűtőszakasz 4 db, Szárítók 6 db, Felhordó 2 db) Zsírtípus: NEFF Grease 2 / MOL Liton 2M',3,365,0,0,'tisztítás, zsírzás',1,1,'2020-02-12',NULL,NULL,NULL,0,0,0,NULL),(105,460,118,'2020-02-07 09:09:47',3,1,'billenőkeret csúszóelemeinek tisztítása, kenése',3,180,0,0,'kenés',1,1,'2020-02-12',NULL,NULL,NULL,0,0,0,NULL),(106,205,204,'2020-02-07 12:33:51',3,1,'hőcserélő tisztítása',3,60,0,0,'tisztítás',1,1,'2020-02-06',NULL,NULL,NULL,0,0,0,NULL),(107,521,178,'2020-02-10 08:11:36',3,1,'',3,30,0,0,'befogópofák ellenőrzése',1,1,'2020-02-06',NULL,NULL,NULL,0,0,0,NULL),(108,563,423,'2020-02-10 08:30:49',3,1,'szétszerelés, tisztítás, csúszóléc cseréje szükség szerint, összeszerelés',3,30,0,0,'tisztítás',1,1,'2020-02-07',NULL,NULL,NULL,0,0,0,NULL),(109,123,118,'2020-02-10 14:56:33',3,1,'',3,30,0,0,'befogópofák ellenőrzése',1,1,'2020-02-12',NULL,NULL,NULL,0,0,0,NULL),(110,122,118,'2020-02-10 14:57:34',3,1,'',3,30,0,0,'befogópofák ellenőrzése',1,1,'2020-02-12',NULL,NULL,NULL,0,0,0,NULL),(111,121,118,'2020-02-10 14:58:12',3,1,'',3,30,0,0,'befogópofák ellenőrzése',1,1,'2020-02-12',NULL,NULL,NULL,0,0,0,NULL),(112,566,58,'2020-02-12 06:40:07',2,1,'időnként leáll: \"No flam at the end of...\", + AZL hiba\r\ngyújtóelektródát ellenőrizni, tisztítani, árnyékolásokat ellenőrizni ',3,0,0,0,'ellenörzés',0,1,'2020-02-10',NULL,NULL,NULL,0,0,0,NULL),(113,184,58,'2020-02-12 06:41:47',2,1,'lassan melegszik fel, állítani kell a gázszelep max. csavarján',3,0,0,0,'ellenörzés',0,1,'2020-02-10',NULL,NULL,NULL,0,0,0,NULL),(114,575,233,'2020-02-12 06:45:15',3,1,'a labor hotmelt géphez',3,0,0,0,'levegőcsatlakozás kiépítése',0,1,'2020-02-11',NULL,NULL,NULL,0,0,0,NULL),(115,577,58,'2020-02-12 12:37:10',3,1,'',3,30,0,0,'szíjfeszesség ellenőrzése',1,1,'2020-02-10',NULL,NULL,NULL,0,0,0,NULL),(116,578,178,'2020-02-12 12:39:41',3,1,'',3,365,0,0,'általános karbantartás',1,1,'2020-02-10',NULL,NULL,NULL,0,0,0,NULL),(117,579,178,'2020-02-12 12:40:17',3,1,'',3,365,0,0,'általános karbantartás',1,1,'2020-02-10',NULL,NULL,NULL,0,0,0,NULL),(118,581,58,'2020-02-12 12:54:03',3,1,'',3,30,0,0,'ékszíj ellenőrzése',1,1,'2020-02-10',NULL,NULL,NULL,0,0,0,NULL),(119,582,118,'2020-02-12 13:44:08',3,1,'szűrők, levegőszivárgások ellenőrzése',3,30,0,0,'ellenörzés',1,1,'2020-02-12',NULL,NULL,NULL,0,0,0,NULL),(120,583,118,'2020-02-12 13:45:04',3,1,'szűrők, levegőszivárgások ellenőrzése',3,30,0,0,'ellenörzés',1,1,'2020-02-12',NULL,NULL,NULL,0,0,0,NULL),(122,593,42,'2020-02-13 13:08:08',2,1,'',3,0,0,0,'ellenőrzés',0,2,'2020-02-14',NULL,NULL,NULL,0,0,0,NULL),(123,595,233,'2020-02-14 12:05:41',3,1,'',2,0,0,0,'csere',0,3,NULL,NULL,NULL,NULL,0,0,0,NULL),(124,130,103,'2020-02-14 12:08:17',3,1,'',1,0,0,0,'sziréna áthelyezése',0,3,NULL,NULL,NULL,NULL,0,0,0,NULL),(125,557,233,'2020-02-14 12:09:42',3,1,'befúvó oldali falon a kábelcsatornákat igazítani kell',1,0,0,0,'kábelek megfelelő vezetése',0,1,NULL,NULL,NULL,NULL,0,0,0,NULL),(126,597,118,'2020-02-14 12:21:30',3,1,'szűrők, levegőszivárgások ellenőrzése',3,30,0,0,'ellenörzés',1,1,'2020-02-12',NULL,NULL,NULL,0,0,0,NULL);
/*!40000 ALTER TABLE `workrequests` ENABLE KEYS */;
UNLOCK TABLES;
/*!40103 SET TIME_ZONE=@OLD_TIME_ZONE */;

/*!40101 SET SQL_MODE=@OLD_SQL_MODE */;
/*!40014 SET FOREIGN_KEY_CHECKS=@OLD_FOREIGN_KEY_CHECKS */;
/*!40014 SET UNIQUE_CHECKS=@OLD_UNIQUE_CHECKS */;
/*!40101 SET CHARACTER_SET_CLIENT=@OLD_CHARACTER_SET_CLIENT */;
/*!40101 SET CHARACTER_SET_RESULTS=@OLD_CHARACTER_SET_RESULTS */;
/*!40101 SET COLLATION_CONNECTION=@OLD_COLLATION_CONNECTION */;
/*!40111 SET SQL_NOTES=@OLD_SQL_NOTES */;

-- Dump completed on 2021-01-03 10:28:43
